[DEBUG] main_gui.py: __main__ hit
QFactoryLoader::QFactoryLoader() checking directory path "/home/aharonijetson1/Desktop/imaan-dev/STIMViewer/venv/lib/python3.8/site-packages/cv2/qt/plugins" ...
QFactoryLoader::QFactoryLoader() checking directory path "/usr/lib/aarch64-linux-gnu/qt5/plugins" ...
QFactoryLoader::QFactoryLoader() checking directory path "/usr/bin" ...
QFactoryLoader::QFactoryLoader() looking at "/usr/bin/2to3-2.7"
QElfParser: '/usr/bin/2to3-2.7' is not an ELF object
"'/usr/bin/2to3-2.7' is not an ELF object" 
         not a plugin
QFactoryLoader::QFactoryLoader() looking at "/usr/bin/["
"Failed to extract plugin meta data from '/usr/bin/['" 
         not a plugin
QFactoryLoader::QFactoryLoader() looking at "/usr/bin/aa-enabled"
"Failed to extract plugin meta data from '/usr/bin/aa-enabled'" 
         not a plugin
QFactoryLoader::QFactoryLoader() looking at "/usr/bin/aa-exec"
"Failed to extract plugin meta data from '/usr/bin/aa-exec'" 
         not a plugin
QFactoryLoader::QFactoryLoader() looking at "/usr/bin/aarch64-linux-gnu-addr2line"
"Failed to extract plugin meta data from '/usr/bin/aarch64-linux-gnu-addr2line'" 
         not a plugin
QFactoryLoader::QFactoryLoader() looking at "/usr/bin/aarch64-linux-gnu-ar"
"Failed to extract plugin meta data from '/usr/bin/aarch64-linux-gnu-ar'" 
         not a plugin
QFactoryLoader::QFactoryLoader() looking at "/usr/bin/aarch64-linux-gnu-as"
"Failed to extract plugin meta data from '/usr/bin/aarch64-linux-gnu-as'" 
         not a plugin
QFactoryLoader::QFactoryLoader() looking at "/usr/bin/aarch64-linux-gnu-c++filt"
"Failed to extract plugin meta data from '/usr/bin/aarch64-linux-gnu-c++filt'" 
         not a plugin
QFactoryLoader::QFactoryLoader() looking at "/usr/bin/aarch64-linux-gnu-cpp"
"Failed to extract plugin meta data from '/usr/bin/aarch64-linux-gnu-cpp-9'" 
         not a plugin
QFactoryLoader::QFactoryLoader() looking at "/usr/bin/aarch64-linux-gnu-cpp-9"
"Failed to extract plugin meta data from '/usr/bin/aarch64-linux-gnu-cpp-9'" 
         not a plugin
QFactoryLoader::QFactoryLoader() looking at "/usr/bin/aarch64-linux-gnu-dwp"
"Failed to extract plugin meta data from '/usr/bin/aarch64-linux-gnu-dwp'" 
         not a plugin
QFactoryLoader::QFactoryLoader() looking at "/usr/bin/aarch64-linux-gnu-elfedit"
"Failed to extract plugin meta data from '/usr/bin/aarch64-linux-gnu-elfedit'" 
         not a plugin
QFactoryLoader::QFactoryLoader() looking at "/usr/bin/aarch64-linux-gnu-g++"
"Failed to extract plugin meta data from '/usr/bin/aarch64-linux-gnu-g++-9'" 
         not a plugin
QFactoryLoader::QFactoryLoader() looking at "/usr/bin/aarch64-linux-gnu-g++-9"
"Failed to extract plugin meta data from '/usr/bin/aarch64-linux-gnu-g++-9'" 
         not a plugin
QFactoryLoader::QFactoryLoader() looking at "/usr/bin/aarch64-linux-gnu-gcc"
"Failed to extract plugin meta data from '/usr/bin/aarch64-linux-gnu-gcc-9'" 
         not a plugin
QFactoryLoader::QFactoryLoader() looking at "/usr/bin/aarch64-linux-gnu-gcc-9"
"Failed to extract plugin meta data from '/usr/bin/aarch64-linux-gnu-gcc-9'" 
         not a plugin
QFactoryLoader::QFactoryLoader() looking at "/usr/bin/aarch64-linux-gnu-gcc-ar"
"Failed to extract plugin meta data from '/usr/bin/aarch64-linux-gnu-gcc-ar-9'" 
         not a plugin
QFactoryLoader::QFactoryLoader() looking at "/usr/bin/aarch64-linux-gnu-gcc-ar-9"
"Failed to extract plugin meta data from '/usr/bin/aarch64-linux-gnu-gcc-ar-9'" 
         not a plugin
QFactoryLoader::QFactoryLoader() looking at "/usr/bin/aarch64-linux-gnu-gcc-nm"
"Failed to extract plugin meta data from '/usr/bin/aarch64-linux-gnu-gcc-nm-9'" 
         not a plugin
QFactoryLoader::QFactoryLoader() looking at "/usr/bin/aarch64-linux-gnu-gcc-nm-9"
"Failed to extract plugin meta data from '/usr/bin/aarch64-linux-gnu-gcc-nm-9'" 
         not a plugin
QFactoryLoader::QFactoryLoader() looking at "/usr/bin/aarch64-linux-gnu-gcc-ranlib"
"Failed to extract plugin meta data from '/usr/bin/aarch64-linux-gnu-gcc-ranlib-9'" 
         not a plugin
QFactoryLoader::QFactoryLoader() looking at "/usr/bin/aarch64-linux-gnu-gcc-ranlib-9"
"Failed to extract plugin meta data from '/usr/bin/aarch64-linux-gnu-gcc-ranlib-9'" 
         not a plugin
QFactoryLoader::QFactoryLoader() looking at "/usr/bin/aarch64-linux-gnu-gcov"
"Failed to extract plugin meta data from '/usr/bin/aarch64-linux-gnu-gcov-9'" 
         not a plugin
QFactoryLoader::QFactoryLoader() looking at "/usr/bin/aarch64-linux-gnu-gcov-9"
"Failed to extract plugin meta data from '/usr/bin/aarch64-linux-gnu-gcov-9'" 
         not a plugin
QFactoryLoader::QFactoryLoader() looking at "/usr/bin/aarch64-linux-gnu-gcov-dump"
"Failed to extract plugin meta data from '/usr/bin/aarch64-linux-gnu-gcov-dump-9'" 
         not a plugin
QFactoryLoader::QFactoryLoader() looking at "/usr/bin/aarch64-linux-gnu-gcov-dump-9"
"Failed to extract plugin meta data from '/usr/bin/aarch64-linux-gnu-gcov-dump-9'" 
         not a plugin
QFactoryLoader::QFactoryLoader() looking at "/usr/bin/aarch64-linux-gnu-gcov-tool"
"Failed to extract plugin meta data from '/usr/bin/aarch64-linux-gnu-gcov-tool-9'" 
         not a plugin
QFactoryLoader::QFactoryLoader() looking at "/usr/bin/aarch64-linux-gnu-gcov-tool-9"
"Failed to extract plugin meta data from '/usr/bin/aarch64-linux-gnu-gcov-tool-9'" 
         not a plugin
QFactoryLoader::QFactoryLoader() looking at "/usr/bin/aarch64-linux-gnu-gfortran"
"Failed to extract plugin meta data from '/usr/bin/aarch64-linux-gnu-gfortran-9'" 
         not a plugin
QFactoryLoader::QFactoryLoader() looking at "/usr/bin/aarch64-linux-gnu-gfortran-9"
"Failed to extract plugin meta data from '/usr/bin/aarch64-linux-gnu-gfortran-9'" 
         not a plugin
QFactoryLoader::QFactoryLoader() looking at "/usr/bin/aarch64-linux-gnu-gold"
"Failed to extract plugin meta data from '/usr/bin/aarch64-linux-gnu-ld.gold'" 
         not a plugin
QFactoryLoader::QFactoryLoader() looking at "/usr/bin/aarch64-linux-gnu-gprof"
"Failed to extract plugin meta data from '/usr/bin/aarch64-linux-gnu-gprof'" 
         not a plugin
QFactoryLoader::QFactoryLoader() looking at "/usr/bin/aarch64-linux-gnu-ld"
"Failed to extract plugin meta data from '/usr/bin/aarch64-linux-gnu-ld.bfd'" 
         not a plugin
QFactoryLoader::QFactoryLoader() looking at "/usr/bin/aarch64-linux-gnu-ld.bfd"
"Failed to extract plugin meta data from '/usr/bin/aarch64-linux-gnu-ld.bfd'" 
         not a plugin
QFactoryLoader::QFactoryLoader() looking at "/usr/bin/aarch64-linux-gnu-ld.gold"
"Failed to extract plugin meta data from '/usr/bin/aarch64-linux-gnu-ld.gold'" 
         not a plugin
QFactoryLoader::QFactoryLoader() looking at "/usr/bin/aarch64-linux-gnu-nm"
"Failed to extract plugin meta data from '/usr/bin/aarch64-linux-gnu-nm'" 
         not a plugin
QFactoryLoader::QFactoryLoader() looking at "/usr/bin/aarch64-linux-gnu-objcopy"
"Failed to extract plugin meta data from '/usr/bin/aarch64-linux-gnu-objcopy'" 
         not a plugin
QFactoryLoader::QFactoryLoader() looking at "/usr/bin/aarch64-linux-gnu-objdump"
"Failed to extract plugin meta data from '/usr/bin/aarch64-linux-gnu-objdump'" 
         not a plugin
QFactoryLoader::QFactoryLoader() looking at "/usr/bin/aarch64-linux-gnu-pkg-config"
QElfParser: '/usr/share/pkg-config-crosswrapper' is not an ELF object
"'/usr/share/pkg-config-crosswrapper' is not an ELF object" 
         not a plugin
QFactoryLoader::QFactoryLoader() looking at "/usr/bin/aarch64-linux-gnu-python3-config"
QElfParser: '/usr/bin/aarch64-linux-gnu-python3.8-config' is not an ELF object
"'/usr/bin/aarch64-linux-gnu-python3.8-config' is not an ELF object" 
         not a plugin
QFactoryLoader::QFactoryLoader() looking at "/usr/bin/aarch64-linux-gnu-python3.8-config"
QElfParser: '/usr/bin/aarch64-linux-gnu-python3.8-config' is not an ELF object
"'/usr/bin/aarch64-linux-gnu-python3.8-config' is not an ELF object" 
         not a plugin
QFactoryLoader::QFactoryLoader() looking at "/usr/bin/aarch64-linux-gnu-qmake"
QElfParser: '/usr/bin/aarch64-linux-gnu-qmake' is not an ELF object
"'/usr/bin/aarch64-linux-gnu-qmake' is not an ELF object" 
         not a plugin
QFactoryLoader::QFactoryLoader() looking at "/usr/bin/aarch64-linux-gnu-ranlib"
"Failed to extract plugin meta data from '/usr/bin/aarch64-linux-gnu-ranlib'" 
         not a plugin
QFactoryLoader::QFactoryLoader() looking at "/usr/bin/aarch64-linux-gnu-readelf"
"Failed to extract plugin meta data from '/usr/bin/aarch64-linux-gnu-readelf'" 
         not a plugin
QFactoryLoader::QFactoryLoader() looking at "/usr/bin/aarch64-linux-gnu-run"
"Failed to extract plugin meta data from '/usr/bin/aarch64-linux-gnu-run'" 
         not a plugin
QFactoryLoader::QFactoryLoader() looking at "/usr/bin/aarch64-linux-gnu-size"
"Failed to extract plugin meta data from '/usr/bin/aarch64-linux-gnu-size'" 
         not a plugin
QFactoryLoader::QFactoryLoader() looking at "/usr/bin/aarch64-linux-gnu-strings"
"Failed to extract plugin meta data from '/usr/bin/aarch64-linux-gnu-strings'" 
         not a plugin
QFactoryLoader::QFactoryLoader() looking at "/usr/bin/aarch64-linux-gnu-strip"
"Failed to extract plugin meta data from '/usr/bin/aarch64-linux-gnu-strip'" 
         not a plugin
QFactoryLoader::QFactoryLoader() looking at "/usr/bin/aarch64-unknown-linux-gnu-pkg-config"
"Failed to extract plugin meta data from '/usr/bin/aarch64-unknown-linux-gnu-pkg-config'" 
         not a plugin
QFactoryLoader::QFactoryLoader() looking at "/usr/bin/aclocal"
QElfParser: '/usr/bin/aclocal-1.16' is not an ELF object
"'/usr/bin/aclocal-1.16' is not an ELF object" 
         not a plugin
QFactoryLoader::QFactoryLoader() looking at "/usr/bin/aclocal-1.16"
QElfParser: '/usr/bin/aclocal-1.16' is not an ELF object
"'/usr/bin/aclocal-1.16' is not an ELF object" 
         not a plugin
QFactoryLoader::QFactoryLoader() looking at "/usr/bin/aconnect"
"Failed to extract plugin meta data from '/usr/bin/aconnect'" 
         not a plugin
QFactoryLoader::QFactoryLoader() looking at "/usr/bin/add-apt-repository"
QElfParser: '/usr/bin/add-apt-repository' is not an ELF object
"'/usr/bin/add-apt-repository' is not an ELF object" 
         not a plugin
QFactoryLoader::QFactoryLoader() looking at "/usr/bin/addpart"
"Failed to extract plugin meta data from '/usr/bin/addpart'" 
         not a plugin
QFactoryLoader::QFactoryLoader() looking at "/usr/bin/addr2line"
"Failed to extract plugin meta data from '/usr/bin/aarch64-linux-gnu-addr2line'" 
         not a plugin
QFactoryLoader::QFactoryLoader() looking at "/usr/bin/alsabat"
"Failed to extract plugin meta data from '/usr/bin/alsabat'" 
         not a plugin
QFactoryLoader::QFactoryLoader() looking at "/usr/bin/alsaloop"
"Failed to extract plugin meta data from '/usr/bin/alsaloop'" 
         not a plugin
QFactoryLoader::QFactoryLoader() looking at "/usr/bin/alsamixer"
"Failed to extract plugin meta data from '/usr/bin/alsamixer'" 
         not a plugin
QFactoryLoader::QFactoryLoader() looking at "/usr/bin/alsatplg"
"Failed to extract plugin meta data from '/usr/bin/alsatplg'" 
         not a plugin
QFactoryLoader::QFactoryLoader() looking at "/usr/bin/alsaucm"
"Failed to extract plugin meta data from '/usr/bin/alsaucm'" 
         not a plugin
QFactoryLoader::QFactoryLoader() looking at "/usr/bin/amidi"
"Failed to extract plugin meta data from '/usr/bin/amidi'" 
         not a plugin
QFactoryLoader::QFactoryLoader() looking at "/usr/bin/amixer"
"Failed to extract plugin meta data from '/usr/bin/amixer'" 
         not a plugin
QFactoryLoader::QFactoryLoader() looking at "/usr/bin/apg"
QElfParser: '/usr/bin/apg' is not an ELF object
"'/usr/bin/apg' is not an ELF object" 
         not a plugin
QFactoryLoader::QFactoryLoader() looking at "/usr/bin/apgbfm"
"Failed to extract plugin meta data from '/usr/bin/apgbfm'" 
         not a plugin
QFactoryLoader::QFactoryLoader() looking at "/usr/bin/aplay"
"Failed to extract plugin meta data from '/usr/bin/aplay'" 
         not a plugin
QFactoryLoader::QFactoryLoader() looking at "/usr/bin/aplaymidi"
"Failed to extract plugin meta data from '/usr/bin/aplaymidi'" 
         not a plugin
QFactoryLoader::QFactoryLoader() looking at "/usr/bin/apport-bug"
QElfParser: '/usr/bin/apport-bug' is not an ELF object
"'/usr/bin/apport-bug' is not an ELF object" 
         not a plugin
QFactoryLoader::QFactoryLoader() looking at "/usr/bin/apport-cli"
QElfParser: '/usr/bin/apport-cli' is not an ELF object
"'/usr/bin/apport-cli' is not an ELF object" 
         not a plugin
QFactoryLoader::QFactoryLoader() looking at "/usr/bin/apport-collect"
QElfParser: '/usr/bin/apport-bug' is not an ELF object
"'/usr/bin/apport-bug' is not an ELF object" 
         not a plugin
QFactoryLoader::QFactoryLoader() looking at "/usr/bin/apport-unpack"
QElfParser: '/usr/bin/apport-unpack' is not an ELF object
"'/usr/bin/apport-unpack' is not an ELF object" 
         not a plugin
QFactoryLoader::QFactoryLoader() looking at "/usr/bin/appres"
"Failed to extract plugin meta data from '/usr/bin/appres'" 
         not a plugin
QFactoryLoader::QFactoryLoader() looking at "/usr/bin/appstreamcli"
"Failed to extract plugin meta data from '/usr/bin/appstreamcli'" 
         not a plugin
QFactoryLoader::QFactoryLoader() looking at "/usr/bin/apropos"
"Failed to extract plugin meta data from '/usr/bin/whatis'" 
         not a plugin
QFactoryLoader::QFactoryLoader() looking at "/usr/bin/apt"
"Failed to extract plugin meta data from '/usr/bin/apt'" 
         not a plugin
QFactoryLoader::QFactoryLoader() looking at "/usr/bin/apt-add-repository"
QElfParser: '/usr/bin/add-apt-repository' is not an ELF object
"'/usr/bin/add-apt-repository' is not an ELF object" 
         not a plugin
QFactoryLoader::QFactoryLoader() looking at "/usr/bin/apt-cache"
"Failed to extract plugin meta data from '/usr/bin/apt-cache'" 
         not a plugin
QFactoryLoader::QFactoryLoader() looking at "/usr/bin/apt-cdrom"
"Failed to extract plugin meta data from '/usr/bin/apt-cdrom'" 
         not a plugin
QFactoryLoader::QFactoryLoader() looking at "/usr/bin/apt-config"
"Failed to extract plugin meta data from '/usr/bin/apt-config'" 
         not a plugin
QFactoryLoader::QFactoryLoader() looking at "/usr/bin/apt-extracttemplates"
"Failed to extract plugin meta data from '/usr/bin/apt-extracttemplates'" 
         not a plugin
QFactoryLoader::QFactoryLoader() looking at "/usr/bin/apt-ftparchive"
"Failed to extract plugin meta data from '/usr/bin/apt-ftparchive'" 
         not a plugin
QFactoryLoader::QFactoryLoader() looking at "/usr/bin/apt-get"
"Failed to extract plugin meta data from '/usr/bin/apt-get'" 
         not a plugin
QFactoryLoader::QFactoryLoader() looking at "/usr/bin/apt-key"
QElfParser: '/usr/bin/apt-key' is not an ELF object
"'/usr/bin/apt-key' is not an ELF object" 
         not a plugin
QFactoryLoader::QFactoryLoader() looking at "/usr/bin/apt-mark"
"Failed to extract plugin meta data from '/usr/bin/apt-mark'" 
         not a plugin
QFactoryLoader::QFactoryLoader() looking at "/usr/bin/apt-sortpkgs"
"Failed to extract plugin meta data from '/usr/bin/apt-sortpkgs'" 
         not a plugin
QFactoryLoader::QFactoryLoader() looking at "/usr/bin/aptdcon"
QElfParser: '/usr/bin/aptdcon' is not an ELF object
"'/usr/bin/aptdcon' is not an ELF object" 
         not a plugin
QFactoryLoader::QFactoryLoader() looking at "/usr/bin/apturl"
QElfParser: '/usr/bin/apturl' is not an ELF object
"'/usr/bin/apturl' is not an ELF object" 
         not a plugin
QFactoryLoader::QFactoryLoader() looking at "/usr/bin/apturl-gtk"
QElfParser: '/usr/bin/apturl-gtk' is not an ELF object
"'/usr/bin/apturl-gtk' is not an ELF object" 
         not a plugin
QFactoryLoader::QFactoryLoader() looking at "/usr/bin/ar"
"Failed to extract plugin meta data from '/usr/bin/aarch64-linux-gnu-ar'" 
         not a plugin
QFactoryLoader::QFactoryLoader() looking at "/usr/bin/arch"
"Failed to extract plugin meta data from '/usr/bin/arch'" 
         not a plugin
QFactoryLoader::QFactoryLoader() looking at "/usr/bin/arecord"
"Failed to extract plugin meta data from '/usr/bin/aplay'" 
         not a plugin
QFactoryLoader::QFactoryLoader() looking at "/usr/bin/arecordmidi"
"Failed to extract plugin meta data from '/usr/bin/arecordmidi'" 
         not a plugin
QFactoryLoader::QFactoryLoader() looking at "/usr/bin/as"
"Failed to extract plugin meta data from '/usr/bin/aarch64-linux-gnu-as'" 
         not a plugin
QFactoryLoader::QFactoryLoader() looking at "/usr/bin/asc2log"
"Failed to extract plugin meta data from '/usr/bin/asc2log'" 
         not a plugin
QFactoryLoader::QFactoryLoader() looking at "/usr/bin/aseqdump"
"Failed to extract plugin meta data from '/usr/bin/aseqdump'" 
         not a plugin
QFactoryLoader::QFactoryLoader() looking at "/usr/bin/aseqnet"
"Failed to extract plugin meta data from '/usr/bin/aseqnet'" 
         not a plugin
QFactoryLoader::QFactoryLoader() looking at "/usr/bin/aspell"
"Failed to extract plugin meta data from '/usr/bin/aspell'" 
         not a plugin
QFactoryLoader::QFactoryLoader() looking at "/usr/bin/aspell-import"
QElfParser: '/usr/bin/aspell-import' is not an ELF object
"'/usr/bin/aspell-import' is not an ELF object" 
         not a plugin
QFactoryLoader::QFactoryLoader() looking at "/usr/bin/assistant"
"Failed to extract plugin meta data from '/usr/bin/qtchooser'" 
         not a plugin
QFactoryLoader::QFactoryLoader() looking at "/usr/bin/atobm"
"Failed to extract plugin meta data from '/usr/bin/atobm'" 
         not a plugin
QFactoryLoader::QFactoryLoader() looking at "/usr/bin/autoconf"
QElfParser: '/usr/bin/autoconf' is not an ELF object
"'/usr/bin/autoconf' is not an ELF object" 
         not a plugin
QFactoryLoader::QFactoryLoader() looking at "/usr/bin/autoheader"
QElfParser: '/usr/bin/autoheader' is not an ELF object
"'/usr/bin/autoheader' is not an ELF object" 
         not a plugin
QFactoryLoader::QFactoryLoader() looking at "/usr/bin/autom4te"
QElfParser: '/usr/bin/autom4te' is not an ELF object
"'/usr/bin/autom4te' is not an ELF object" 
         not a plugin
QFactoryLoader::QFactoryLoader() looking at "/usr/bin/automake"
QElfParser: '/usr/bin/automake-1.16' is not an ELF object
"'/usr/bin/automake-1.16' is not an ELF object" 
         not a plugin
QFactoryLoader::QFactoryLoader() looking at "/usr/bin/automake-1.16"
QElfParser: '/usr/bin/automake-1.16' is not an ELF object
"'/usr/bin/automake-1.16' is not an ELF object" 
         not a plugin
QFactoryLoader::QFactoryLoader() looking at "/usr/bin/autoreconf"
QElfParser: '/usr/bin/autoreconf' is not an ELF object
"'/usr/bin/autoreconf' is not an ELF object" 
         not a plugin
QFactoryLoader::QFactoryLoader() looking at "/usr/bin/autoscan"
QElfParser: '/usr/bin/autoscan' is not an ELF object
"'/usr/bin/autoscan' is not an ELF object" 
         not a plugin
QFactoryLoader::QFactoryLoader() looking at "/usr/bin/autoupdate"
QElfParser: '/usr/bin/autoupdate' is not an ELF object
"'/usr/bin/autoupdate' is not an ELF object" 
         not a plugin
QFactoryLoader::QFactoryLoader() looking at "/usr/bin/avahi-browse"
"Failed to extract plugin meta data from '/usr/bin/avahi-browse'" 
         not a plugin
QFactoryLoader::QFactoryLoader() looking at "/usr/bin/avahi-browse-domains"
"Failed to extract plugin meta data from '/usr/bin/avahi-browse'" 
         not a plugin
QFactoryLoader::QFactoryLoader() looking at "/usr/bin/avahi-publish"
"Failed to extract plugin meta data from '/usr/bin/avahi-publish'" 
         not a plugin
QFactoryLoader::QFactoryLoader() looking at "/usr/bin/avahi-publish-address"
"Failed to extract plugin meta data from '/usr/bin/avahi-publish'" 
         not a plugin
QFactoryLoader::QFactoryLoader() looking at "/usr/bin/avahi-publish-service"
"Failed to extract plugin meta data from '/usr/bin/avahi-publish'" 
         not a plugin
QFactoryLoader::QFactoryLoader() looking at "/usr/bin/avahi-resolve"
"Failed to extract plugin meta data from '/usr/bin/avahi-resolve'" 
         not a plugin
QFactoryLoader::QFactoryLoader() looking at "/usr/bin/avahi-resolve-address"
"Failed to extract plugin meta data from '/usr/bin/avahi-resolve'" 
         not a plugin
QFactoryLoader::QFactoryLoader() looking at "/usr/bin/avahi-resolve-host-name"
"Failed to extract plugin meta data from '/usr/bin/avahi-resolve'" 
         not a plugin
QFactoryLoader::QFactoryLoader() looking at "/usr/bin/avahi-set-host-name"
"Failed to extract plugin meta data from '/usr/bin/avahi-set-host-name'" 
         not a plugin
QFactoryLoader::QFactoryLoader() looking at "/usr/bin/awk"
"Failed to extract plugin meta data from '/usr/bin/mawk'" 
         not a plugin
QFactoryLoader::QFactoryLoader() looking at "/usr/bin/axfer"
"Failed to extract plugin meta data from '/usr/bin/axfer'" 
         not a plugin
QFactoryLoader::QFactoryLoader() looking at "/usr/bin/b2sum"
"Failed to extract plugin meta data from '/usr/bin/b2sum'" 
         not a plugin
QFactoryLoader::QFactoryLoader() looking at "/usr/bin/baobab"
"Failed to extract plugin meta data from '/usr/bin/baobab'" 
         not a plugin
QFactoryLoader::QFactoryLoader() looking at "/usr/bin/base32"
"Failed to extract plugin meta data from '/usr/bin/base32'" 
         not a plugin
QFactoryLoader::QFactoryLoader() looking at "/usr/bin/base64"
"Failed to extract plugin meta data from '/usr/bin/base64'" 
         not a plugin
QFactoryLoader::QFactoryLoader() looking at "/usr/bin/basename"
"Failed to extract plugin meta data from '/usr/bin/basename'" 
         not a plugin
QFactoryLoader::QFactoryLoader() looking at "/usr/bin/bash"
"Failed to extract plugin meta data from '/usr/bin/bash'" 
         not a plugin
QFactoryLoader::QFactoryLoader() looking at "/usr/bin/bashbug"
QElfParser: '/usr/bin/bashbug' is not an ELF object
"'/usr/bin/bashbug' is not an ELF object" 
         not a plugin
QFactoryLoader::QFactoryLoader() looking at "/usr/bin/bc"
"Failed to extract plugin meta data from '/usr/bin/bc'" 
         not a plugin
QFactoryLoader::QFactoryLoader() looking at "/usr/bin/bccmd"
"Failed to extract plugin meta data from '/usr/bin/bccmd'" 
         not a plugin
QFactoryLoader::QFactoryLoader() looking at "/usr/bin/bcmserver"
"Failed to extract plugin meta data from '/usr/bin/bcmserver'" 
         not a plugin
QFactoryLoader::QFactoryLoader() looking at "/usr/bin/bdftopcf"
"Failed to extract plugin meta data from '/usr/bin/bdftopcf'" 
         not a plugin
QFactoryLoader::QFactoryLoader() looking at "/usr/bin/bdftruncate"
"Failed to extract plugin meta data from '/usr/bin/bdftruncate'" 
         not a plugin
QFactoryLoader::QFactoryLoader() looking at "/usr/bin/bison"
"Failed to extract plugin meta data from '/usr/bin/bison'" 
         not a plugin
QFactoryLoader::QFactoryLoader() looking at "/usr/bin/bison.yacc"
QElfParser: '/usr/bin/bison.yacc' is not an ELF object
"'/usr/bin/bison.yacc' is not an ELF object" 
         not a plugin
QFactoryLoader::QFactoryLoader() looking at "/usr/bin/bitmap"
"Failed to extract plugin meta data from '/usr/bin/bitmap'" 
         not a plugin
QFactoryLoader::QFactoryLoader() looking at "/usr/bin/bluemoon"
"Failed to extract plugin meta data from '/usr/bin/bluemoon'" 
         not a plugin
QFactoryLoader::QFactoryLoader() looking at "/usr/bin/bluetooth-sendto"
"Failed to extract plugin meta data from '/usr/bin/bluetooth-sendto'" 
         not a plugin
QFactoryLoader::QFactoryLoader() looking at "/usr/bin/bluetoothctl"
"Failed to extract plugin meta data from '/usr/bin/bluetoothctl'" 
         not a plugin
QFactoryLoader::QFactoryLoader() looking at "/usr/bin/bmtoa"
"Failed to extract plugin meta data from '/usr/bin/bmtoa'" 
         not a plugin
QFactoryLoader::QFactoryLoader() looking at "/usr/bin/boltctl"
"Failed to extract plugin meta data from '/usr/bin/boltctl'" 
         not a plugin
QFactoryLoader::QFactoryLoader() looking at "/usr/bin/bootctl"
"Failed to extract plugin meta data from '/usr/bin/bootctl'" 
         not a plugin
QFactoryLoader::QFactoryLoader() looking at "/usr/bin/brltty"
"Failed to extract plugin meta data from '/usr/bin/brltty'" 
         not a plugin
QFactoryLoader::QFactoryLoader() looking at "/usr/bin/brltty-ctb"
"Failed to extract plugin meta data from '/usr/bin/brltty-ctb'" 
         not a plugin
QFactoryLoader::QFactoryLoader() looking at "/usr/bin/brltty-trtxt"
"Failed to extract plugin meta data from '/usr/bin/brltty-trtxt'" 
         not a plugin
QFactoryLoader::QFactoryLoader() looking at "/usr/bin/brltty-ttb"
"Failed to extract plugin meta data from '/usr/bin/brltty-ttb'" 
         not a plugin
QFactoryLoader::QFactoryLoader() looking at "/usr/bin/browse"
QElfParser: '/usr/bin/xdg-open' is not an ELF object
"'/usr/bin/xdg-open' is not an ELF object" 
         not a plugin
QFactoryLoader::QFactoryLoader() looking at "/usr/bin/bsd-from"
"Failed to extract plugin meta data from '/usr/bin/bsd-from'" 
         not a plugin
QFactoryLoader::QFactoryLoader() looking at "/usr/bin/bsd-write"
"Failed to extract plugin meta data from '/usr/bin/bsd-write'" 
         not a plugin
QFactoryLoader::QFactoryLoader() looking at "/usr/bin/btattach"
"Failed to extract plugin meta data from '/usr/bin/btattach'" 
         not a plugin
QFactoryLoader::QFactoryLoader() looking at "/usr/bin/btmgmt"
"Failed to extract plugin meta data from '/usr/bin/btmgmt'" 
         not a plugin
QFactoryLoader::QFactoryLoader() looking at "/usr/bin/btmon"
"Failed to extract plugin meta data from '/usr/bin/btmon'" 
         not a plugin
QFactoryLoader::QFactoryLoader() looking at "/usr/bin/bunzip2"
"Failed to extract plugin meta data from '/usr/bin/bunzip2'" 
         not a plugin
QFactoryLoader::QFactoryLoader() looking at "/usr/bin/busctl"
"Failed to extract plugin meta data from '/usr/bin/busctl'" 
         not a plugin
QFactoryLoader::QFactoryLoader() looking at "/usr/bin/busybox"
"Failed to extract plugin meta data from '/usr/bin/busybox'" 
         not a plugin
QFactoryLoader::QFactoryLoader() looking at "/usr/bin/bwrap"
"Failed to extract plugin meta data from '/usr/bin/bwrap'" 
         not a plugin
QFactoryLoader::QFactoryLoader() looking at "/usr/bin/bzcat"
"Failed to extract plugin meta data from '/usr/bin/bzcat'" 
         not a plugin
QFactoryLoader::QFactoryLoader() looking at "/usr/bin/bzcmp"
QElfParser: '/usr/bin/bzdiff' is not an ELF object
"'/usr/bin/bzdiff' is not an ELF object" 
         not a plugin
QFactoryLoader::QFactoryLoader() looking at "/usr/bin/bzdiff"
QElfParser: '/usr/bin/bzdiff' is not an ELF object
"'/usr/bin/bzdiff' is not an ELF object" 
         not a plugin
QFactoryLoader::QFactoryLoader() looking at "/usr/bin/bzegrep"
QElfParser: '/usr/bin/bzgrep' is not an ELF object
"'/usr/bin/bzgrep' is not an ELF object" 
         not a plugin
QFactoryLoader::QFactoryLoader() looking at "/usr/bin/bzexe"
QElfParser: '/usr/bin/bzexe' is not an ELF object
"'/usr/bin/bzexe' is not an ELF object" 
         not a plugin
QFactoryLoader::QFactoryLoader() looking at "/usr/bin/bzfgrep"
QElfParser: '/usr/bin/bzgrep' is not an ELF object
"'/usr/bin/bzgrep' is not an ELF object" 
         not a plugin
QFactoryLoader::QFactoryLoader() looking at "/usr/bin/bzgrep"
QElfParser: '/usr/bin/bzgrep' is not an ELF object
"'/usr/bin/bzgrep' is not an ELF object" 
         not a plugin
QFactoryLoader::QFactoryLoader() looking at "/usr/bin/bzip2"
"Failed to extract plugin meta data from '/usr/bin/bzip2'" 
         not a plugin
QFactoryLoader::QFactoryLoader() looking at "/usr/bin/bzip2recover"
"Failed to extract plugin meta data from '/usr/bin/bzip2recover'" 
         not a plugin
QFactoryLoader::QFactoryLoader() looking at "/usr/bin/bzless"
QElfParser: '/usr/bin/bzmore' is not an ELF object
"'/usr/bin/bzmore' is not an ELF object" 
         not a plugin
QFactoryLoader::QFactoryLoader() looking at "/usr/bin/bzmore"
QElfParser: '/usr/bin/bzmore' is not an ELF object
"'/usr/bin/bzmore' is not an ELF object" 
         not a plugin
QFactoryLoader::QFactoryLoader() looking at "/usr/bin/c++"
"Failed to extract plugin meta data from '/usr/bin/aarch64-linux-gnu-g++-9'" 
         not a plugin
QFactoryLoader::QFactoryLoader() looking at "/usr/bin/c++filt"
"Failed to extract plugin meta data from '/usr/bin/aarch64-linux-gnu-c++filt'" 
         not a plugin
QFactoryLoader::QFactoryLoader() looking at "/usr/bin/c89"
QElfParser: '/usr/bin/c89-gcc' is not an ELF object
"'/usr/bin/c89-gcc' is not an ELF object" 
         not a plugin
QFactoryLoader::QFactoryLoader() looking at "/usr/bin/c89-gcc"
QElfParser: '/usr/bin/c89-gcc' is not an ELF object
"'/usr/bin/c89-gcc' is not an ELF object" 
         not a plugin
QFactoryLoader::QFactoryLoader() looking at "/usr/bin/c99"
QElfParser: '/usr/bin/c99-gcc' is not an ELF object
"'/usr/bin/c99-gcc' is not an ELF object" 
         not a plugin
QFactoryLoader::QFactoryLoader() looking at "/usr/bin/c99-gcc"
QElfParser: '/usr/bin/c99-gcc' is not an ELF object
"'/usr/bin/c99-gcc' is not an ELF object" 
         not a plugin
QFactoryLoader::QFactoryLoader() looking at "/usr/bin/c_rehash"
QElfParser: '/usr/bin/c_rehash' is not an ELF object
"'/usr/bin/c_rehash' is not an ELF object" 
         not a plugin
QFactoryLoader::QFactoryLoader() looking at "/usr/bin/cal"
"Failed to extract plugin meta data from '/usr/bin/ncal'" 
         not a plugin
QFactoryLoader::QFactoryLoader() looking at "/usr/bin/calendar"
"Failed to extract plugin meta data from '/usr/bin/calendar'" 
         not a plugin
QFactoryLoader::QFactoryLoader() looking at "/usr/bin/calibrate_ppa"
"Failed to extract plugin meta data from '/usr/bin/calibrate_ppa'" 
         not a plugin
QFactoryLoader::QFactoryLoader() looking at "/usr/bin/can-calc-bit-timing"
"Failed to extract plugin meta data from '/usr/bin/can-calc-bit-timing'" 
         not a plugin
QFactoryLoader::QFactoryLoader() looking at "/usr/bin/canberra-gtk-play"
"Failed to extract plugin meta data from '/usr/bin/canberra-gtk-play'" 
         not a plugin
QFactoryLoader::QFactoryLoader() looking at "/usr/bin/canbusload"
"Failed to extract plugin meta data from '/usr/bin/canbusload'" 
         not a plugin
QFactoryLoader::QFactoryLoader() looking at "/usr/bin/candump"
"Failed to extract plugin meta data from '/usr/bin/candump'" 
         not a plugin
QFactoryLoader::QFactoryLoader() looking at "/usr/bin/canfdtest"
"Failed to extract plugin meta data from '/usr/bin/canfdtest'" 
         not a plugin
QFactoryLoader::QFactoryLoader() looking at "/usr/bin/cangen"
"Failed to extract plugin meta data from '/usr/bin/cangen'" 
         not a plugin
QFactoryLoader::QFactoryLoader() looking at "/usr/bin/cangw"
"Failed to extract plugin meta data from '/usr/bin/cangw'" 
         not a plugin
QFactoryLoader::QFactoryLoader() looking at "/usr/bin/canlogserver"
"Failed to extract plugin meta data from '/usr/bin/canlogserver'" 
         not a plugin
QFactoryLoader::QFactoryLoader() looking at "/usr/bin/canplayer"
"Failed to extract plugin meta data from '/usr/bin/canplayer'" 
         not a plugin
QFactoryLoader::QFactoryLoader() looking at "/usr/bin/cansend"
"Failed to extract plugin meta data from '/usr/bin/cansend'" 
         not a plugin
QFactoryLoader::QFactoryLoader() looking at "/usr/bin/cansniffer"
"Failed to extract plugin meta data from '/usr/bin/cansniffer'" 
         not a plugin
QFactoryLoader::QFactoryLoader() looking at "/usr/bin/captoinfo"
"Failed to extract plugin meta data from '/usr/bin/tic'" 
         not a plugin
QFactoryLoader::QFactoryLoader() looking at "/usr/bin/cat"
"Failed to extract plugin meta data from '/usr/bin/cat'" 
         not a plugin
QFactoryLoader::QFactoryLoader() looking at "/usr/bin/catchsegv"
QElfParser: '/usr/bin/catchsegv' is not an ELF object
"'/usr/bin/catchsegv' is not an ELF object" 
         not a plugin
QFactoryLoader::QFactoryLoader() looking at "/usr/bin/catman"
"Failed to extract plugin meta data from '/usr/bin/catman'" 
         not a plugin
QFactoryLoader::QFactoryLoader() looking at "/usr/bin/cautious-launcher"
QElfParser: '/usr/bin/cautious-launcher' is not an ELF object
"'/usr/bin/cautious-launcher' is not an ELF object" 
         not a plugin
QFactoryLoader::QFactoryLoader() looking at "/usr/bin/cc"
"Failed to extract plugin meta data from '/usr/bin/aarch64-linux-gnu-gcc-9'" 
         not a plugin
QFactoryLoader::QFactoryLoader() looking at "/usr/bin/cct"
"Failed to extract plugin meta data from '/usr/bin/cct'" 
         not a plugin
QFactoryLoader::QFactoryLoader() looking at "/usr/bin/cd-create-profile"
"Failed to extract plugin meta data from '/usr/bin/cd-create-profile'" 
         not a plugin
QFactoryLoader::QFactoryLoader() looking at "/usr/bin/cd-fix-profile"
"Failed to extract plugin meta data from '/usr/bin/cd-fix-profile'" 
         not a plugin
QFactoryLoader::QFactoryLoader() looking at "/usr/bin/cd-iccdump"
"Failed to extract plugin meta data from '/usr/bin/cd-iccdump'" 
         not a plugin
QFactoryLoader::QFactoryLoader() looking at "/usr/bin/cd-it8"
"Failed to extract plugin meta data from '/usr/bin/cd-it8'" 
         not a plugin
QFactoryLoader::QFactoryLoader() looking at "/usr/bin/cert-sync"
QElfParser: '/usr/bin/cert-sync' is not an ELF object
"'/usr/bin/cert-sync' is not an ELF object" 
         not a plugin
QFactoryLoader::QFactoryLoader() looking at "/usr/bin/chacl"
"Failed to extract plugin meta data from '/usr/bin/chacl'" 
         not a plugin
QFactoryLoader::QFactoryLoader() looking at "/usr/bin/chage"
"Failed to extract plugin meta data from '/usr/bin/chage'" 
         not a plugin
QFactoryLoader::QFactoryLoader() looking at "/usr/bin/chardet3"
QElfParser: '/usr/bin/chardetect3' is not an ELF object
"'/usr/bin/chardetect3' is not an ELF object" 
         not a plugin
QFactoryLoader::QFactoryLoader() looking at "/usr/bin/chardetect3"
QElfParser: '/usr/bin/chardetect3' is not an ELF object
"'/usr/bin/chardetect3' is not an ELF object" 
         not a plugin
QFactoryLoader::QFactoryLoader() looking at "/usr/bin/chattr"
"Failed to extract plugin meta data from '/usr/bin/chattr'" 
         not a plugin
QFactoryLoader::QFactoryLoader() looking at "/usr/bin/chcon"
"Failed to extract plugin meta data from '/usr/bin/chcon'" 
         not a plugin
QFactoryLoader::QFactoryLoader() looking at "/usr/bin/check-language-support"
QElfParser: '/usr/bin/check-language-support' is not an ELF object
"'/usr/bin/check-language-support' is not an ELF object" 
         not a plugin
QFactoryLoader::QFactoryLoader() looking at "/usr/bin/cheese"
"Failed to extract plugin meta data from '/usr/bin/cheese'" 
         not a plugin
QFactoryLoader::QFactoryLoader() looking at "/usr/bin/chfn"
"Failed to extract plugin meta data from '/usr/bin/chfn'" 
         not a plugin
QFactoryLoader::QFactoryLoader() looking at "/usr/bin/chgrp"
"Failed to extract plugin meta data from '/usr/bin/chgrp'" 
         not a plugin
QFactoryLoader::QFactoryLoader() looking at "/usr/bin/chmod"
"Failed to extract plugin meta data from '/usr/bin/chmod'" 
         not a plugin
QFactoryLoader::QFactoryLoader() looking at "/usr/bin/choom"
"Failed to extract plugin meta data from '/usr/bin/choom'" 
         not a plugin
QFactoryLoader::QFactoryLoader() looking at "/usr/bin/chown"
"Failed to extract plugin meta data from '/usr/bin/chown'" 
         not a plugin
QFactoryLoader::QFactoryLoader() looking at "/usr/bin/chrt"
"Failed to extract plugin meta data from '/usr/bin/chrt'" 
         not a plugin
QFactoryLoader::QFactoryLoader() looking at "/usr/bin/chsh"
"Failed to extract plugin meta data from '/usr/bin/chsh'" 
         not a plugin
QFactoryLoader::QFactoryLoader() looking at "/usr/bin/chvt"
"Failed to extract plugin meta data from '/usr/bin/chvt'" 
         not a plugin
QFactoryLoader::QFactoryLoader() looking at "/usr/bin/ciptool"
"Failed to extract plugin meta data from '/usr/bin/ciptool'" 
         not a plugin
QFactoryLoader::QFactoryLoader() looking at "/usr/bin/ckbcomp"
QElfParser: '/usr/bin/ckbcomp' is not an ELF object
"'/usr/bin/ckbcomp' is not an ELF object" 
         not a plugin
QFactoryLoader::QFactoryLoader() looking at "/usr/bin/cksum"
"Failed to extract plugin meta data from '/usr/bin/cksum'" 
         not a plugin
QFactoryLoader::QFactoryLoader() looking at "/usr/bin/clear"
"Failed to extract plugin meta data from '/usr/bin/clear'" 
         not a plugin
QFactoryLoader::QFactoryLoader() looking at "/usr/bin/clear_console"
"Failed to extract plugin meta data from '/usr/bin/clear_console'" 
         not a plugin
QFactoryLoader::QFactoryLoader() looking at "/usr/bin/cli"
"Failed to extract plugin meta data from '/usr/bin/mono-sgen'" 
         not a plugin
QFactoryLoader::QFactoryLoader() looking at "/usr/bin/cli-gacutil"
QElfParser: '/usr/bin/gacutil' is not an ELF object
"'/usr/bin/gacutil' is not an ELF object" 
         not a plugin
QFactoryLoader::QFactoryLoader() looking at "/usr/bin/cmake"
"Failed to extract plugin meta data from '/usr/bin/cmake'" 
         not a plugin
QFactoryLoader::QFactoryLoader() looking at "/usr/bin/cmp"
"Failed to extract plugin meta data from '/usr/bin/cmp'" 
         not a plugin
QFactoryLoader::QFactoryLoader() looking at "/usr/bin/code"
QElfParser: '/usr/share/code/bin/code' is not an ELF object
"'/usr/share/code/bin/code' is not an ELF object" 
         not a plugin
QFactoryLoader::QFactoryLoader() looking at "/usr/bin/codepage"
"Failed to extract plugin meta data from '/usr/bin/codepage'" 
         not a plugin
QFactoryLoader::QFactoryLoader() looking at "/usr/bin/col"
"Failed to extract plugin meta data from '/usr/bin/col'" 
         not a plugin
QFactoryLoader::QFactoryLoader() looking at "/usr/bin/colcrt"
"Failed to extract plugin meta data from '/usr/bin/colcrt'" 
         not a plugin
QFactoryLoader::QFactoryLoader() looking at "/usr/bin/colormgr"
"Failed to extract plugin meta data from '/usr/bin/colormgr'" 
         not a plugin
QFactoryLoader::QFactoryLoader() looking at "/usr/bin/colrm"
"Failed to extract plugin meta data from '/usr/bin/colrm'" 
         not a plugin
QFactoryLoader::QFactoryLoader() looking at "/usr/bin/column"
"Failed to extract plugin meta data from '/usr/bin/column'" 
         not a plugin
QFactoryLoader::QFactoryLoader() looking at "/usr/bin/comm"
"Failed to extract plugin meta data from '/usr/bin/comm'" 
         not a plugin
QFactoryLoader::QFactoryLoader() looking at "/usr/bin/compose"
QElfParser: '/usr/bin/run-mailcap' is not an ELF object
"'/usr/bin/run-mailcap' is not an ELF object" 
         not a plugin
QFactoryLoader::QFactoryLoader() looking at "/usr/bin/convert-dtsv0"
"Failed to extract plugin meta data from '/usr/bin/convert-dtsv0'" 
         not a plugin
QFactoryLoader::QFactoryLoader() looking at "/usr/bin/corelist"
QElfParser: '/usr/bin/corelist' is not an ELF object
"'/usr/bin/corelist' is not an ELF object" 
         not a plugin
QFactoryLoader::QFactoryLoader() looking at "/usr/bin/cp"
"Failed to extract plugin meta data from '/usr/bin/cp'" 
         not a plugin
QFactoryLoader::QFactoryLoader() looking at "/usr/bin/cpack"
"Failed to extract plugin meta data from '/usr/bin/cpack'" 
         not a plugin
QFactoryLoader::QFactoryLoader() looking at "/usr/bin/cpan"
QElfParser: '/usr/bin/cpan' is not an ELF object
"'/usr/bin/cpan' is not an ELF object" 
         not a plugin
QFactoryLoader::QFactoryLoader() looking at "/usr/bin/cpan5.30-aarch64-linux-gnu"
QElfParser: '/usr/bin/cpan5.30-aarch64-linux-gnu' is not an ELF object
"'/usr/bin/cpan5.30-aarch64-linux-gnu' is not an ELF object" 
         not a plugin
QFactoryLoader::QFactoryLoader() looking at "/usr/bin/cpio"
"Failed to extract plugin meta data from '/usr/bin/cpio'" 
         not a plugin
QFactoryLoader::QFactoryLoader() looking at "/usr/bin/cpp"
"Failed to extract plugin meta data from '/usr/bin/aarch64-linux-gnu-cpp-9'" 
         not a plugin
QFactoryLoader::QFactoryLoader() looking at "/usr/bin/cpp-9"
"Failed to extract plugin meta data from '/usr/bin/aarch64-linux-gnu-cpp-9'" 
         not a plugin
QFactoryLoader::QFactoryLoader() looking at "/usr/bin/crontab"
"Failed to extract plugin meta data from '/usr/bin/crontab'" 
         not a plugin
QFactoryLoader::QFactoryLoader() looking at "/usr/bin/cs2cs"
"Failed to extract plugin meta data from '/usr/bin/cs2cs'" 
         not a plugin
QFactoryLoader::QFactoryLoader() looking at "/usr/bin/csplit"
"Failed to extract plugin meta data from '/usr/bin/csplit'" 
         not a plugin
QFactoryLoader::QFactoryLoader() looking at "/usr/bin/ctags"
"Failed to extract plugin meta data from '/usr/bin/ctags.emacs'" 
         not a plugin
QFactoryLoader::QFactoryLoader() looking at "/usr/bin/ctags.emacs"
"Failed to extract plugin meta data from '/usr/bin/ctags.emacs'" 
         not a plugin
QFactoryLoader::QFactoryLoader() looking at "/usr/bin/ctest"
"Failed to extract plugin meta data from '/usr/bin/ctest'" 
         not a plugin
QFactoryLoader::QFactoryLoader() looking at "/usr/bin/ctstat"
"Failed to extract plugin meta data from '/usr/bin/lnstat'" 
         not a plugin
QFactoryLoader::QFactoryLoader() looking at "/usr/bin/curl"
"Failed to extract plugin meta data from '/usr/bin/curl'" 
         not a plugin
QFactoryLoader::QFactoryLoader() looking at "/usr/bin/cut"
"Failed to extract plugin meta data from '/usr/bin/cut'" 
         not a plugin
QFactoryLoader::QFactoryLoader() looking at "/usr/bin/cvlc"
QElfParser: '/usr/bin/cvlc' is not an ELF object (file too small)
"'/usr/bin/cvlc' is not an ELF object (file too small)" 
         not a plugin
QFactoryLoader::QFactoryLoader() looking at "/usr/bin/cvt"
"Failed to extract plugin meta data from '/usr/bin/cvt'" 
         not a plugin
QFactoryLoader::QFactoryLoader() looking at "/usr/bin/cvtsudoers"
"Failed to extract plugin meta data from '/usr/bin/cvtsudoers'" 
         not a plugin
QFactoryLoader::QFactoryLoader() looking at "/usr/bin/dash"
"Failed to extract plugin meta data from '/usr/bin/dash'" 
         not a plugin
QFactoryLoader::QFactoryLoader() looking at "/usr/bin/date"
"Failed to extract plugin meta data from '/usr/bin/date'" 
         not a plugin
QFactoryLoader::QFactoryLoader() looking at "/usr/bin/dbus-binding-tool"
"Failed to extract plugin meta data from '/usr/bin/dbus-binding-tool'" 
         not a plugin
QFactoryLoader::QFactoryLoader() looking at "/usr/bin/dbus-cleanup-sockets"
"Failed to extract plugin meta data from '/usr/bin/dbus-cleanup-sockets'" 
         not a plugin
QFactoryLoader::QFactoryLoader() looking at "/usr/bin/dbus-daemon"
"Failed to extract plugin meta data from '/usr/bin/dbus-daemon'" 
         not a plugin
QFactoryLoader::QFactoryLoader() looking at "/usr/bin/dbus-launch"
"Failed to extract plugin meta data from '/usr/bin/dbus-launch'" 
         not a plugin
QFactoryLoader::QFactoryLoader() looking at "/usr/bin/dbus-monitor"
"Failed to extract plugin meta data from '/usr/bin/dbus-monitor'" 
         not a plugin
QFactoryLoader::QFactoryLoader() looking at "/usr/bin/dbus-run-session"
"Failed to extract plugin meta data from '/usr/bin/dbus-run-session'" 
         not a plugin
QFactoryLoader::QFactoryLoader() looking at "/usr/bin/dbus-send"
"Failed to extract plugin meta data from '/usr/bin/dbus-send'" 
         not a plugin
QFactoryLoader::QFactoryLoader() looking at "/usr/bin/dbus-update-activation-environment"
"Failed to extract plugin meta data from '/usr/bin/dbus-update-activation-environment'" 
         not a plugin
QFactoryLoader::QFactoryLoader() looking at "/usr/bin/dbus-uuidgen"
"Failed to extract plugin meta data from '/usr/bin/dbus-uuidgen'" 
         not a plugin
QFactoryLoader::QFactoryLoader() looking at "/usr/bin/dbxtool"
"Failed to extract plugin meta data from '/usr/bin/dbxtool'" 
         not a plugin
QFactoryLoader::QFactoryLoader() looking at "/usr/bin/dconf"
"Failed to extract plugin meta data from '/usr/bin/dconf'" 
         not a plugin
QFactoryLoader::QFactoryLoader() looking at "/usr/bin/dd"
"Failed to extract plugin meta data from '/usr/bin/dd'" 
         not a plugin
QFactoryLoader::QFactoryLoader() looking at "/usr/bin/ddcmon"
QElfParser: '/usr/bin/ddcmon' is not an ELF object
"'/usr/bin/ddcmon' is not an ELF object" 
         not a plugin
QFactoryLoader::QFactoryLoader() looking at "/usr/bin/deallocvt"
"Failed to extract plugin meta data from '/usr/bin/deallocvt'" 
         not a plugin
QFactoryLoader::QFactoryLoader() looking at "/usr/bin/deb-systemd-helper"
QElfParser: '/usr/bin/deb-systemd-helper' is not an ELF object
"'/usr/bin/deb-systemd-helper' is not an ELF object" 
         not a plugin
QFactoryLoader::QFactoryLoader() looking at "/usr/bin/deb-systemd-invoke"
QElfParser: '/usr/bin/deb-systemd-invoke' is not an ELF object
"'/usr/bin/deb-systemd-invoke' is not an ELF object" 
         not a plugin
QFactoryLoader::QFactoryLoader() looking at "/usr/bin/debconf"
QElfParser: '/usr/bin/debconf' is not an ELF object
"'/usr/bin/debconf' is not an ELF object" 
         not a plugin
QFactoryLoader::QFactoryLoader() looking at "/usr/bin/debconf-apt-progress"
QElfParser: '/usr/bin/debconf-apt-progress' is not an ELF object
"'/usr/bin/debconf-apt-progress' is not an ELF object" 
         not a plugin
QFactoryLoader::QFactoryLoader() looking at "/usr/bin/debconf-communicate"
QElfParser: '/usr/bin/debconf-communicate' is not an ELF object
"'/usr/bin/debconf-communicate' is not an ELF object" 
         not a plugin
QFactoryLoader::QFactoryLoader() looking at "/usr/bin/debconf-copydb"
QElfParser: '/usr/bin/debconf-copydb' is not an ELF object
"'/usr/bin/debconf-copydb' is not an ELF object" 
         not a plugin
QFactoryLoader::QFactoryLoader() looking at "/usr/bin/debconf-escape"
QElfParser: '/usr/bin/debconf-escape' is not an ELF object
"'/usr/bin/debconf-escape' is not an ELF object" 
         not a plugin
QFactoryLoader::QFactoryLoader() looking at "/usr/bin/debconf-get-selections"
QElfParser: '/usr/bin/debconf-get-selections' is not an ELF object
"'/usr/bin/debconf-get-selections' is not an ELF object" 
         not a plugin
QFactoryLoader::QFactoryLoader() looking at "/usr/bin/debconf-getlang"
QElfParser: '/usr/bin/debconf-getlang' is not an ELF object
"'/usr/bin/debconf-getlang' is not an ELF object" 
         not a plugin
QFactoryLoader::QFactoryLoader() looking at "/usr/bin/debconf-loadtemplate"
QElfParser: '/usr/bin/debconf-loadtemplate' is not an ELF object
"'/usr/bin/debconf-loadtemplate' is not an ELF object" 
         not a plugin
QFactoryLoader::QFactoryLoader() looking at "/usr/bin/debconf-mergetemplate"
QElfParser: '/usr/bin/debconf-mergetemplate' is not an ELF object
"'/usr/bin/debconf-mergetemplate' is not an ELF object" 
         not a plugin
QFactoryLoader::QFactoryLoader() looking at "/usr/bin/debconf-set-selections"
QElfParser: '/usr/bin/debconf-set-selections' is not an ELF object
"'/usr/bin/debconf-set-selections' is not an ELF object" 
         not a plugin
QFactoryLoader::QFactoryLoader() looking at "/usr/bin/debconf-show"
QElfParser: '/usr/bin/debconf-show' is not an ELF object
"'/usr/bin/debconf-show' is not an ELF object" 
         not a plugin
QFactoryLoader::QFactoryLoader() looking at "/usr/bin/debian-distro-info"
"Failed to extract plugin meta data from '/usr/bin/debian-distro-info'" 
         not a plugin
QFactoryLoader::QFactoryLoader() looking at "/usr/bin/debugedit"
"Failed to extract plugin meta data from '/usr/lib/rpm/debugedit'" 
         not a plugin
QFactoryLoader::QFactoryLoader() looking at "/usr/bin/decode-dimms"
QElfParser: '/usr/bin/decode-dimms' is not an ELF object
"'/usr/bin/decode-dimms' is not an ELF object" 
         not a plugin
QFactoryLoader::QFactoryLoader() looking at "/usr/bin/decode-edid"
QElfParser: '/usr/bin/decode-edid' is not an ELF object
"'/usr/bin/decode-edid' is not an ELF object" 
         not a plugin
QFactoryLoader::QFactoryLoader() looking at "/usr/bin/decode-vaio"
QElfParser: '/usr/bin/decode-vaio' is not an ELF object
"'/usr/bin/decode-vaio' is not an ELF object" 
         not a plugin
QFactoryLoader::QFactoryLoader() looking at "/usr/bin/deja-dup"
"Failed to extract plugin meta data from '/usr/bin/deja-dup'" 
         not a plugin
QFactoryLoader::QFactoryLoader() looking at "/usr/bin/delpart"
"Failed to extract plugin meta data from '/usr/bin/delpart'" 
         not a plugin
QFactoryLoader::QFactoryLoader() looking at "/usr/bin/delv"
"Failed to extract plugin meta data from '/usr/bin/delv'" 
         not a plugin
QFactoryLoader::QFactoryLoader() looking at "/usr/bin/derb"
"Failed to extract plugin meta data from '/usr/bin/derb'" 
         not a plugin
QFactoryLoader::QFactoryLoader() looking at "/usr/bin/designer"
"Failed to extract plugin meta data from '/usr/bin/qtchooser'" 
         not a plugin
QFactoryLoader::QFactoryLoader() looking at "/usr/bin/desktop-file-edit"
"Failed to extract plugin meta data from '/usr/bin/desktop-file-install'" 
         not a plugin
QFactoryLoader::QFactoryLoader() looking at "/usr/bin/desktop-file-install"
"Failed to extract plugin meta data from '/usr/bin/desktop-file-install'" 
         not a plugin
QFactoryLoader::QFactoryLoader() looking at "/usr/bin/desktop-file-validate"
"Failed to extract plugin meta data from '/usr/bin/desktop-file-validate'" 
         not a plugin
QFactoryLoader::QFactoryLoader() looking at "/usr/bin/devdump"
"Failed to extract plugin meta data from '/usr/bin/devdump'" 
         not a plugin
QFactoryLoader::QFactoryLoader() looking at "/usr/bin/df"
"Failed to extract plugin meta data from '/usr/bin/df'" 
         not a plugin
QFactoryLoader::QFactoryLoader() looking at "/usr/bin/dfu-tool"
"Failed to extract plugin meta data from '/usr/bin/dfu-tool'" 
         not a plugin
QFactoryLoader::QFactoryLoader() looking at "/usr/bin/dh_autotools-dev_restoreconfig"
QElfParser: '/usr/bin/dh_autotools-dev_restoreconfig' is not an ELF object
"'/usr/bin/dh_autotools-dev_restoreconfig' is not an ELF object" 
         not a plugin
QFactoryLoader::QFactoryLoader() looking at "/usr/bin/dh_autotools-dev_updateconfig"
QElfParser: '/usr/bin/dh_autotools-dev_updateconfig' is not an ELF object
"'/usr/bin/dh_autotools-dev_updateconfig' is not an ELF object" 
         not a plugin
QFactoryLoader::QFactoryLoader() looking at "/usr/bin/dh_bash-completion"
QElfParser: '/usr/bin/dh_bash-completion' is not an ELF object
"'/usr/bin/dh_bash-completion' is not an ELF object" 
         not a plugin
QFactoryLoader::QFactoryLoader() looking at "/usr/bin/dh_gstscancodecs"
QElfParser: '/usr/bin/dh_gstscancodecs' is not an ELF object
"'/usr/bin/dh_gstscancodecs' is not an ELF object" 
         not a plugin
QFactoryLoader::QFactoryLoader() looking at "/usr/bin/dh_installxmlcatalogs"
QElfParser: '/usr/bin/dh_installxmlcatalogs' is not an ELF object
"'/usr/bin/dh_installxmlcatalogs' is not an ELF object" 
         not a plugin
QFactoryLoader::QFactoryLoader() looking at "/usr/bin/dh_numpy3"
QElfParser: '/usr/bin/dh_numpy3' is not an ELF object
"'/usr/bin/dh_numpy3' is not an ELF object" 
         not a plugin
QFactoryLoader::QFactoryLoader() looking at "/usr/bin/dh_perl_openssl"
QElfParser: '/usr/bin/dh_perl_openssl' is not an ELF object
"'/usr/bin/dh_perl_openssl' is not an ELF object" 
         not a plugin
QFactoryLoader::QFactoryLoader() looking at "/usr/bin/dh_python2"
QElfParser: '/usr/bin/dh_python2' is not an ELF object
"'/usr/bin/dh_python2' is not an ELF object" 
         not a plugin
QFactoryLoader::QFactoryLoader() looking at "/usr/bin/diff"
"Failed to extract plugin meta data from '/usr/bin/diff'" 
         not a plugin
QFactoryLoader::QFactoryLoader() looking at "/usr/bin/diff3"
"Failed to extract plugin meta data from '/usr/bin/diff3'" 
         not a plugin
QFactoryLoader::QFactoryLoader() looking at "/usr/bin/dig"
"Failed to extract plugin meta data from '/usr/bin/dig'" 
         not a plugin
QFactoryLoader::QFactoryLoader() looking at "/usr/bin/dir"
"Failed to extract plugin meta data from '/usr/bin/dir'" 
         not a plugin
QFactoryLoader::QFactoryLoader() looking at "/usr/bin/dircolors"
"Failed to extract plugin meta data from '/usr/bin/dircolors'" 
         not a plugin
QFactoryLoader::QFactoryLoader() looking at "/usr/bin/directomatic"
"Failed to extract plugin meta data from '/usr/bin/foomatic-rip'" 
         not a plugin
QFactoryLoader::QFactoryLoader() looking at "/usr/bin/dirmngr"
"Failed to extract plugin meta data from '/usr/bin/dirmngr'" 
         not a plugin
QFactoryLoader::QFactoryLoader() looking at "/usr/bin/dirmngr-client"
"Failed to extract plugin meta data from '/usr/bin/dirmngr-client'" 
         not a plugin
QFactoryLoader::QFactoryLoader() looking at "/usr/bin/dirname"
"Failed to extract plugin meta data from '/usr/bin/dirname'" 
         not a plugin
QFactoryLoader::QFactoryLoader() looking at "/usr/bin/dirsplit"
QElfParser: '/usr/bin/dirsplit' is not an ELF object
"'/usr/bin/dirsplit' is not an ELF object" 
         not a plugin
QFactoryLoader::QFactoryLoader() looking at "/usr/bin/distro-info"
"Failed to extract plugin meta data from '/usr/bin/ubuntu-distro-info'" 
         not a plugin
QFactoryLoader::QFactoryLoader() looking at "/usr/bin/dmesg"
"Failed to extract plugin meta data from '/usr/bin/dmesg'" 
         not a plugin
QFactoryLoader::QFactoryLoader() looking at "/usr/bin/dnsdomainname"
"Failed to extract plugin meta data from '/usr/bin/hostname'" 
         not a plugin
QFactoryLoader::QFactoryLoader() looking at "/usr/bin/do-release-upgrade"
QElfParser: '/usr/bin/do-release-upgrade' is not an ELF object
"'/usr/bin/do-release-upgrade' is not an ELF object" 
         not a plugin
QFactoryLoader::QFactoryLoader() looking at "/usr/bin/domainname"
"Failed to extract plugin meta data from '/usr/bin/hostname'" 
         not a plugin
QFactoryLoader::QFactoryLoader() looking at "/usr/bin/dpkg"
"Failed to extract plugin meta data from '/usr/bin/dpkg'" 
         not a plugin
QFactoryLoader::QFactoryLoader() looking at "/usr/bin/dpkg-architecture"
QElfParser: '/usr/bin/dpkg-architecture' is not an ELF object
"'/usr/bin/dpkg-architecture' is not an ELF object" 
         not a plugin
QFactoryLoader::QFactoryLoader() looking at "/usr/bin/dpkg-buildflags"
QElfParser: '/usr/bin/dpkg-buildflags' is not an ELF object
"'/usr/bin/dpkg-buildflags' is not an ELF object" 
         not a plugin
QFactoryLoader::QFactoryLoader() looking at "/usr/bin/dpkg-buildpackage"
QElfParser: '/usr/bin/dpkg-buildpackage' is not an ELF object
"'/usr/bin/dpkg-buildpackage' is not an ELF object" 
         not a plugin
QFactoryLoader::QFactoryLoader() looking at "/usr/bin/dpkg-checkbuilddeps"
QElfParser: '/usr/bin/dpkg-checkbuilddeps' is not an ELF object
"'/usr/bin/dpkg-checkbuilddeps' is not an ELF object" 
         not a plugin
QFactoryLoader::QFactoryLoader() looking at "/usr/bin/dpkg-deb"
"Failed to extract plugin meta data from '/usr/bin/dpkg-deb'" 
         not a plugin
QFactoryLoader::QFactoryLoader() looking at "/usr/bin/dpkg-distaddfile"
QElfParser: '/usr/bin/dpkg-distaddfile' is not an ELF object
"'/usr/bin/dpkg-distaddfile' is not an ELF object" 
         not a plugin
QFactoryLoader::QFactoryLoader() looking at "/usr/bin/dpkg-divert"
"Failed to extract plugin meta data from '/usr/bin/dpkg-divert'" 
         not a plugin
QFactoryLoader::QFactoryLoader() looking at "/usr/bin/dpkg-genbuildinfo"
QElfParser: '/usr/bin/dpkg-genbuildinfo' is not an ELF object
"'/usr/bin/dpkg-genbuildinfo' is not an ELF object" 
         not a plugin
QFactoryLoader::QFactoryLoader() looking at "/usr/bin/dpkg-genchanges"
QElfParser: '/usr/bin/dpkg-genchanges' is not an ELF object
"'/usr/bin/dpkg-genchanges' is not an ELF object" 
         not a plugin
QFactoryLoader::QFactoryLoader() looking at "/usr/bin/dpkg-gencontrol"
QElfParser: '/usr/bin/dpkg-gencontrol' is not an ELF object
"'/usr/bin/dpkg-gencontrol' is not an ELF object" 
         not a plugin
QFactoryLoader::QFactoryLoader() looking at "/usr/bin/dpkg-gensymbols"
QElfParser: '/usr/bin/dpkg-gensymbols' is not an ELF object
"'/usr/bin/dpkg-gensymbols' is not an ELF object" 
         not a plugin
QFactoryLoader::QFactoryLoader() looking at "/usr/bin/dpkg-maintscript-helper"
QElfParser: '/usr/bin/dpkg-maintscript-helper' is not an ELF object
"'/usr/bin/dpkg-maintscript-helper' is not an ELF object" 
         not a plugin
QFactoryLoader::QFactoryLoader() looking at "/usr/bin/dpkg-mergechangelogs"
QElfParser: '/usr/bin/dpkg-mergechangelogs' is not an ELF object
"'/usr/bin/dpkg-mergechangelogs' is not an ELF object" 
         not a plugin
QFactoryLoader::QFactoryLoader() looking at "/usr/bin/dpkg-name"
QElfParser: '/usr/bin/dpkg-name' is not an ELF object
"'/usr/bin/dpkg-name' is not an ELF object" 
         not a plugin
QFactoryLoader::QFactoryLoader() looking at "/usr/bin/dpkg-parsechangelog"
QElfParser: '/usr/bin/dpkg-parsechangelog' is not an ELF object
"'/usr/bin/dpkg-parsechangelog' is not an ELF object" 
         not a plugin
QFactoryLoader::QFactoryLoader() looking at "/usr/bin/dpkg-query"
"Failed to extract plugin meta data from '/usr/bin/dpkg-query'" 
         not a plugin
QFactoryLoader::QFactoryLoader() looking at "/usr/bin/dpkg-scanpackages"
QElfParser: '/usr/bin/dpkg-scanpackages' is not an ELF object
"'/usr/bin/dpkg-scanpackages' is not an ELF object" 
         not a plugin
QFactoryLoader::QFactoryLoader() looking at "/usr/bin/dpkg-scansources"
QElfParser: '/usr/bin/dpkg-scansources' is not an ELF object
"'/usr/bin/dpkg-scansources' is not an ELF object" 
         not a plugin
QFactoryLoader::QFactoryLoader() looking at "/usr/bin/dpkg-shlibdeps"
QElfParser: '/usr/bin/dpkg-shlibdeps' is not an ELF object
"'/usr/bin/dpkg-shlibdeps' is not an ELF object" 
         not a plugin
QFactoryLoader::QFactoryLoader() looking at "/usr/bin/dpkg-source"
QElfParser: '/usr/bin/dpkg-source' is not an ELF object
"'/usr/bin/dpkg-source' is not an ELF object" 
         not a plugin
QFactoryLoader::QFactoryLoader() looking at "/usr/bin/dpkg-split"
"Failed to extract plugin meta data from '/usr/bin/dpkg-split'" 
         not a plugin
QFactoryLoader::QFactoryLoader() looking at "/usr/bin/dpkg-statoverride"
"Failed to extract plugin meta data from '/usr/bin/dpkg-statoverride'" 
         not a plugin
QFactoryLoader::QFactoryLoader() looking at "/usr/bin/dpkg-trigger"
"Failed to extract plugin meta data from '/usr/bin/dpkg-trigger'" 
         not a plugin
QFactoryLoader::QFactoryLoader() looking at "/usr/bin/dpkg-vendor"
QElfParser: '/usr/bin/dpkg-vendor' is not an ELF object
"'/usr/bin/dpkg-vendor' is not an ELF object" 
         not a plugin
QFactoryLoader::QFactoryLoader() looking at "/usr/bin/dtc"
"Failed to extract plugin meta data from '/usr/bin/dtc'" 
         not a plugin
QFactoryLoader::QFactoryLoader() looking at "/usr/bin/dtdiff"
QElfParser: '/usr/bin/dtdiff' is not an ELF object
"'/usr/bin/dtdiff' is not an ELF object" 
         not a plugin
QFactoryLoader::QFactoryLoader() looking at "/usr/bin/du"
"Failed to extract plugin meta data from '/usr/bin/du'" 
         not a plugin
QFactoryLoader::QFactoryLoader() looking at "/usr/bin/dumpkeys"
"Failed to extract plugin meta data from '/usr/bin/dumpkeys'" 
         not a plugin
QFactoryLoader::QFactoryLoader() looking at "/usr/bin/duplicity"
QElfParser: '/usr/bin/duplicity' is not an ELF object
"'/usr/bin/duplicity' is not an ELF object" 
         not a plugin
QFactoryLoader::QFactoryLoader() looking at "/usr/bin/dvipdf"
QElfParser: '/usr/bin/dvipdf' is not an ELF object
"'/usr/bin/dvipdf' is not an ELF object" 
         not a plugin
QFactoryLoader::QFactoryLoader() looking at "/usr/bin/dwp"
"Failed to extract plugin meta data from '/usr/bin/aarch64-linux-gnu-dwp'" 
         not a plugin
QFactoryLoader::QFactoryLoader() looking at "/usr/bin/ebrowse"
"Failed to extract plugin meta data from '/usr/bin/ebrowse.emacs'" 
         not a plugin
QFactoryLoader::QFactoryLoader() looking at "/usr/bin/ebrowse.emacs"
"Failed to extract plugin meta data from '/usr/bin/ebrowse.emacs'" 
         not a plugin
QFactoryLoader::QFactoryLoader() looking at "/usr/bin/echo"
"Failed to extract plugin meta data from '/usr/bin/echo'" 
         not a plugin
QFactoryLoader::QFactoryLoader() looking at "/usr/bin/ed"
"Failed to extract plugin meta data from '/usr/bin/ed'" 
         not a plugin
QFactoryLoader::QFactoryLoader() looking at "/usr/bin/edit"
QElfParser: '/usr/bin/run-mailcap' is not an ELF object
"'/usr/bin/run-mailcap' is not an ELF object" 
         not a plugin
QFactoryLoader::QFactoryLoader() looking at "/usr/bin/editor"
"Failed to extract plugin meta data from '/usr/bin/nano'" 
         not a plugin
QFactoryLoader::QFactoryLoader() looking at "/usr/bin/editres"
"Failed to extract plugin meta data from '/usr/bin/editres'" 
         not a plugin
QFactoryLoader::QFactoryLoader() looking at "/usr/bin/EGLWInputEventExample"
"Failed to extract plugin meta data from '/usr/lib/aarch64-linux-gnu/tegra/weston/EGLWLInputEventExample'" 
         not a plugin
QFactoryLoader::QFactoryLoader() looking at "/usr/bin/EGLWLInputEventExample"
"Failed to extract plugin meta data from '/usr/lib/aarch64-linux-gnu/tegra/weston/EGLWLInputEventExample'" 
         not a plugin
QFactoryLoader::QFactoryLoader() looking at "/usr/bin/EGLWLMockNavigation"
"Failed to extract plugin meta data from '/usr/lib/aarch64-linux-gnu/tegra/weston/EGLWLMockNavigation'" 
         not a plugin
QFactoryLoader::QFactoryLoader() looking at "/usr/bin/egrep"
QElfParser: '/usr/bin/egrep' is not an ELF object (file too small)
"'/usr/bin/egrep' is not an ELF object (file too small)" 
         not a plugin
QFactoryLoader::QFactoryLoader() looking at "/usr/bin/eject"
"Failed to extract plugin meta data from '/usr/bin/eject'" 
         not a plugin
QFactoryLoader::QFactoryLoader() looking at "/usr/bin/elfedit"
"Failed to extract plugin meta data from '/usr/bin/aarch64-linux-gnu-elfedit'" 
         not a plugin
QFactoryLoader::QFactoryLoader() looking at "/usr/bin/emacs"
"Failed to extract plugin meta data from '/usr/bin/emacs-gtk'" 
         not a plugin
QFactoryLoader::QFactoryLoader() looking at "/usr/bin/emacs-gtk"
"Failed to extract plugin meta data from '/usr/bin/emacs-gtk'" 
         not a plugin
QFactoryLoader::QFactoryLoader() looking at "/usr/bin/emacsclient"
"Failed to extract plugin meta data from '/usr/bin/emacsclient.emacs'" 
         not a plugin
QFactoryLoader::QFactoryLoader() looking at "/usr/bin/emacsclient.emacs"
"Failed to extract plugin meta data from '/usr/bin/emacsclient.emacs'" 
         not a plugin
QFactoryLoader::QFactoryLoader() looking at "/usr/bin/enc2xs"
QElfParser: '/usr/bin/enc2xs' is not an ELF object
"'/usr/bin/enc2xs' is not an ELF object" 
         not a plugin
QFactoryLoader::QFactoryLoader() looking at "/usr/bin/encguess"
QElfParser: '/usr/bin/encguess' is not an ELF object
"'/usr/bin/encguess' is not an ELF object" 
         not a plugin
QFactoryLoader::QFactoryLoader() looking at "/usr/bin/enchant-2"
"Failed to extract plugin meta data from '/usr/bin/enchant-2'" 
         not a plugin
QFactoryLoader::QFactoryLoader() looking at "/usr/bin/enchant-lsmod-2"
"Failed to extract plugin meta data from '/usr/bin/enchant-lsmod-2'" 
         not a plugin
QFactoryLoader::QFactoryLoader() looking at "/usr/bin/env"
"Failed to extract plugin meta data from '/usr/bin/env'" 
         not a plugin
QFactoryLoader::QFactoryLoader() looking at "/usr/bin/envsubst"
"Failed to extract plugin meta data from '/usr/bin/envsubst'" 
         not a plugin
QFactoryLoader::QFactoryLoader() looking at "/usr/bin/eog"
"Failed to extract plugin meta data from '/usr/bin/eog'" 
         not a plugin
QFactoryLoader::QFactoryLoader() looking at "/usr/bin/eps2eps"
QElfParser: '/usr/bin/eps2eps' is not an ELF object
"'/usr/bin/eps2eps' is not an ELF object" 
         not a plugin
QFactoryLoader::QFactoryLoader() looking at "/usr/bin/eqn"
"Failed to extract plugin meta data from '/usr/bin/eqn'" 
         not a plugin
QFactoryLoader::QFactoryLoader() looking at "/usr/bin/esc-m"
"Failed to extract plugin meta data from '/usr/bin/esc-m'" 
         not a plugin
QFactoryLoader::QFactoryLoader() looking at "/usr/bin/etags"
"Failed to extract plugin meta data from '/usr/bin/etags.emacs'" 
         not a plugin
QFactoryLoader::QFactoryLoader() looking at "/usr/bin/etags.emacs"
"Failed to extract plugin meta data from '/usr/bin/etags.emacs'" 
         not a plugin
QFactoryLoader::QFactoryLoader() looking at "/usr/bin/eutp"
"Failed to extract plugin meta data from '/usr/bin/eutp'" 
         not a plugin
QFactoryLoader::QFactoryLoader() looking at "/usr/bin/evince"
"Failed to extract plugin meta data from '/usr/bin/evince'" 
         not a plugin
QFactoryLoader::QFactoryLoader() looking at "/usr/bin/evince-previewer"
"Failed to extract plugin meta data from '/usr/bin/evince-previewer'" 
         not a plugin
QFactoryLoader::QFactoryLoader() looking at "/usr/bin/evince-thumbnailer"
"Failed to extract plugin meta data from '/usr/bin/evince-thumbnailer'" 
         not a plugin
QFactoryLoader::QFactoryLoader() looking at "/usr/bin/ex"
"Failed to extract plugin meta data from '/usr/bin/vim.basic'" 
         not a plugin
QFactoryLoader::QFactoryLoader() looking at "/usr/bin/expand"
"Failed to extract plugin meta data from '/usr/bin/expand'" 
         not a plugin
QFactoryLoader::QFactoryLoader() looking at "/usr/bin/expiry"
"Failed to extract plugin meta data from '/usr/bin/expiry'" 
         not a plugin
QFactoryLoader::QFactoryLoader() looking at "/usr/bin/expr"
"Failed to extract plugin meta data from '/usr/bin/expr'" 
         not a plugin
QFactoryLoader::QFactoryLoader() looking at "/usr/bin/f2py3"
QElfParser: '/usr/bin/f2py3' is not an ELF object
"'/usr/bin/f2py3' is not an ELF object" 
         not a plugin
QFactoryLoader::QFactoryLoader() looking at "/usr/bin/f2py3.8"
QElfParser: '/usr/bin/f2py3.8' is not an ELF object
"'/usr/bin/f2py3.8' is not an ELF object" 
         not a plugin
QFactoryLoader::QFactoryLoader() looking at "/usr/bin/f77"
"Failed to extract plugin meta data from '/usr/bin/aarch64-linux-gnu-gfortran-9'" 
         not a plugin
QFactoryLoader::QFactoryLoader() looking at "/usr/bin/f95"
"Failed to extract plugin meta data from '/usr/bin/aarch64-linux-gnu-gfortran-9'" 
         not a plugin
QFactoryLoader::QFactoryLoader() looking at "/usr/bin/factor"
"Failed to extract plugin meta data from '/usr/bin/factor'" 
         not a plugin
QFactoryLoader::QFactoryLoader() looking at "/usr/bin/faillog"
"Failed to extract plugin meta data from '/usr/bin/faillog'" 
         not a plugin
QFactoryLoader::QFactoryLoader() looking at "/usr/bin/faked-sysv"
"Failed to extract plugin meta data from '/usr/bin/faked-sysv'" 
         not a plugin
QFactoryLoader::QFactoryLoader() looking at "/usr/bin/faked-tcp"
"Failed to extract plugin meta data from '/usr/bin/faked-tcp'" 
         not a plugin
QFactoryLoader::QFactoryLoader() looking at "/usr/bin/fakeroot"
QElfParser: '/usr/bin/fakeroot-sysv' is not an ELF object
"'/usr/bin/fakeroot-sysv' is not an ELF object" 
         not a plugin
QFactoryLoader::QFactoryLoader() looking at "/usr/bin/fakeroot-sysv"
QElfParser: '/usr/bin/fakeroot-sysv' is not an ELF object
"'/usr/bin/fakeroot-sysv' is not an ELF object" 
         not a plugin
QFactoryLoader::QFactoryLoader() looking at "/usr/bin/fakeroot-tcp"
QElfParser: '/usr/bin/fakeroot-tcp' is not an ELF object
"'/usr/bin/fakeroot-tcp' is not an ELF object" 
         not a plugin
QFactoryLoader::QFactoryLoader() looking at "/usr/bin/fallocate"
"Failed to extract plugin meta data from '/usr/bin/fallocate'" 
         not a plugin
QFactoryLoader::QFactoryLoader() looking at "/usr/bin/false"
"Failed to extract plugin meta data from '/usr/bin/false'" 
         not a plugin
QFactoryLoader::QFactoryLoader() looking at "/usr/bin/fc-cache"
"Failed to extract plugin meta data from '/usr/bin/fc-cache'" 
         not a plugin
QFactoryLoader::QFactoryLoader() looking at "/usr/bin/fc-cat"
"Failed to extract plugin meta data from '/usr/bin/fc-cat'" 
         not a plugin
QFactoryLoader::QFactoryLoader() looking at "/usr/bin/fc-conflist"
"Failed to extract plugin meta data from '/usr/bin/fc-conflist'" 
         not a plugin
QFactoryLoader::QFactoryLoader() looking at "/usr/bin/fc-list"
"Failed to extract plugin meta data from '/usr/bin/fc-list'" 
         not a plugin
QFactoryLoader::QFactoryLoader() looking at "/usr/bin/fc-match"
"Failed to extract plugin meta data from '/usr/bin/fc-match'" 
         not a plugin
QFactoryLoader::QFactoryLoader() looking at "/usr/bin/fc-pattern"
"Failed to extract plugin meta data from '/usr/bin/fc-pattern'" 
         not a plugin
QFactoryLoader::QFactoryLoader() looking at "/usr/bin/fc-query"
"Failed to extract plugin meta data from '/usr/bin/fc-query'" 
         not a plugin
QFactoryLoader::QFactoryLoader() looking at "/usr/bin/fc-scan"
"Failed to extract plugin meta data from '/usr/bin/fc-scan'" 
         not a plugin
QFactoryLoader::QFactoryLoader() looking at "/usr/bin/fc-validate"
"Failed to extract plugin meta data from '/usr/bin/fc-validate'" 
         not a plugin
QFactoryLoader::QFactoryLoader() looking at "/usr/bin/fdtdump"
"Failed to extract plugin meta data from '/usr/bin/fdtdump'" 
         not a plugin
QFactoryLoader::QFactoryLoader() looking at "/usr/bin/fdtget"
"Failed to extract plugin meta data from '/usr/bin/fdtget'" 
         not a plugin
QFactoryLoader::QFactoryLoader() looking at "/usr/bin/fdtoverlay"
"Failed to extract plugin meta data from '/usr/bin/fdtoverlay'" 
         not a plugin
QFactoryLoader::QFactoryLoader() looking at "/usr/bin/fdtput"
"Failed to extract plugin meta data from '/usr/bin/fdtput'" 
         not a plugin
QFactoryLoader::QFactoryLoader() looking at "/usr/bin/fgconsole"
"Failed to extract plugin meta data from '/usr/bin/fgconsole'" 
         not a plugin
QFactoryLoader::QFactoryLoader() looking at "/usr/bin/fgrep"
QElfParser: '/usr/bin/fgrep' is not an ELF object (file too small)
"'/usr/bin/fgrep' is not an ELF object (file too small)" 
         not a plugin
QFactoryLoader::QFactoryLoader() looking at "/usr/bin/file"
"Failed to extract plugin meta data from '/usr/bin/file'" 
         not a plugin
QFactoryLoader::QFactoryLoader() looking at "/usr/bin/file-roller"
"Failed to extract plugin meta data from '/usr/bin/file-roller'" 
         not a plugin
QFactoryLoader::QFactoryLoader() looking at "/usr/bin/fincore"
"Failed to extract plugin meta data from '/usr/bin/fincore'" 
         not a plugin
QFactoryLoader::QFactoryLoader() looking at "/usr/bin/find"
"Failed to extract plugin meta data from '/usr/bin/find'" 
         not a plugin
QFactoryLoader::QFactoryLoader() looking at "/usr/bin/findmnt"
"Failed to extract plugin meta data from '/usr/bin/findmnt'" 
         not a plugin
QFactoryLoader::QFactoryLoader() looking at "/usr/bin/fio"
"Failed to extract plugin meta data from '/usr/bin/fio'" 
         not a plugin
QFactoryLoader::QFactoryLoader() looking at "/usr/bin/fio-btrace2fio"
"Failed to extract plugin meta data from '/usr/bin/fio-btrace2fio'" 
         not a plugin
QFactoryLoader::QFactoryLoader() looking at "/usr/bin/fio-dedupe"
"Failed to extract plugin meta data from '/usr/bin/fio-dedupe'" 
         not a plugin
QFactoryLoader::QFactoryLoader() looking at "/usr/bin/fio-genzipf"
"Failed to extract plugin meta data from '/usr/bin/fio-genzipf'" 
         not a plugin
QFactoryLoader::QFactoryLoader() looking at "/usr/bin/fio2gnuplot"
QElfParser: '/usr/bin/fio2gnuplot' is not an ELF object
"'/usr/bin/fio2gnuplot' is not an ELF object" 
         not a plugin
QFactoryLoader::QFactoryLoader() looking at "/usr/bin/fio_generate_plots"
QElfParser: '/usr/bin/fio_generate_plots' is not an ELF object
"'/usr/bin/fio_generate_plots' is not an ELF object" 
         not a plugin
QFactoryLoader::QFactoryLoader() looking at "/usr/bin/firefox"
QElfParser: '/usr/lib/firefox/firefox.sh' is not an ELF object
"'/usr/lib/firefox/firefox.sh' is not an ELF object" 
         not a plugin
QFactoryLoader::QFactoryLoader() looking at "/usr/bin/flex"
"Failed to extract plugin meta data from '/usr/bin/flex'" 
         not a plugin
QFactoryLoader::QFactoryLoader() looking at "/usr/bin/flex++"
"Failed to extract plugin meta data from '/usr/bin/flex'" 
         not a plugin
QFactoryLoader::QFactoryLoader() looking at "/usr/bin/flock"
"Failed to extract plugin meta data from '/usr/bin/flock'" 
         not a plugin
QFactoryLoader::QFactoryLoader() looking at "/usr/bin/fmt"
"Failed to extract plugin meta data from '/usr/bin/fmt'" 
         not a plugin
QFactoryLoader::QFactoryLoader() looking at "/usr/bin/fold"
"Failed to extract plugin meta data from '/usr/bin/fold'" 
         not a plugin
QFactoryLoader::QFactoryLoader() looking at "/usr/bin/fonttosfnt"
"Failed to extract plugin meta data from '/usr/bin/fonttosfnt'" 
         not a plugin
QFactoryLoader::QFactoryLoader() looking at "/usr/bin/foomatic-rip"
"Failed to extract plugin meta data from '/usr/bin/foomatic-rip'" 
         not a plugin
QFactoryLoader::QFactoryLoader() looking at "/usr/bin/fprintd-delete"
"Failed to extract plugin meta data from '/usr/bin/fprintd-delete'" 
         not a plugin
QFactoryLoader::QFactoryLoader() looking at "/usr/bin/fprintd-enroll"
"Failed to extract plugin meta data from '/usr/bin/fprintd-enroll'" 
         not a plugin
QFactoryLoader::QFactoryLoader() looking at "/usr/bin/fprintd-list"
"Failed to extract plugin meta data from '/usr/bin/fprintd-list'" 
         not a plugin
QFactoryLoader::QFactoryLoader() looking at "/usr/bin/fprintd-verify"
"Failed to extract plugin meta data from '/usr/bin/fprintd-verify'" 
         not a plugin
QFactoryLoader::QFactoryLoader() looking at "/usr/bin/free"
"Failed to extract plugin meta data from '/usr/bin/free'" 
         not a plugin
QFactoryLoader::QFactoryLoader() looking at "/usr/bin/from"
"Failed to extract plugin meta data from '/usr/bin/bsd-from'" 
         not a plugin
QFactoryLoader::QFactoryLoader() looking at "/usr/bin/ftp"
"Failed to extract plugin meta data from '/usr/bin/netkit-ftp'" 
         not a plugin
QFactoryLoader::QFactoryLoader() looking at "/usr/bin/funzip"
"Failed to extract plugin meta data from '/usr/bin/funzip'" 
         not a plugin
QFactoryLoader::QFactoryLoader() looking at "/usr/bin/fuser"
"Failed to extract plugin meta data from '/usr/bin/fuser'" 
         not a plugin
QFactoryLoader::QFactoryLoader() looking at "/usr/bin/fusermount"
"Failed to extract plugin meta data from '/usr/bin/fusermount'" 
         not a plugin
QFactoryLoader::QFactoryLoader() looking at "/usr/bin/futurize"
QElfParser: '/usr/bin/python3-futurize' is not an ELF object
"'/usr/bin/python3-futurize' is not an ELF object" 
         not a plugin
QFactoryLoader::QFactoryLoader() looking at "/usr/bin/fwupdagent"
"Failed to extract plugin meta data from '/usr/bin/fwupdmgr'" 
         not a plugin
QFactoryLoader::QFactoryLoader() looking at "/usr/bin/fwupdate"
"Failed to extract plugin meta data from '/usr/bin/fwupdate'" 
         not a plugin
QFactoryLoader::QFactoryLoader() looking at "/usr/bin/fwupdmgr"
"Failed to extract plugin meta data from '/usr/bin/fwupdmgr'" 
         not a plugin
QFactoryLoader::QFactoryLoader() looking at "/usr/bin/fwupdtool"
"Failed to extract plugin meta data from '/usr/bin/fwupdtool'" 
         not a plugin
QFactoryLoader::QFactoryLoader() looking at "/usr/bin/g++"
"Failed to extract plugin meta data from '/usr/bin/aarch64-linux-gnu-g++-9'" 
         not a plugin
QFactoryLoader::QFactoryLoader() looking at "/usr/bin/g++-9"
"Failed to extract plugin meta data from '/usr/bin/aarch64-linux-gnu-g++-9'" 
         not a plugin
QFactoryLoader::QFactoryLoader() looking at "/usr/bin/gacutil"
QElfParser: '/usr/bin/gacutil' is not an ELF object
"'/usr/bin/gacutil' is not an ELF object" 
         not a plugin
QFactoryLoader::QFactoryLoader() looking at "/usr/bin/gamma4scanimage"
"Failed to extract plugin meta data from '/usr/bin/gamma4scanimage'" 
         not a plugin
QFactoryLoader::QFactoryLoader() looking at "/usr/bin/gapplication"
"Failed to extract plugin meta data from '/usr/bin/gapplication'" 
         not a plugin
QFactoryLoader::QFactoryLoader() looking at "/usr/bin/gatttool"
"Failed to extract plugin meta data from '/usr/bin/gatttool'" 
         not a plugin
QFactoryLoader::QFactoryLoader() looking at "/usr/bin/gcalccmd"
"Failed to extract plugin meta data from '/usr/bin/gcalccmd'" 
         not a plugin
QFactoryLoader::QFactoryLoader() looking at "/usr/bin/gcc"
"Failed to extract plugin meta data from '/usr/bin/aarch64-linux-gnu-gcc-9'" 
         not a plugin
QFactoryLoader::QFactoryLoader() looking at "/usr/bin/gcc-9"
"Failed to extract plugin meta data from '/usr/bin/aarch64-linux-gnu-gcc-9'" 
         not a plugin
QFactoryLoader::QFactoryLoader() looking at "/usr/bin/gcc-ar"
"Failed to extract plugin meta data from '/usr/bin/aarch64-linux-gnu-gcc-ar-9'" 
         not a plugin
QFactoryLoader::QFactoryLoader() looking at "/usr/bin/gcc-ar-9"
"Failed to extract plugin meta data from '/usr/bin/aarch64-linux-gnu-gcc-ar-9'" 
         not a plugin
QFactoryLoader::QFactoryLoader() looking at "/usr/bin/gcc-nm"
"Failed to extract plugin meta data from '/usr/bin/aarch64-linux-gnu-gcc-nm-9'" 
         not a plugin
QFactoryLoader::QFactoryLoader() looking at "/usr/bin/gcc-nm-9"
"Failed to extract plugin meta data from '/usr/bin/aarch64-linux-gnu-gcc-nm-9'" 
         not a plugin
QFactoryLoader::QFactoryLoader() looking at "/usr/bin/gcc-ranlib"
"Failed to extract plugin meta data from '/usr/bin/aarch64-linux-gnu-gcc-ranlib-9'" 
         not a plugin
QFactoryLoader::QFactoryLoader() looking at "/usr/bin/gcc-ranlib-9"
"Failed to extract plugin meta data from '/usr/bin/aarch64-linux-gnu-gcc-ranlib-9'" 
         not a plugin
QFactoryLoader::QFactoryLoader() looking at "/usr/bin/gcore"
QElfParser: '/usr/bin/gcore' is not an ELF object
"'/usr/bin/gcore' is not an ELF object" 
         not a plugin
QFactoryLoader::QFactoryLoader() looking at "/usr/bin/gcov"
"Failed to extract plugin meta data from '/usr/bin/aarch64-linux-gnu-gcov-9'" 
         not a plugin
QFactoryLoader::QFactoryLoader() looking at "/usr/bin/gcov-9"
"Failed to extract plugin meta data from '/usr/bin/aarch64-linux-gnu-gcov-9'" 
         not a plugin
QFactoryLoader::QFactoryLoader() looking at "/usr/bin/gcov-dump"
"Failed to extract plugin meta data from '/usr/bin/aarch64-linux-gnu-gcov-dump-9'" 
         not a plugin
QFactoryLoader::QFactoryLoader() looking at "/usr/bin/gcov-dump-9"
"Failed to extract plugin meta data from '/usr/bin/aarch64-linux-gnu-gcov-dump-9'" 
         not a plugin
QFactoryLoader::QFactoryLoader() looking at "/usr/bin/gcov-tool"
"Failed to extract plugin meta data from '/usr/bin/aarch64-linux-gnu-gcov-tool-9'" 
         not a plugin
QFactoryLoader::QFactoryLoader() looking at "/usr/bin/gcov-tool-9"
"Failed to extract plugin meta data from '/usr/bin/aarch64-linux-gnu-gcov-tool-9'" 
         not a plugin
QFactoryLoader::QFactoryLoader() looking at "/usr/bin/gcr-viewer"
"Failed to extract plugin meta data from '/usr/bin/gcr-viewer'" 
         not a plugin
QFactoryLoader::QFactoryLoader() looking at "/usr/bin/gdb"
"Failed to extract plugin meta data from '/usr/bin/gdb'" 
         not a plugin
QFactoryLoader::QFactoryLoader() looking at "/usr/bin/gdb-add-index"
QElfParser: '/usr/bin/gdb-add-index' is not an ELF object
"'/usr/bin/gdb-add-index' is not an ELF object" 
         not a plugin
QFactoryLoader::QFactoryLoader() looking at "/usr/bin/gdbserver"
"Failed to extract plugin meta data from '/usr/bin/gdbserver'" 
         not a plugin
QFactoryLoader::QFactoryLoader() looking at "/usr/bin/gdbtui"
QElfParser: '/usr/bin/gdbtui' is not an ELF object
"'/usr/bin/gdbtui' is not an ELF object" 
         not a plugin
QFactoryLoader::QFactoryLoader() looking at "/usr/bin/gdbus"
"Failed to extract plugin meta data from '/usr/bin/gdbus'" 
         not a plugin
QFactoryLoader::QFactoryLoader() looking at "/usr/bin/gdbus-codegen"
QElfParser: '/usr/bin/gdbus-codegen' is not an ELF object
"'/usr/bin/gdbus-codegen' is not an ELF object" 
         not a plugin
QFactoryLoader::QFactoryLoader() looking at "/usr/bin/gdialog"
QElfParser: '/usr/bin/gdialog' is not an ELF object
"'/usr/bin/gdialog' is not an ELF object" 
         not a plugin
QFactoryLoader::QFactoryLoader() looking at "/usr/bin/gdm-screenshot"
"Failed to extract plugin meta data from '/usr/bin/gdm-screenshot'" 
         not a plugin
QFactoryLoader::QFactoryLoader() looking at "/usr/bin/gdmflexiserver"
"Failed to extract plugin meta data from '/usr/bin/gdmflexiserver'" 
         not a plugin
QFactoryLoader::QFactoryLoader() looking at "/usr/bin/gedit"
"Failed to extract plugin meta data from '/usr/bin/gedit'" 
         not a plugin
QFactoryLoader::QFactoryLoader() looking at "/usr/bin/genbrk"
"Failed to extract plugin meta data from '/usr/bin/genbrk'" 
         not a plugin
QFactoryLoader::QFactoryLoader() looking at "/usr/bin/gencat"
"Failed to extract plugin meta data from '/usr/bin/gencat'" 
         not a plugin
QFactoryLoader::QFactoryLoader() looking at "/usr/bin/gencfu"
"Failed to extract plugin meta data from '/usr/bin/gencfu'" 
         not a plugin
QFactoryLoader::QFactoryLoader() looking at "/usr/bin/gencnval"
"Failed to extract plugin meta data from '/usr/bin/gencnval'" 
         not a plugin
QFactoryLoader::QFactoryLoader() looking at "/usr/bin/gendict"
"Failed to extract plugin meta data from '/usr/bin/gendict'" 
         not a plugin
QFactoryLoader::QFactoryLoader() looking at "/usr/bin/gendiff"
QElfParser: '/usr/bin/gendiff' is not an ELF object
"'/usr/bin/gendiff' is not an ELF object" 
         not a plugin
QFactoryLoader::QFactoryLoader() looking at "/usr/bin/genfio"
QElfParser: '/usr/bin/genfio' is not an ELF object
"'/usr/bin/genfio' is not an ELF object" 
         not a plugin
QFactoryLoader::QFactoryLoader() looking at "/usr/bin/genisoimage"
"Failed to extract plugin meta data from '/usr/bin/genisoimage'" 
         not a plugin
QFactoryLoader::QFactoryLoader() looking at "/usr/bin/genrb"
"Failed to extract plugin meta data from '/usr/bin/genrb'" 
         not a plugin
QFactoryLoader::QFactoryLoader() looking at "/usr/bin/geod"
"Failed to extract plugin meta data from '/usr/bin/geod'" 
         not a plugin
QFactoryLoader::QFactoryLoader() looking at "/usr/bin/geqn"
"Failed to extract plugin meta data from '/usr/bin/eqn'" 
         not a plugin
QFactoryLoader::QFactoryLoader() looking at "/usr/bin/GET"
QElfParser: '/usr/bin/lwp-request' is not an ELF object
"'/usr/bin/lwp-request' is not an ELF object" 
         not a plugin
QFactoryLoader::QFactoryLoader() looking at "/usr/bin/getconf"
"Failed to extract plugin meta data from '/usr/bin/getconf'" 
         not a plugin
QFactoryLoader::QFactoryLoader() looking at "/usr/bin/geteltorito"
QElfParser: '/usr/bin/geteltorito' is not an ELF object
"'/usr/bin/geteltorito' is not an ELF object" 
         not a plugin
QFactoryLoader::QFactoryLoader() looking at "/usr/bin/getent"
"Failed to extract plugin meta data from '/usr/bin/getent'" 
         not a plugin
QFactoryLoader::QFactoryLoader() looking at "/usr/bin/getfacl"
"Failed to extract plugin meta data from '/usr/bin/getfacl'" 
         not a plugin
QFactoryLoader::QFactoryLoader() looking at "/usr/bin/getkeycodes"
"Failed to extract plugin meta data from '/usr/bin/getkeycodes'" 
         not a plugin
QFactoryLoader::QFactoryLoader() looking at "/usr/bin/getopt"
"Failed to extract plugin meta data from '/usr/bin/getopt'" 
         not a plugin
QFactoryLoader::QFactoryLoader() looking at "/usr/bin/gettext"
"Failed to extract plugin meta data from '/usr/bin/gettext'" 
         not a plugin
QFactoryLoader::QFactoryLoader() looking at "/usr/bin/gettext.sh"
QElfParser: '/usr/bin/gettext.sh' is not an ELF object
"'/usr/bin/gettext.sh' is not an ELF object" 
         not a plugin
QFactoryLoader::QFactoryLoader() looking at "/usr/bin/gfortran"
"Failed to extract plugin meta data from '/usr/bin/aarch64-linux-gnu-gfortran-9'" 
         not a plugin
QFactoryLoader::QFactoryLoader() looking at "/usr/bin/gfortran-9"
"Failed to extract plugin meta data from '/usr/bin/aarch64-linux-gnu-gfortran-9'" 
         not a plugin
QFactoryLoader::QFactoryLoader() looking at "/usr/bin/ghostscript"
"Failed to extract plugin meta data from '/usr/bin/gs'" 
         not a plugin
QFactoryLoader::QFactoryLoader() looking at "/usr/bin/gie"
"Failed to extract plugin meta data from '/usr/bin/gie'" 
         not a plugin
QFactoryLoader::QFactoryLoader() looking at "/usr/bin/gif2h5"
"Failed to extract plugin meta data from '/usr/bin/gif2h5'" 
         not a plugin
QFactoryLoader::QFactoryLoader() looking at "/usr/bin/ginstall-info"
"Failed to extract plugin meta data from '/usr/bin/install-info'" 
         not a plugin
QFactoryLoader::QFactoryLoader() looking at "/usr/bin/gio"
"Failed to extract plugin meta data from '/usr/bin/gio'" 
         not a plugin
QFactoryLoader::QFactoryLoader() looking at "/usr/bin/gio-querymodules"
"Failed to extract plugin meta data from '/usr/lib/aarch64-linux-gnu/glib-2.0/gio-querymodules'" 
         not a plugin
QFactoryLoader::QFactoryLoader() looking at "/usr/bin/git"
"Failed to extract plugin meta data from '/usr/bin/git'" 
         not a plugin
QFactoryLoader::QFactoryLoader() looking at "/usr/bin/git-receive-pack"
"Failed to extract plugin meta data from '/usr/bin/git'" 
         not a plugin
QFactoryLoader::QFactoryLoader() looking at "/usr/bin/git-shell"
"Failed to extract plugin meta data from '/usr/bin/git-shell'" 
         not a plugin
QFactoryLoader::QFactoryLoader() looking at "/usr/bin/git-upload-archive"
"Failed to extract plugin meta data from '/usr/bin/git'" 
         not a plugin
QFactoryLoader::QFactoryLoader() looking at "/usr/bin/git-upload-pack"
"Failed to extract plugin meta data from '/usr/bin/git'" 
         not a plugin
QFactoryLoader::QFactoryLoader() looking at "/usr/bin/gjs"
"Failed to extract plugin meta data from '/usr/bin/gjs-console'" 
         not a plugin
QFactoryLoader::QFactoryLoader() looking at "/usr/bin/gjs-console"
"Failed to extract plugin meta data from '/usr/bin/gjs-console'" 
         not a plugin
QFactoryLoader::QFactoryLoader() looking at "/usr/bin/gkbd-keyboard-display"
"Failed to extract plugin meta data from '/usr/bin/gkbd-keyboard-display'" 
         not a plugin
QFactoryLoader::QFactoryLoader() looking at "/usr/bin/glib-compile-resources"
"Failed to extract plugin meta data from '/usr/bin/glib-compile-resources'" 
         not a plugin
QFactoryLoader::QFactoryLoader() looking at "/usr/bin/glib-compile-schemas"
"Failed to extract plugin meta data from '/usr/lib/aarch64-linux-gnu/glib-2.0/glib-compile-schemas'" 
         not a plugin
QFactoryLoader::QFactoryLoader() looking at "/usr/bin/glib-genmarshal"
QElfParser: '/usr/bin/glib-genmarshal' is not an ELF object
"'/usr/bin/glib-genmarshal' is not an ELF object" 
         not a plugin
QFactoryLoader::QFactoryLoader() looking at "/usr/bin/glib-gettextize"
QElfParser: '/usr/bin/glib-gettextize' is not an ELF object
"'/usr/bin/glib-gettextize' is not an ELF object" 
         not a plugin
QFactoryLoader::QFactoryLoader() looking at "/usr/bin/glib-mkenums"
QElfParser: '/usr/bin/glib-mkenums' is not an ELF object
"'/usr/bin/glib-mkenums' is not an ELF object" 
         not a plugin
QFactoryLoader::QFactoryLoader() looking at "/usr/bin/glxdemo"
"Failed to extract plugin meta data from '/usr/bin/glxdemo'" 
         not a plugin
QFactoryLoader::QFactoryLoader() looking at "/usr/bin/glxgears"
"Failed to extract plugin meta data from '/usr/bin/glxgears'" 
         not a plugin
QFactoryLoader::QFactoryLoader() looking at "/usr/bin/glxheads"
"Failed to extract plugin meta data from '/usr/bin/glxheads'" 
         not a plugin
QFactoryLoader::QFactoryLoader() looking at "/usr/bin/glxinfo"
"Failed to extract plugin meta data from '/usr/bin/glxinfo'" 
         not a plugin
QFactoryLoader::QFactoryLoader() looking at "/usr/bin/gnome-calculator"
"Failed to extract plugin meta data from '/usr/bin/gnome-calculator'" 
         not a plugin
QFactoryLoader::QFactoryLoader() looking at "/usr/bin/gnome-calendar"
"Failed to extract plugin meta data from '/usr/bin/gnome-calendar'" 
         not a plugin
QFactoryLoader::QFactoryLoader() looking at "/usr/bin/gnome-characters"
QElfParser: '/usr/share/org.gnome.Characters/org.gnome.Characters' is not an ELF object
"'/usr/share/org.gnome.Characters/org.gnome.Characters' is not an ELF object" 
         not a plugin
QFactoryLoader::QFactoryLoader() looking at "/usr/bin/gnome-control-center"
"Failed to extract plugin meta data from '/usr/bin/gnome-control-center'" 
         not a plugin
QFactoryLoader::QFactoryLoader() looking at "/usr/bin/gnome-disk-image-mounter"
"Failed to extract plugin meta data from '/usr/bin/gnome-disk-image-mounter'" 
         not a plugin
QFactoryLoader::QFactoryLoader() looking at "/usr/bin/gnome-disks"
"Failed to extract plugin meta data from '/usr/bin/gnome-disks'" 
         not a plugin
QFactoryLoader::QFactoryLoader() looking at "/usr/bin/gnome-extensions"
"Failed to extract plugin meta data from '/usr/bin/gnome-extensions'" 
         not a plugin
QFactoryLoader::QFactoryLoader() looking at "/usr/bin/gnome-font-viewer"
"Failed to extract plugin meta data from '/usr/bin/gnome-font-viewer'" 
         not a plugin
QFactoryLoader::QFactoryLoader() looking at "/usr/bin/gnome-help"
"Failed to extract plugin meta data from '/usr/bin/yelp'" 
         not a plugin
QFactoryLoader::QFactoryLoader() looking at "/usr/bin/gnome-keyring"
"Failed to extract plugin meta data from '/usr/bin/gnome-keyring-3'" 
         not a plugin
QFactoryLoader::QFactoryLoader() looking at "/usr/bin/gnome-keyring-3"
"Failed to extract plugin meta data from '/usr/bin/gnome-keyring-3'" 
         not a plugin
QFactoryLoader::QFactoryLoader() looking at "/usr/bin/gnome-keyring-daemon"
"Failed to extract plugin meta data from '/usr/bin/gnome-keyring-daemon'" 
         not a plugin
QFactoryLoader::QFactoryLoader() looking at "/usr/bin/gnome-language-selector"
QElfParser: '/usr/bin/gnome-language-selector' is not an ELF object
"'/usr/bin/gnome-language-selector' is not an ELF object" 
         not a plugin
QFactoryLoader::QFactoryLoader() looking at "/usr/bin/gnome-logs"
"Failed to extract plugin meta data from '/usr/bin/gnome-logs'" 
         not a plugin
QFactoryLoader::QFactoryLoader() looking at "/usr/bin/gnome-power-statistics"
"Failed to extract plugin meta data from '/usr/bin/gnome-power-statistics'" 
         not a plugin
QFactoryLoader::QFactoryLoader() looking at "/usr/bin/gnome-screenshot"
"Failed to extract plugin meta data from '/usr/bin/gnome-screenshot'" 
         not a plugin
QFactoryLoader::QFactoryLoader() looking at "/usr/bin/gnome-session"
QElfParser: '/usr/bin/gnome-session' is not an ELF object
"'/usr/bin/gnome-session' is not an ELF object" 
         not a plugin
QFactoryLoader::QFactoryLoader() looking at "/usr/bin/gnome-session-custom-session"
QElfParser: '/usr/bin/gnome-session-custom-session' is not an ELF object (file too small)
"'/usr/bin/gnome-session-custom-session' is not an ELF object (file too small)" 
         not a plugin
QFactoryLoader::QFactoryLoader() looking at "/usr/bin/gnome-session-inhibit"
"Failed to extract plugin meta data from '/usr/bin/gnome-session-inhibit'" 
         not a plugin
QFactoryLoader::QFactoryLoader() looking at "/usr/bin/gnome-session-properties"
"Failed to extract plugin meta data from '/usr/bin/gnome-session-properties'" 
         not a plugin
QFactoryLoader::QFactoryLoader() looking at "/usr/bin/gnome-session-quit"
"Failed to extract plugin meta data from '/usr/bin/gnome-session-quit'" 
         not a plugin
QFactoryLoader::QFactoryLoader() looking at "/usr/bin/gnome-shell"
"Failed to extract plugin meta data from '/usr/bin/gnome-shell'" 
         not a plugin
QFactoryLoader::QFactoryLoader() looking at "/usr/bin/gnome-shell-extension-tool"
QElfParser: '/usr/bin/gnome-shell-extension-tool' is not an ELF object
"'/usr/bin/gnome-shell-extension-tool' is not an ELF object" 
         not a plugin
QFactoryLoader::QFactoryLoader() looking at "/usr/bin/gnome-shell-perf-tool"
QElfParser: '/usr/bin/gnome-shell-perf-tool' is not an ELF object
"'/usr/bin/gnome-shell-perf-tool' is not an ELF object" 
         not a plugin
QFactoryLoader::QFactoryLoader() looking at "/usr/bin/gnome-system-monitor"
"Failed to extract plugin meta data from '/usr/bin/gnome-system-monitor'" 
         not a plugin
QFactoryLoader::QFactoryLoader() looking at "/usr/bin/gnome-terminal"
QElfParser: '/usr/bin/gnome-terminal' is not an ELF object
"'/usr/bin/gnome-terminal' is not an ELF object" 
         not a plugin
QFactoryLoader::QFactoryLoader() looking at "/usr/bin/gnome-terminal.real"
"Failed to extract plugin meta data from '/usr/bin/gnome-terminal.real'" 
         not a plugin
QFactoryLoader::QFactoryLoader() looking at "/usr/bin/gnome-terminal.wrapper"
QElfParser: '/usr/bin/gnome-terminal.wrapper' is not an ELF object
"'/usr/bin/gnome-terminal.wrapper' is not an ELF object" 
         not a plugin
QFactoryLoader::QFactoryLoader() looking at "/usr/bin/gnome-text-editor"
"Failed to extract plugin meta data from '/usr/bin/gedit'" 
         not a plugin
QFactoryLoader::QFactoryLoader() looking at "/usr/bin/gnome-thumbnail-font"
"Failed to extract plugin meta data from '/usr/bin/gnome-thumbnail-font'" 
         not a plugin
QFactoryLoader::QFactoryLoader() looking at "/usr/bin/gnome-todo"
"Failed to extract plugin meta data from '/usr/bin/gnome-todo'" 
         not a plugin
QFactoryLoader::QFactoryLoader() looking at "/usr/bin/gnome-www-browser"
QElfParser: '/usr/lib/firefox/firefox.sh' is not an ELF object
"'/usr/lib/firefox/firefox.sh' is not an ELF object" 
         not a plugin
QFactoryLoader::QFactoryLoader() looking at "/usr/bin/gobject-query"
"Failed to extract plugin meta data from '/usr/bin/gobject-query'" 
         not a plugin
QFactoryLoader::QFactoryLoader() looking at "/usr/bin/gold"
"Failed to extract plugin meta data from '/usr/bin/aarch64-linux-gnu-ld.gold'" 
         not a plugin
QFactoryLoader::QFactoryLoader() looking at "/usr/bin/gpasswd"
"Failed to extract plugin meta data from '/usr/bin/gpasswd'" 
         not a plugin
QFactoryLoader::QFactoryLoader() looking at "/usr/bin/gpg"
"Failed to extract plugin meta data from '/usr/bin/gpg'" 
         not a plugin
QFactoryLoader::QFactoryLoader() looking at "/usr/bin/gpg-agent"
"Failed to extract plugin meta data from '/usr/bin/gpg-agent'" 
         not a plugin
QFactoryLoader::QFactoryLoader() looking at "/usr/bin/gpg-connect-agent"
"Failed to extract plugin meta data from '/usr/bin/gpg-connect-agent'" 
         not a plugin
QFactoryLoader::QFactoryLoader() looking at "/usr/bin/gpg-wks-server"
"Failed to extract plugin meta data from '/usr/bin/gpg-wks-server'" 
         not a plugin
QFactoryLoader::QFactoryLoader() looking at "/usr/bin/gpg-zip"
QElfParser: '/usr/bin/gpg-zip' is not an ELF object
"'/usr/bin/gpg-zip' is not an ELF object" 
         not a plugin
QFactoryLoader::QFactoryLoader() looking at "/usr/bin/gpgcompose"
"Failed to extract plugin meta data from '/usr/bin/gpgcompose'" 
         not a plugin
QFactoryLoader::QFactoryLoader() looking at "/usr/bin/gpgconf"
"Failed to extract plugin meta data from '/usr/bin/gpgconf'" 
         not a plugin
QFactoryLoader::QFactoryLoader() looking at "/usr/bin/gpgparsemail"
"Failed to extract plugin meta data from '/usr/bin/gpgparsemail'" 
         not a plugin
QFactoryLoader::QFactoryLoader() looking at "/usr/bin/gpgsm"
"Failed to extract plugin meta data from '/usr/bin/gpgsm'" 
         not a plugin
QFactoryLoader::QFactoryLoader() looking at "/usr/bin/gpgsplit"
"Failed to extract plugin meta data from '/usr/bin/gpgsplit'" 
         not a plugin
QFactoryLoader::QFactoryLoader() looking at "/usr/bin/gpgtar"
"Failed to extract plugin meta data from '/usr/bin/gpgtar'" 
         not a plugin
QFactoryLoader::QFactoryLoader() looking at "/usr/bin/gpgv"
"Failed to extract plugin meta data from '/usr/bin/gpgv'" 
         not a plugin
QFactoryLoader::QFactoryLoader() looking at "/usr/bin/gpic"
"Failed to extract plugin meta data from '/usr/bin/pic'" 
         not a plugin
QFactoryLoader::QFactoryLoader() looking at "/usr/bin/gprof"
"Failed to extract plugin meta data from '/usr/bin/aarch64-linux-gnu-gprof'" 
         not a plugin
QFactoryLoader::QFactoryLoader() looking at "/usr/bin/grep"
"Failed to extract plugin meta data from '/usr/bin/grep'" 
         not a plugin
QFactoryLoader::QFactoryLoader() looking at "/usr/bin/gresource"
"Failed to extract plugin meta data from '/usr/bin/gresource'" 
         not a plugin
QFactoryLoader::QFactoryLoader() looking at "/usr/bin/groff"
"Failed to extract plugin meta data from '/usr/bin/groff'" 
         not a plugin
QFactoryLoader::QFactoryLoader() looking at "/usr/bin/grog"
QElfParser: '/usr/bin/grog' is not an ELF object
"'/usr/bin/grog' is not an ELF object" 
         not a plugin
QFactoryLoader::QFactoryLoader() looking at "/usr/bin/grops"
"Failed to extract plugin meta data from '/usr/bin/grops'" 
         not a plugin
QFactoryLoader::QFactoryLoader() looking at "/usr/bin/grotty"
"Failed to extract plugin meta data from '/usr/bin/grotty'" 
         not a plugin
QFactoryLoader::QFactoryLoader() looking at "/usr/bin/groups"
"Failed to extract plugin meta data from '/usr/bin/groups'" 
         not a plugin
QFactoryLoader::QFactoryLoader() looking at "/usr/bin/gs"
"Failed to extract plugin meta data from '/usr/bin/gs'" 
         not a plugin
QFactoryLoader::QFactoryLoader() looking at "/usr/bin/gsbj"
QElfParser: '/usr/bin/gsbj' is not an ELF object
"'/usr/bin/gsbj' is not an ELF object" 
         not a plugin
QFactoryLoader::QFactoryLoader() looking at "/usr/bin/gsdj"
QElfParser: '/usr/bin/gsdj' is not an ELF object
"'/usr/bin/gsdj' is not an ELF object" 
         not a plugin
QFactoryLoader::QFactoryLoader() looking at "/usr/bin/gsdj500"
QElfParser: '/usr/bin/gsdj500' is not an ELF object
"'/usr/bin/gsdj500' is not an ELF object" 
         not a plugin
QFactoryLoader::QFactoryLoader() looking at "/usr/bin/gsettings"
"Failed to extract plugin meta data from '/usr/bin/gsettings'" 
         not a plugin
QFactoryLoader::QFactoryLoader() looking at "/usr/bin/gslj"
QElfParser: '/usr/bin/gslj' is not an ELF object
"'/usr/bin/gslj' is not an ELF object" 
         not a plugin
QFactoryLoader::QFactoryLoader() looking at "/usr/bin/gslp"
QElfParser: '/usr/bin/gslp' is not an ELF object
"'/usr/bin/gslp' is not an ELF object" 
         not a plugin
QFactoryLoader::QFactoryLoader() looking at "/usr/bin/gsnd"
QElfParser: '/usr/bin/gsnd' is not an ELF object
"'/usr/bin/gsnd' is not an ELF object" 
         not a plugin
QFactoryLoader::QFactoryLoader() looking at "/usr/bin/gst-device-monitor-1.0"
"Failed to extract plugin meta data from '/usr/bin/gst-device-monitor-1.0'" 
         not a plugin
QFactoryLoader::QFactoryLoader() looking at "/usr/bin/gst-discoverer-1.0"
"Failed to extract plugin meta data from '/usr/bin/gst-discoverer-1.0'" 
         not a plugin
QFactoryLoader::QFactoryLoader() looking at "/usr/bin/gst-inspect-1.0"
"Failed to extract plugin meta data from '/usr/bin/gst-inspect-1.0'" 
         not a plugin
QFactoryLoader::QFactoryLoader() looking at "/usr/bin/gst-install"
QElfParser: '/usr/bin/gst-install' is not an ELF object
"'/usr/bin/gst-install' is not an ELF object" 
         not a plugin
QFactoryLoader::QFactoryLoader() looking at "/usr/bin/gst-launch-1.0"
"Failed to extract plugin meta data from '/usr/bin/gst-launch-1.0'" 
         not a plugin
QFactoryLoader::QFactoryLoader() looking at "/usr/bin/gst-play-1.0"
"Failed to extract plugin meta data from '/usr/bin/gst-play-1.0'" 
         not a plugin
QFactoryLoader::QFactoryLoader() looking at "/usr/bin/gst-typefind-1.0"
"Failed to extract plugin meta data from '/usr/bin/gst-typefind-1.0'" 
         not a plugin
QFactoryLoader::QFactoryLoader() looking at "/usr/bin/gstreamer-codec-install"
"Failed to extract plugin meta data from '/usr/lib/packagekit/pk-gstreamer-install'" 
         not a plugin
QFactoryLoader::QFactoryLoader() looking at "/usr/bin/gtbl"
"Failed to extract plugin meta data from '/usr/bin/tbl'" 
         not a plugin
QFactoryLoader::QFactoryLoader() looking at "/usr/bin/gtester"
"Failed to extract plugin meta data from '/usr/bin/gtester'" 
         not a plugin
QFactoryLoader::QFactoryLoader() looking at "/usr/bin/gtester-report"
QElfParser: '/usr/bin/gtester-report' is not an ELF object
"'/usr/bin/gtester-report' is not an ELF object" 
         not a plugin
QFactoryLoader::QFactoryLoader() looking at "/usr/bin/gtf"
"Failed to extract plugin meta data from '/usr/bin/gtf'" 
         not a plugin
QFactoryLoader::QFactoryLoader() looking at "/usr/bin/gtk-update-icon-cache"
"Failed to extract plugin meta data from '/usr/bin/gtk-update-icon-cache'" 
         not a plugin
QFactoryLoader::QFactoryLoader() looking at "/usr/bin/gunzip"
QElfParser: '/usr/bin/gunzip' is not an ELF object
"'/usr/bin/gunzip' is not an ELF object" 
         not a plugin
QFactoryLoader::QFactoryLoader() looking at "/usr/bin/gvfs-cat"
QElfParser: '/usr/bin/gvfs-cat' is not an ELF object
"'/usr/bin/gvfs-cat' is not an ELF object" 
         not a plugin
QFactoryLoader::QFactoryLoader() looking at "/usr/bin/gvfs-copy"
QElfParser: '/usr/bin/gvfs-copy' is not an ELF object
"'/usr/bin/gvfs-copy' is not an ELF object" 
         not a plugin
QFactoryLoader::QFactoryLoader() looking at "/usr/bin/gvfs-info"
QElfParser: '/usr/bin/gvfs-info' is not an ELF object
"'/usr/bin/gvfs-info' is not an ELF object" 
         not a plugin
QFactoryLoader::QFactoryLoader() looking at "/usr/bin/gvfs-less"
QElfParser: '/usr/bin/gvfs-less' is not an ELF object
"'/usr/bin/gvfs-less' is not an ELF object" 
         not a plugin
QFactoryLoader::QFactoryLoader() looking at "/usr/bin/gvfs-ls"
QElfParser: '/usr/bin/gvfs-ls' is not an ELF object
"'/usr/bin/gvfs-ls' is not an ELF object" 
         not a plugin
QFactoryLoader::QFactoryLoader() looking at "/usr/bin/gvfs-mime"
QElfParser: '/usr/bin/gvfs-mime' is not an ELF object
"'/usr/bin/gvfs-mime' is not an ELF object" 
         not a plugin
QFactoryLoader::QFactoryLoader() looking at "/usr/bin/gvfs-mkdir"
QElfParser: '/usr/bin/gvfs-mkdir' is not an ELF object
"'/usr/bin/gvfs-mkdir' is not an ELF object" 
         not a plugin
QFactoryLoader::QFactoryLoader() looking at "/usr/bin/gvfs-monitor-dir"
QElfParser: '/usr/bin/gvfs-monitor-dir' is not an ELF object
"'/usr/bin/gvfs-monitor-dir' is not an ELF object" 
         not a plugin
QFactoryLoader::QFactoryLoader() looking at "/usr/bin/gvfs-monitor-file"
QElfParser: '/usr/bin/gvfs-monitor-file' is not an ELF object
"'/usr/bin/gvfs-monitor-file' is not an ELF object" 
         not a plugin
QFactoryLoader::QFactoryLoader() looking at "/usr/bin/gvfs-mount"
QElfParser: '/usr/bin/gvfs-mount' is not an ELF object
"'/usr/bin/gvfs-mount' is not an ELF object" 
         not a plugin
QFactoryLoader::QFactoryLoader() looking at "/usr/bin/gvfs-move"
QElfParser: '/usr/bin/gvfs-move' is not an ELF object
"'/usr/bin/gvfs-move' is not an ELF object" 
         not a plugin
QFactoryLoader::QFactoryLoader() looking at "/usr/bin/gvfs-open"
QElfParser: '/usr/bin/gvfs-open' is not an ELF object
"'/usr/bin/gvfs-open' is not an ELF object" 
         not a plugin
QFactoryLoader::QFactoryLoader() looking at "/usr/bin/gvfs-rename"
QElfParser: '/usr/bin/gvfs-rename' is not an ELF object
"'/usr/bin/gvfs-rename' is not an ELF object" 
         not a plugin
QFactoryLoader::QFactoryLoader() looking at "/usr/bin/gvfs-rm"
QElfParser: '/usr/bin/gvfs-rm' is not an ELF object
"'/usr/bin/gvfs-rm' is not an ELF object" 
         not a plugin
QFactoryLoader::QFactoryLoader() looking at "/usr/bin/gvfs-save"
QElfParser: '/usr/bin/gvfs-save' is not an ELF object
"'/usr/bin/gvfs-save' is not an ELF object" 
         not a plugin
QFactoryLoader::QFactoryLoader() looking at "/usr/bin/gvfs-set-attribute"
QElfParser: '/usr/bin/gvfs-set-attribute' is not an ELF object
"'/usr/bin/gvfs-set-attribute' is not an ELF object" 
         not a plugin
QFactoryLoader::QFactoryLoader() looking at "/usr/bin/gvfs-trash"
QElfParser: '/usr/bin/gvfs-trash' is not an ELF object
"'/usr/bin/gvfs-trash' is not an ELF object" 
         not a plugin
QFactoryLoader::QFactoryLoader() looking at "/usr/bin/gvfs-tree"
QElfParser: '/usr/bin/gvfs-tree' is not an ELF object
"'/usr/bin/gvfs-tree' is not an ELF object" 
         not a plugin
QFactoryLoader::QFactoryLoader() looking at "/usr/bin/gzexe"
QElfParser: '/usr/bin/gzexe' is not an ELF object
"'/usr/bin/gzexe' is not an ELF object" 
         not a plugin
QFactoryLoader::QFactoryLoader() looking at "/usr/bin/gzip"
"Failed to extract plugin meta data from '/usr/bin/gzip'" 
         not a plugin
QFactoryLoader::QFactoryLoader() looking at "/usr/bin/h2ph"
QElfParser: '/usr/bin/h2ph' is not an ELF object
"'/usr/bin/h2ph' is not an ELF object" 
         not a plugin
QFactoryLoader::QFactoryLoader() looking at "/usr/bin/h2xs"
QElfParser: '/usr/bin/h2xs' is not an ELF object
"'/usr/bin/h2xs' is not an ELF object" 
         not a plugin
QFactoryLoader::QFactoryLoader() looking at "/usr/bin/h52gif"
"Failed to extract plugin meta data from '/usr/bin/h52gif'" 
         not a plugin
QFactoryLoader::QFactoryLoader() looking at "/usr/bin/h5c++"
QElfParser: '/usr/bin/h5c++' is not an ELF object
"'/usr/bin/h5c++' is not an ELF object" 
         not a plugin
QFactoryLoader::QFactoryLoader() looking at "/usr/bin/h5cc"
QElfParser: '/usr/bin/h5cc' is not an ELF object
"'/usr/bin/h5cc' is not an ELF object" 
         not a plugin
QFactoryLoader::QFactoryLoader() looking at "/usr/bin/h5clear"
"Failed to extract plugin meta data from '/usr/bin/h5clear'" 
         not a plugin
QFactoryLoader::QFactoryLoader() looking at "/usr/bin/h5copy"
"Failed to extract plugin meta data from '/usr/bin/h5copy'" 
         not a plugin
QFactoryLoader::QFactoryLoader() looking at "/usr/bin/h5debug"
"Failed to extract plugin meta data from '/usr/bin/h5debug'" 
         not a plugin
QFactoryLoader::QFactoryLoader() looking at "/usr/bin/h5diff"
"Failed to extract plugin meta data from '/usr/bin/h5diff'" 
         not a plugin
QFactoryLoader::QFactoryLoader() looking at "/usr/bin/h5dump"
"Failed to extract plugin meta data from '/usr/bin/h5dump'" 
         not a plugin
QFactoryLoader::QFactoryLoader() looking at "/usr/bin/h5fc"
QElfParser: '/usr/bin/h5fc' is not an ELF object
"'/usr/bin/h5fc' is not an ELF object" 
         not a plugin
QFactoryLoader::QFactoryLoader() looking at "/usr/bin/h5import"
"Failed to extract plugin meta data from '/usr/bin/h5import'" 
         not a plugin
QFactoryLoader::QFactoryLoader() looking at "/usr/bin/h5jam"
"Failed to extract plugin meta data from '/usr/bin/h5jam'" 
         not a plugin
QFactoryLoader::QFactoryLoader() looking at "/usr/bin/h5ls"
"Failed to extract plugin meta data from '/usr/bin/h5ls'" 
         not a plugin
QFactoryLoader::QFactoryLoader() looking at "/usr/bin/h5mkgrp"
"Failed to extract plugin meta data from '/usr/bin/h5mkgrp'" 
         not a plugin
QFactoryLoader::QFactoryLoader() looking at "/usr/bin/h5perf_serial"
"Failed to extract plugin meta data from '/usr/bin/h5perf_serial'" 
         not a plugin
QFactoryLoader::QFactoryLoader() looking at "/usr/bin/h5redeploy"
QElfParser: '/usr/bin/h5redeploy' is not an ELF object
"'/usr/bin/h5redeploy' is not an ELF object" 
         not a plugin
QFactoryLoader::QFactoryLoader() looking at "/usr/bin/h5repack"
"Failed to extract plugin meta data from '/usr/bin/h5repack'" 
         not a plugin
QFactoryLoader::QFactoryLoader() looking at "/usr/bin/h5repart"
"Failed to extract plugin meta data from '/usr/bin/h5repart'" 
         not a plugin
QFactoryLoader::QFactoryLoader() looking at "/usr/bin/h5stat"
"Failed to extract plugin meta data from '/usr/bin/h5stat'" 
         not a plugin
QFactoryLoader::QFactoryLoader() looking at "/usr/bin/h5unjam"
"Failed to extract plugin meta data from '/usr/bin/h5unjam'" 
         not a plugin
QFactoryLoader::QFactoryLoader() looking at "/usr/bin/hardinfo"
"Failed to extract plugin meta data from '/usr/bin/hardinfo'" 
         not a plugin
QFactoryLoader::QFactoryLoader() looking at "/usr/bin/hciattach"
"Failed to extract plugin meta data from '/usr/bin/hciattach'" 
         not a plugin
QFactoryLoader::QFactoryLoader() looking at "/usr/bin/hciconfig"
"Failed to extract plugin meta data from '/usr/bin/hciconfig'" 
         not a plugin
QFactoryLoader::QFactoryLoader() looking at "/usr/bin/hcitool"
"Failed to extract plugin meta data from '/usr/bin/hcitool'" 
         not a plugin
QFactoryLoader::QFactoryLoader() looking at "/usr/bin/hd"
"Failed to extract plugin meta data from '/usr/bin/hexdump'" 
         not a plugin
QFactoryLoader::QFactoryLoader() looking at "/usr/bin/HEAD"
QElfParser: '/usr/bin/lwp-request' is not an ELF object
"'/usr/bin/lwp-request' is not an ELF object" 
         not a plugin
QFactoryLoader::QFactoryLoader() looking at "/usr/bin/head"
"Failed to extract plugin meta data from '/usr/bin/head'" 
         not a plugin
QFactoryLoader::QFactoryLoader() looking at "/usr/bin/helpztags"
QElfParser: '/usr/bin/helpztags' is not an ELF object
"'/usr/bin/helpztags' is not an ELF object" 
         not a plugin
QFactoryLoader::QFactoryLoader() looking at "/usr/bin/hex2hcd"
"Failed to extract plugin meta data from '/usr/bin/hex2hcd'" 
         not a plugin
QFactoryLoader::QFactoryLoader() looking at "/usr/bin/hexdump"
"Failed to extract plugin meta data from '/usr/bin/hexdump'" 
         not a plugin
QFactoryLoader::QFactoryLoader() looking at "/usr/bin/host"
"Failed to extract plugin meta data from '/usr/bin/host'" 
         not a plugin
QFactoryLoader::QFactoryLoader() looking at "/usr/bin/hostid"
"Failed to extract plugin meta data from '/usr/bin/hostid'" 
         not a plugin
QFactoryLoader::QFactoryLoader() looking at "/usr/bin/hostname"
"Failed to extract plugin meta data from '/usr/bin/hostname'" 
         not a plugin
QFactoryLoader::QFactoryLoader() looking at "/usr/bin/hostnamectl"
"Failed to extract plugin meta data from '/usr/bin/hostnamectl'" 
         not a plugin
QFactoryLoader::QFactoryLoader() looking at "/usr/bin/htop"
"Failed to extract plugin meta data from '/usr/bin/htop'" 
         not a plugin
QFactoryLoader::QFactoryLoader() looking at "/usr/bin/hwe-support-status"
QElfParser: '/usr/bin/hwe-support-status' is not an ELF object
"'/usr/bin/hwe-support-status' is not an ELF object" 
         not a plugin
QFactoryLoader::QFactoryLoader() looking at "/usr/bin/ibus"
"Failed to extract plugin meta data from '/usr/bin/ibus'" 
         not a plugin
QFactoryLoader::QFactoryLoader() looking at "/usr/bin/ibus-daemon"
"Failed to extract plugin meta data from '/usr/bin/ibus-daemon'" 
         not a plugin
QFactoryLoader::QFactoryLoader() looking at "/usr/bin/ibus-setup"
QElfParser: '/usr/bin/ibus-setup' is not an ELF object
"'/usr/bin/ibus-setup' is not an ELF object" 
         not a plugin
QFactoryLoader::QFactoryLoader() looking at "/usr/bin/ibus-table-createdb"
QElfParser: '/usr/bin/ibus-table-createdb' is not an ELF object
"'/usr/bin/ibus-table-createdb' is not an ELF object" 
         not a plugin
QFactoryLoader::QFactoryLoader() looking at "/usr/bin/iceauth"
"Failed to extract plugin meta data from '/usr/bin/iceauth'" 
         not a plugin
QFactoryLoader::QFactoryLoader() looking at "/usr/bin/ico"
"Failed to extract plugin meta data from '/usr/bin/ico'" 
         not a plugin
QFactoryLoader::QFactoryLoader() looking at "/usr/bin/iconv"
"Failed to extract plugin meta data from '/usr/bin/iconv'" 
         not a plugin
QFactoryLoader::QFactoryLoader() looking at "/usr/bin/icuinfo"
"Failed to extract plugin meta data from '/usr/bin/icuinfo'" 
         not a plugin
QFactoryLoader::QFactoryLoader() looking at "/usr/bin/id"
"Failed to extract plugin meta data from '/usr/bin/id'" 
         not a plugin
QFactoryLoader::QFactoryLoader() looking at "/usr/bin/ids_afl_features_live_qtwidgets_cpp"
QElfParser: '/usr/bin/ids_afl_features_live_qtwidgets_cpp' is not an ELF object
"'/usr/bin/ids_afl_features_live_qtwidgets_cpp' is not an ELF object" 
         not a plugin
QFactoryLoader::QFactoryLoader() looking at "/usr/bin/ids_chunks_live_qtwidgets_cpp"
QElfParser: '/usr/bin/ids_chunks_live_qtwidgets_cpp' is not an ELF object
"'/usr/bin/ids_chunks_live_qtwidgets_cpp' is not an ELF object" 
         not a plugin
QFactoryLoader::QFactoryLoader() looking at "/usr/bin/ids_configure_camera_gfa_c"
QElfParser: '/usr/bin/ids_configure_camera_gfa_c' is not an ELF object
"'/usr/bin/ids_configure_camera_gfa_c' is not an ELF object" 
         not a plugin
QFactoryLoader::QFactoryLoader() looking at "/usr/bin/ids_device_tree_cpp"
QElfParser: '/usr/bin/ids_device_tree_cpp' is not an ELF object
"'/usr/bin/ids_device_tree_cpp' is not an ELF object" 
         not a plugin
QFactoryLoader::QFactoryLoader() looking at "/usr/bin/ids_devicecommand"
QElfParser: '/usr/bin/ids_devicecommand' is not an ELF object
"'/usr/bin/ids_devicecommand' is not an ELF object" 
         not a plugin
QFactoryLoader::QFactoryLoader() looking at "/usr/bin/ids_devicepassword"
QElfParser: '/usr/bin/ids_devicepassword' is not an ELF object
"'/usr/bin/ids_devicepassword' is not an ELF object" 
         not a plugin
QFactoryLoader::QFactoryLoader() looking at "/usr/bin/ids_devicepassword_gui"
QElfParser: '/usr/bin/ids_devicepassword_gui' is not an ELF object
"'/usr/bin/ids_devicepassword_gui' is not an ELF object" 
         not a plugin
QFactoryLoader::QFactoryLoader() looking at "/usr/bin/ids_deviceupdate"
QElfParser: '/usr/bin/ids_deviceupdate' is not an ELF object
"'/usr/bin/ids_deviceupdate' is not an ELF object" 
         not a plugin
QFactoryLoader::QFactoryLoader() looking at "/usr/bin/ids_firmware_update_c"
QElfParser: '/usr/bin/ids_firmware_update_c' is not an ELF object
"'/usr/bin/ids_firmware_update_c' is not an ELF object" 
         not a plugin
QFactoryLoader::QFactoryLoader() looking at "/usr/bin/ids_firmware_update_cpp"
QElfParser: '/usr/bin/ids_firmware_update_cpp' is not an ELF object
"'/usr/bin/ids_firmware_update_cpp' is not an ELF object" 
         not a plugin
QFactoryLoader::QFactoryLoader() looking at "/usr/bin/ids_firmware_update_csharp"
QElfParser: '/usr/bin/ids_firmware_update_csharp' is not an ELF object
"'/usr/bin/ids_firmware_update_csharp' is not an ELF object" 
         not a plugin
QFactoryLoader::QFactoryLoader() looking at "/usr/bin/ids_firmware_update_python"
QElfParser: '/usr/bin/ids_firmware_update_python' is not an ELF object
"'/usr/bin/ids_firmware_update_python' is not an ELF object" 
         not a plugin
QFactoryLoader::QFactoryLoader() looking at "/usr/bin/ids_get_first_pixel_cpp"
QElfParser: '/usr/bin/ids_get_first_pixel_cpp' is not an ELF object
"'/usr/bin/ids_get_first_pixel_cpp' is not an ELF object" 
         not a plugin
QFactoryLoader::QFactoryLoader() looking at "/usr/bin/ids_host_auto_features_live_qtwidgets_cpp"
QElfParser: '/usr/bin/ids_host_auto_features_live_qtwidgets_cpp' is not an ELF object
"'/usr/bin/ids_host_auto_features_live_qtwidgets_cpp' is not an ELF object" 
         not a plugin
QFactoryLoader::QFactoryLoader() looking at "/usr/bin/ids_i2c_c"
QElfParser: '/usr/bin/ids_i2c_c' is not an ELF object
"'/usr/bin/ids_i2c_c' is not an ELF object" 
         not a plugin
QFactoryLoader::QFactoryLoader() looking at "/usr/bin/ids_inference_c"
QElfParser: '/usr/bin/ids_inference_c' is not an ELF object
"'/usr/bin/ids_inference_c' is not an ELF object" 
         not a plugin
QFactoryLoader::QFactoryLoader() looking at "/usr/bin/ids_ipconfig"
QElfParser: '/usr/bin/ids_ipconfig' is not an ELF object
"'/usr/bin/ids_ipconfig' is not an ELF object" 
         not a plugin
QFactoryLoader::QFactoryLoader() looking at "/usr/bin/ids_ipl_features_live_qtwidgets_c"
QElfParser: '/usr/bin/ids_ipl_features_live_qtwidgets_c' is not an ELF object
"'/usr/bin/ids_ipl_features_live_qtwidgets_c' is not an ELF object" 
         not a plugin
QFactoryLoader::QFactoryLoader() looking at "/usr/bin/ids_lego_trigger_cpp"
QElfParser: '/usr/bin/ids_lego_trigger_cpp' is not an ELF object
"'/usr/bin/ids_lego_trigger_cpp' is not an ELF object" 
         not a plugin
QFactoryLoader::QFactoryLoader() looking at "/usr/bin/ids_linescan_live_qtwidgets_cpp"
QElfParser: '/usr/bin/ids_linescan_live_qtwidgets_cpp' is not an ELF object
"'/usr/bin/ids_linescan_live_qtwidgets_cpp' is not an ELF object" 
         not a plugin
QFactoryLoader::QFactoryLoader() looking at "/usr/bin/ids_message_queue_c"
QElfParser: '/usr/bin/ids_message_queue_c' is not an ELF object
"'/usr/bin/ids_message_queue_c' is not an ELF object" 
         not a plugin
QFactoryLoader::QFactoryLoader() looking at "/usr/bin/ids_multi_camera_live_qtwidgets_cpp"
QElfParser: '/usr/bin/ids_multi_camera_live_qtwidgets_cpp' is not an ELF object
"'/usr/bin/ids_multi_camera_live_qtwidgets_cpp' is not an ELF object" 
         not a plugin
QFactoryLoader::QFactoryLoader() looking at "/usr/bin/ids_open_camera_by_serno_cpp"
QElfParser: '/usr/bin/ids_open_camera_by_serno_cpp' is not an ELF object
"'/usr/bin/ids_open_camera_by_serno_cpp' is not an ELF object" 
         not a plugin
QFactoryLoader::QFactoryLoader() looking at "/usr/bin/ids_open_camera_cpp"
QElfParser: '/usr/bin/ids_open_camera_cpp' is not an ELF object
"'/usr/bin/ids_open_camera_cpp' is not an ELF object" 
         not a plugin
QFactoryLoader::QFactoryLoader() looking at "/usr/bin/ids_open_camera_csharp"
QElfParser: '/usr/bin/ids_open_camera_csharp' is not an ELF object
"'/usr/bin/ids_open_camera_csharp' is not an ELF object" 
         not a plugin
QFactoryLoader::QFactoryLoader() looking at "/usr/bin/ids_open_camera_load_userset_default_cpp"
QElfParser: '/usr/bin/ids_open_camera_load_userset_default_cpp' is not an ELF object
"'/usr/bin/ids_open_camera_load_userset_default_cpp' is not an ELF object" 
         not a plugin
QFactoryLoader::QFactoryLoader() looking at "/usr/bin/ids_open_camera_python"
QElfParser: '/usr/bin/ids_open_camera_python' is not an ELF object
"'/usr/bin/ids_open_camera_python' is not an ELF object" 
         not a plugin
QFactoryLoader::QFactoryLoader() looking at "/usr/bin/ids_open_camera_select_cti_cpp"
QElfParser: '/usr/bin/ids_open_camera_select_cti_cpp' is not an ELF object
"'/usr/bin/ids_open_camera_select_cti_cpp' is not an ELF object" 
         not a plugin
QFactoryLoader::QFactoryLoader() looking at "/usr/bin/ids_peak_cockpit"
QElfParser: '/usr/bin/ids_peak_cockpit' is not an ELF object
"'/usr/bin/ids_peak_cockpit' is not an ELF object" 
         not a plugin
QFactoryLoader::QFactoryLoader() looking at "/usr/bin/ids_reconnect_c"
QElfParser: '/usr/bin/ids_reconnect_c' is not an ELF object
"'/usr/bin/ids_reconnect_c' is not an ELF object" 
         not a plugin
QFactoryLoader::QFactoryLoader() looking at "/usr/bin/ids_reconnect_callbacks_cpp"
QElfParser: '/usr/bin/ids_reconnect_callbacks_cpp' is not an ELF object
"'/usr/bin/ids_reconnect_callbacks_cpp' is not an ELF object" 
         not a plugin
QFactoryLoader::QFactoryLoader() looking at "/usr/bin/ids_reconnect_callbacks_csharp"
QElfParser: '/usr/bin/ids_reconnect_callbacks_csharp' is not an ELF object
"'/usr/bin/ids_reconnect_callbacks_csharp' is not an ELF object" 
         not a plugin
QFactoryLoader::QFactoryLoader() looking at "/usr/bin/ids_reconnect_callbacks_python"
QElfParser: '/usr/bin/ids_reconnect_callbacks_python' is not an ELF object
"'/usr/bin/ids_reconnect_callbacks_python' is not an ELF object" 
         not a plugin
QFactoryLoader::QFactoryLoader() looking at "/usr/bin/ids_record_video_and_change_parameter_python"
QElfParser: '/usr/bin/ids_record_video_and_change_parameter_python' is not an ELF object
"'/usr/bin/ids_record_video_and_change_parameter_python' is not an ELF object" 
         not a plugin
QFactoryLoader::QFactoryLoader() looking at "/usr/bin/ids_record_video_c"
QElfParser: '/usr/bin/ids_record_video_c' is not an ELF object
"'/usr/bin/ids_record_video_c' is not an ELF object" 
         not a plugin
QFactoryLoader::QFactoryLoader() looking at "/usr/bin/ids_remote_device_events_cpp"
QElfParser: '/usr/bin/ids_remote_device_events_cpp' is not an ELF object
"'/usr/bin/ids_remote_device_events_cpp' is not an ELF object" 
         not a plugin
QFactoryLoader::QFactoryLoader() looking at "/usr/bin/ids_save_images_live_qtwidgets_cpp"
QElfParser: '/usr/bin/ids_save_images_live_qtwidgets_cpp' is not an ELF object
"'/usr/bin/ids_save_images_live_qtwidgets_cpp' is not an ELF object" 
         not a plugin
QFactoryLoader::QFactoryLoader() looking at "/usr/bin/ids_sequencer_qtwidgets_c"
QElfParser: '/usr/bin/ids_sequencer_qtwidgets_c' is not an ELF object
"'/usr/bin/ids_sequencer_qtwidgets_c' is not an ELF object" 
         not a plugin
QFactoryLoader::QFactoryLoader() looking at "/usr/bin/ids_simple_live_qtwidgets_c"
QElfParser: '/usr/bin/ids_simple_live_qtwidgets_c' is not an ELF object
"'/usr/bin/ids_simple_live_qtwidgets_c' is not an ELF object" 
         not a plugin
QFactoryLoader::QFactoryLoader() looking at "/usr/bin/ids_simple_live_qtwidgets_cpp"
QElfParser: '/usr/bin/ids_simple_live_qtwidgets_cpp' is not an ELF object
"'/usr/bin/ids_simple_live_qtwidgets_cpp' is not an ELF object" 
         not a plugin
QFactoryLoader::QFactoryLoader() looking at "/usr/bin/ids_simple_live_qtwidgets_python"
QElfParser: '/usr/bin/ids_simple_live_qtwidgets_python' is not an ELF object
"'/usr/bin/ids_simple_live_qtwidgets_python' is not an ELF object" 
         not a plugin
QFactoryLoader::QFactoryLoader() looking at "/usr/bin/ids_start_stop_acquisition_software_trigger_python"
QElfParser: '/usr/bin/ids_start_stop_acquisition_software_trigger_python' is not an ELF object
"'/usr/bin/ids_start_stop_acquisition_software_trigger_python' is not an ELF object" 
         not a plugin
QFactoryLoader::QFactoryLoader() looking at "/usr/bin/ids_support_tool"
QElfParser: '/usr/bin/ids_support_tool' is not an ELF object
"'/usr/bin/ids_support_tool' is not an ELF object" 
         not a plugin
QFactoryLoader::QFactoryLoader() looking at "/usr/bin/ids_trigger_live_qtwidgets_c"
QElfParser: '/usr/bin/ids_trigger_live_qtwidgets_c' is not an ELF object
"'/usr/bin/ids_trigger_live_qtwidgets_c' is not an ELF object" 
         not a plugin
QFactoryLoader::QFactoryLoader() looking at "/usr/bin/ids_walkthrough_c"
QElfParser: '/usr/bin/ids_walkthrough_c' is not an ELF object
"'/usr/bin/ids_walkthrough_c' is not an ELF object" 
         not a plugin
QFactoryLoader::QFactoryLoader() looking at "/usr/bin/ids_walkthrough_cpp"
QElfParser: '/usr/bin/ids_walkthrough_cpp' is not an ELF object
"'/usr/bin/ids_walkthrough_cpp' is not an ELF object" 
         not a plugin
QFactoryLoader::QFactoryLoader() looking at "/usr/bin/iecset"
"Failed to extract plugin meta data from '/usr/bin/iecset'" 
         not a plugin
QFactoryLoader::QFactoryLoader() looking at "/usr/bin/ifnames"
QElfParser: '/usr/bin/ifnames' is not an ELF object
"'/usr/bin/ifnames' is not an ELF object" 
         not a plugin
QFactoryLoader::QFactoryLoader() looking at "/usr/bin/im-config"
QElfParser: '/usr/bin/im-config' is not an ELF object
"'/usr/bin/im-config' is not an ELF object" 
         not a plugin
QFactoryLoader::QFactoryLoader() looking at "/usr/bin/im-launch"
QElfParser: '/usr/bin/im-launch' is not an ELF object
"'/usr/bin/im-launch' is not an ELF object" 
         not a plugin
QFactoryLoader::QFactoryLoader() looking at "/usr/bin/info"
"Failed to extract plugin meta data from '/usr/bin/info'" 
         not a plugin
QFactoryLoader::QFactoryLoader() looking at "/usr/bin/infobrowser"
"Failed to extract plugin meta data from '/usr/bin/info'" 
         not a plugin
QFactoryLoader::QFactoryLoader() looking at "/usr/bin/infocmp"
"Failed to extract plugin meta data from '/usr/bin/infocmp'" 
         not a plugin
QFactoryLoader::QFactoryLoader() looking at "/usr/bin/infotocap"
"Failed to extract plugin meta data from '/usr/bin/tic'" 
         not a plugin
QFactoryLoader::QFactoryLoader() looking at "/usr/bin/inputattach"
"Failed to extract plugin meta data from '/usr/bin/inputattach'" 
         not a plugin
QFactoryLoader::QFactoryLoader() looking at "/usr/bin/install"
"Failed to extract plugin meta data from '/usr/bin/install'" 
         not a plugin
QFactoryLoader::QFactoryLoader() looking at "/usr/bin/install-info"
"Failed to extract plugin meta data from '/usr/bin/install-info'" 
         not a plugin
QFactoryLoader::QFactoryLoader() looking at "/usr/bin/install-printerdriver"
QElfParser: '/usr/bin/install-printerdriver' is not an ELF object
"'/usr/bin/install-printerdriver' is not an ELF object" 
         not a plugin
QFactoryLoader::QFactoryLoader() looking at "/usr/bin/instmodsh"
QElfParser: '/usr/bin/instmodsh' is not an ELF object
"'/usr/bin/instmodsh' is not an ELF object" 
         not a plugin
QFactoryLoader::QFactoryLoader() looking at "/usr/bin/invgeod"
"Failed to extract plugin meta data from '/usr/bin/geod'" 
         not a plugin
QFactoryLoader::QFactoryLoader() looking at "/usr/bin/invproj"
"Failed to extract plugin meta data from '/usr/bin/proj'" 
         not a plugin
QFactoryLoader::QFactoryLoader() looking at "/usr/bin/ionice"
"Failed to extract plugin meta data from '/usr/bin/ionice'" 
         not a plugin
QFactoryLoader::QFactoryLoader() looking at "/usr/bin/ip"
"Failed to extract plugin meta data from '/usr/bin/ip'" 
         not a plugin
QFactoryLoader::QFactoryLoader() looking at "/usr/bin/ipcmk"
"Failed to extract plugin meta data from '/usr/bin/ipcmk'" 
         not a plugin
QFactoryLoader::QFactoryLoader() looking at "/usr/bin/ipcrm"
"Failed to extract plugin meta data from '/usr/bin/ipcrm'" 
         not a plugin
QFactoryLoader::QFactoryLoader() looking at "/usr/bin/ipcs"
"Failed to extract plugin meta data from '/usr/bin/ipcs'" 
         not a plugin
QFactoryLoader::QFactoryLoader() looking at "/usr/bin/iperf3"
"Failed to extract plugin meta data from '/usr/bin/iperf3'" 
         not a plugin
QFactoryLoader::QFactoryLoader() looking at "/usr/bin/ipod-read-sysinfo-extended"
"Failed to extract plugin meta data from '/usr/bin/ipod-read-sysinfo-extended'" 
         not a plugin
QFactoryLoader::QFactoryLoader() looking at "/usr/bin/ipod-time-sync"
"Failed to extract plugin meta data from '/usr/bin/ipod-time-sync'" 
         not a plugin
QFactoryLoader::QFactoryLoader() looking at "/usr/bin/iptables-xml"
"Failed to extract plugin meta data from '/usr/sbin/xtables-legacy-multi'" 
         not a plugin
QFactoryLoader::QFactoryLoader() looking at "/usr/bin/ischroot"
"Failed to extract plugin meta data from '/usr/bin/ischroot'" 
         not a plugin
QFactoryLoader::QFactoryLoader() looking at "/usr/bin/isdv4-serial-debugger"
"Failed to extract plugin meta data from '/usr/bin/isdv4-serial-debugger'" 
         not a plugin
QFactoryLoader::QFactoryLoader() looking at "/usr/bin/isdv4-serial-inputattach"
"Failed to extract plugin meta data from '/usr/bin/isdv4-serial-inputattach'" 
         not a plugin
QFactoryLoader::QFactoryLoader() looking at "/usr/bin/isodump"
"Failed to extract plugin meta data from '/usr/bin/isodump'" 
         not a plugin
QFactoryLoader::QFactoryLoader() looking at "/usr/bin/isoinfo"
"Failed to extract plugin meta data from '/usr/bin/isoinfo'" 
         not a plugin
QFactoryLoader::QFactoryLoader() looking at "/usr/bin/isotpdump"
"Failed to extract plugin meta data from '/usr/bin/isotpdump'" 
         not a plugin
QFactoryLoader::QFactoryLoader() looking at "/usr/bin/isotpperf"
"Failed to extract plugin meta data from '/usr/bin/isotpperf'" 
         not a plugin
QFactoryLoader::QFactoryLoader() looking at "/usr/bin/isotprecv"
"Failed to extract plugin meta data from '/usr/bin/isotprecv'" 
         not a plugin
QFactoryLoader::QFactoryLoader() looking at "/usr/bin/isotpsend"
"Failed to extract plugin meta data from '/usr/bin/isotpsend'" 
         not a plugin
QFactoryLoader::QFactoryLoader() looking at "/usr/bin/isotpserver"
"Failed to extract plugin meta data from '/usr/bin/isotpserver'" 
         not a plugin
QFactoryLoader::QFactoryLoader() looking at "/usr/bin/isotpsniffer"
"Failed to extract plugin meta data from '/usr/bin/isotpsniffer'" 
         not a plugin
QFactoryLoader::QFactoryLoader() looking at "/usr/bin/isotptun"
"Failed to extract plugin meta data from '/usr/bin/isotptun'" 
         not a plugin
QFactoryLoader::QFactoryLoader() looking at "/usr/bin/isovfy"
"Failed to extract plugin meta data from '/usr/bin/isovfy'" 
         not a plugin
QFactoryLoader::QFactoryLoader() looking at "/usr/bin/ispell-wrapper"
QElfParser: '/usr/bin/ispell-wrapper' is not an ELF object
"'/usr/bin/ispell-wrapper' is not an ELF object" 
         not a plugin
QFactoryLoader::QFactoryLoader() looking at "/usr/bin/jacd"
"Failed to extract plugin meta data from '/usr/bin/jacd'" 
         not a plugin
QFactoryLoader::QFactoryLoader() looking at "/usr/bin/jetson_clocks"
QElfParser: '/usr/bin/jetson_clocks' is not an ELF object
"'/usr/bin/jetson_clocks' is not an ELF object" 
         not a plugin
QFactoryLoader::QFactoryLoader() looking at "/usr/bin/join"
"Failed to extract plugin meta data from '/usr/bin/join'" 
         not a plugin
QFactoryLoader::QFactoryLoader() looking at "/usr/bin/journalctl"
"Failed to extract plugin meta data from '/usr/bin/journalctl'" 
         not a plugin
QFactoryLoader::QFactoryLoader() looking at "/usr/bin/jpgicc"
"Failed to extract plugin meta data from '/usr/bin/jpgicc'" 
         not a plugin
QFactoryLoader::QFactoryLoader() looking at "/usr/bin/json_pp"
QElfParser: '/usr/bin/json_pp' is not an ELF object
"'/usr/bin/json_pp' is not an ELF object" 
         not a plugin
QFactoryLoader::QFactoryLoader() looking at "/usr/bin/jspy"
"Failed to extract plugin meta data from '/usr/bin/jspy'" 
         not a plugin
QFactoryLoader::QFactoryLoader() looking at "/usr/bin/jsr"
"Failed to extract plugin meta data from '/usr/bin/jsr'" 
         not a plugin
QFactoryLoader::QFactoryLoader() looking at "/usr/bin/kbd_mode"
"Failed to extract plugin meta data from '/usr/bin/kbd_mode'" 
         not a plugin
QFactoryLoader::QFactoryLoader() looking at "/usr/bin/kbdinfo"
"Failed to extract plugin meta data from '/usr/bin/kbdinfo'" 
         not a plugin
QFactoryLoader::QFactoryLoader() looking at "/usr/bin/kbxutil"
"Failed to extract plugin meta data from '/usr/bin/kbxutil'" 
         not a plugin
QFactoryLoader::QFactoryLoader() looking at "/usr/bin/kernel-install"
QElfParser: '/usr/bin/kernel-install' is not an ELF object
"'/usr/bin/kernel-install' is not an ELF object" 
         not a plugin
QFactoryLoader::QFactoryLoader() looking at "/usr/bin/kerneloops-submit"
"Failed to extract plugin meta data from '/usr/bin/kerneloops-submit'" 
         not a plugin
QFactoryLoader::QFactoryLoader() looking at "/usr/bin/keyctl"
"Failed to extract plugin meta data from '/usr/bin/keyctl'" 
         not a plugin
QFactoryLoader::QFactoryLoader() looking at "/usr/bin/keyring"
QElfParser: '/usr/bin/keyring' is not an ELF object
"'/usr/bin/keyring' is not an ELF object" 
         not a plugin
QFactoryLoader::QFactoryLoader() looking at "/usr/bin/kill"
"Failed to extract plugin meta data from '/usr/bin/kill'" 
         not a plugin
QFactoryLoader::QFactoryLoader() looking at "/usr/bin/killall"
"Failed to extract plugin meta data from '/usr/bin/killall'" 
         not a plugin
QFactoryLoader::QFactoryLoader() looking at "/usr/bin/kmod"
"Failed to extract plugin meta data from '/usr/bin/kmod'" 
         not a plugin
QFactoryLoader::QFactoryLoader() looking at "/usr/bin/koi8rxterm"
QElfParser: '/usr/bin/koi8rxterm' is not an ELF object
"'/usr/bin/koi8rxterm' is not an ELF object" 
         not a plugin
QFactoryLoader::QFactoryLoader() looking at "/usr/bin/l2ping"
"Failed to extract plugin meta data from '/usr/bin/l2ping'" 
         not a plugin
QFactoryLoader::QFactoryLoader() looking at "/usr/bin/l2test"
"Failed to extract plugin meta data from '/usr/bin/l2test'" 
         not a plugin
QFactoryLoader::QFactoryLoader() looking at "/usr/bin/laptop-detect"
QElfParser: '/usr/bin/laptop-detect' is not an ELF object
"'/usr/bin/laptop-detect' is not an ELF object" 
         not a plugin
QFactoryLoader::QFactoryLoader() looking at "/usr/bin/last"
"Failed to extract plugin meta data from '/usr/bin/last'" 
         not a plugin
QFactoryLoader::QFactoryLoader() looking at "/usr/bin/lastb"
"Failed to extract plugin meta data from '/usr/bin/last'" 
         not a plugin
QFactoryLoader::QFactoryLoader() looking at "/usr/bin/lastlog"
"Failed to extract plugin meta data from '/usr/bin/lastlog'" 
         not a plugin
QFactoryLoader::QFactoryLoader() looking at "/usr/bin/LayerManagerControl"
"Failed to extract plugin meta data from '/usr/lib/aarch64-linux-gnu/tegra/weston/LayerManagerControl'" 
         not a plugin
QFactoryLoader::QFactoryLoader() looking at "/usr/bin/lcf"
QElfParser: '/usr/bin/lcf' is not an ELF object
"'/usr/bin/lcf' is not an ELF object" 
         not a plugin
QFactoryLoader::QFactoryLoader() looking at "/usr/bin/lconvert"
"Failed to extract plugin meta data from '/usr/bin/qtchooser'" 
         not a plugin
QFactoryLoader::QFactoryLoader() looking at "/usr/bin/ld"
"Failed to extract plugin meta data from '/usr/bin/aarch64-linux-gnu-ld.bfd'" 
         not a plugin
QFactoryLoader::QFactoryLoader() looking at "/usr/bin/ld.bfd"
"Failed to extract plugin meta data from '/usr/bin/aarch64-linux-gnu-ld.bfd'" 
         not a plugin
QFactoryLoader::QFactoryLoader() looking at "/usr/bin/ld.gold"
"Failed to extract plugin meta data from '/usr/bin/aarch64-linux-gnu-ld.gold'" 
         not a plugin
QFactoryLoader::QFactoryLoader() looking at "/usr/bin/ldd"
QElfParser: '/usr/bin/ldd' is not an ELF object
"'/usr/bin/ldd' is not an ELF object" 
         not a plugin
QFactoryLoader::QFactoryLoader() looking at "/usr/bin/less"
"Failed to extract plugin meta data from '/usr/bin/less'" 
         not a plugin
QFactoryLoader::QFactoryLoader() looking at "/usr/bin/lessecho"
"Failed to extract plugin meta data from '/usr/bin/lessecho'" 
         not a plugin
QFactoryLoader::QFactoryLoader() looking at "/usr/bin/lessfile"
QElfParser: '/usr/bin/lesspipe' is not an ELF object
"'/usr/bin/lesspipe' is not an ELF object" 
         not a plugin
QFactoryLoader::QFactoryLoader() looking at "/usr/bin/lesskey"
"Failed to extract plugin meta data from '/usr/bin/lesskey'" 
         not a plugin
QFactoryLoader::QFactoryLoader() looking at "/usr/bin/lesspipe"
QElfParser: '/usr/bin/lesspipe' is not an ELF object
"'/usr/bin/lesspipe' is not an ELF object" 
         not a plugin
QFactoryLoader::QFactoryLoader() looking at "/usr/bin/lex"
"Failed to extract plugin meta data from '/usr/bin/flex'" 
         not a plugin
QFactoryLoader::QFactoryLoader() looking at "/usr/bin/lexgrog"
"Failed to extract plugin meta data from '/usr/bin/lexgrog'" 
         not a plugin
QFactoryLoader::QFactoryLoader() looking at "/usr/bin/libnetcfg"
QElfParser: '/usr/bin/libnetcfg' is not an ELF object
"'/usr/bin/libnetcfg' is not an ELF object" 
         not a plugin
QFactoryLoader::QFactoryLoader() looking at "/usr/bin/libreoffice"
QElfParser: '/usr/lib/libreoffice/program/soffice' is not an ELF object
"'/usr/lib/libreoffice/program/soffice' is not an ELF object" 
         not a plugin
QFactoryLoader::QFactoryLoader() looking at "/usr/bin/libtoolize"
QElfParser: '/usr/bin/libtoolize' is not an ELF object
"'/usr/bin/libtoolize' is not an ELF object" 
         not a plugin
QFactoryLoader::QFactoryLoader() looking at "/usr/bin/libwacom-list-local-devices"
"Failed to extract plugin meta data from '/usr/bin/libwacom-list-local-devices'" 
         not a plugin
QFactoryLoader::QFactoryLoader() looking at "/usr/bin/linguist"
"Failed to extract plugin meta data from '/usr/bin/qtchooser'" 
         not a plugin
QFactoryLoader::QFactoryLoader() looking at "/usr/bin/link"
"Failed to extract plugin meta data from '/usr/bin/link'" 
         not a plugin
QFactoryLoader::QFactoryLoader() looking at "/usr/bin/linkicc"
"Failed to extract plugin meta data from '/usr/bin/linkicc'" 
         not a plugin
QFactoryLoader::QFactoryLoader() looking at "/usr/bin/linux-check-removal"
QElfParser: '/usr/bin/linux-check-removal' is not an ELF object
"'/usr/bin/linux-check-removal' is not an ELF object" 
         not a plugin
QFactoryLoader::QFactoryLoader() looking at "/usr/bin/linux-update-symlinks"
QElfParser: '/usr/bin/linux-update-symlinks' is not an ELF object
"'/usr/bin/linux-update-symlinks' is not an ELF object" 
         not a plugin
QFactoryLoader::QFactoryLoader() looking at "/usr/bin/linux-version"
QElfParser: '/usr/bin/linux-version' is not an ELF object
"'/usr/bin/linux-version' is not an ELF object" 
         not a plugin
QFactoryLoader::QFactoryLoader() looking at "/usr/bin/linux32"
"Failed to extract plugin meta data from '/usr/bin/setarch'" 
         not a plugin
QFactoryLoader::QFactoryLoader() looking at "/usr/bin/linux64"
"Failed to extract plugin meta data from '/usr/bin/setarch'" 
         not a plugin
QFactoryLoader::QFactoryLoader() looking at "/usr/bin/listres"
"Failed to extract plugin meta data from '/usr/bin/listres'" 
         not a plugin
QFactoryLoader::QFactoryLoader() looking at "/usr/bin/ln"
"Failed to extract plugin meta data from '/usr/bin/ln'" 
         not a plugin
QFactoryLoader::QFactoryLoader() looking at "/usr/bin/lnstat"
"Failed to extract plugin meta data from '/usr/bin/lnstat'" 
         not a plugin
QFactoryLoader::QFactoryLoader() looking at "/usr/bin/loadkeys"
"Failed to extract plugin meta data from '/usr/bin/loadkeys'" 
         not a plugin
QFactoryLoader::QFactoryLoader() looking at "/usr/bin/loadunimap"
"Failed to extract plugin meta data from '/usr/bin/loadunimap'" 
         not a plugin
QFactoryLoader::QFactoryLoader() looking at "/usr/bin/localc"
QElfParser: '/usr/bin/localc' is not an ELF object (file too small)
"'/usr/bin/localc' is not an ELF object (file too small)" 
         not a plugin
QFactoryLoader::QFactoryLoader() looking at "/usr/bin/locale"
"Failed to extract plugin meta data from '/usr/bin/locale'" 
         not a plugin
QFactoryLoader::QFactoryLoader() looking at "/usr/bin/locale-check"
"Failed to extract plugin meta data from '/usr/bin/locale-check'" 
         not a plugin
QFactoryLoader::QFactoryLoader() looking at "/usr/bin/localectl"
"Failed to extract plugin meta data from '/usr/bin/localectl'" 
         not a plugin
QFactoryLoader::QFactoryLoader() looking at "/usr/bin/localedef"
"Failed to extract plugin meta data from '/usr/bin/localedef'" 
         not a plugin
QFactoryLoader::QFactoryLoader() looking at "/usr/bin/lodraw"
QElfParser: '/usr/bin/lodraw' is not an ELF object (file too small)
"'/usr/bin/lodraw' is not an ELF object (file too small)" 
         not a plugin
QFactoryLoader::QFactoryLoader() looking at "/usr/bin/loffice"
QElfParser: '/usr/bin/loffice' is not an ELF object (file too small)
"'/usr/bin/loffice' is not an ELF object (file too small)" 
         not a plugin
QFactoryLoader::QFactoryLoader() looking at "/usr/bin/lofromtemplate"
QElfParser: '/usr/bin/lofromtemplate' is not an ELF object
"'/usr/bin/lofromtemplate' is not an ELF object" 
         not a plugin
QFactoryLoader::QFactoryLoader() looking at "/usr/bin/log2asc"
"Failed to extract plugin meta data from '/usr/bin/log2asc'" 
         not a plugin
QFactoryLoader::QFactoryLoader() looking at "/usr/bin/log2long"
"Failed to extract plugin meta data from '/usr/bin/log2long'" 
         not a plugin
QFactoryLoader::QFactoryLoader() looking at "/usr/bin/logger"
"Failed to extract plugin meta data from '/usr/bin/logger'" 
         not a plugin
QFactoryLoader::QFactoryLoader() looking at "/usr/bin/login"
"Failed to extract plugin meta data from '/usr/bin/login'" 
         not a plugin
QFactoryLoader::QFactoryLoader() looking at "/usr/bin/loginctl"
"Failed to extract plugin meta data from '/usr/bin/loginctl'" 
         not a plugin
QFactoryLoader::QFactoryLoader() looking at "/usr/bin/logname"
"Failed to extract plugin meta data from '/usr/bin/logname'" 
         not a plugin
QFactoryLoader::QFactoryLoader() looking at "/usr/bin/loimpress"
QElfParser: '/usr/bin/loimpress' is not an ELF object (file too small)
"'/usr/bin/loimpress' is not an ELF object (file too small)" 
         not a plugin
QFactoryLoader::QFactoryLoader() looking at "/usr/bin/lomath"
QElfParser: '/usr/bin/lomath' is not an ELF object (file too small)
"'/usr/bin/lomath' is not an ELF object (file too small)" 
         not a plugin
QFactoryLoader::QFactoryLoader() looking at "/usr/bin/look"
"Failed to extract plugin meta data from '/usr/bin/look'" 
         not a plugin
QFactoryLoader::QFactoryLoader() looking at "/usr/bin/lorder"
QElfParser: '/usr/bin/lorder' is not an ELF object
"'/usr/bin/lorder' is not an ELF object" 
         not a plugin
QFactoryLoader::QFactoryLoader() looking at "/usr/bin/loweb"
QElfParser: '/usr/bin/loweb' is not an ELF object (file too small)
"'/usr/bin/loweb' is not an ELF object (file too small)" 
         not a plugin
QFactoryLoader::QFactoryLoader() looking at "/usr/bin/lowntfs-3g"
"Failed to extract plugin meta data from '/usr/bin/lowntfs-3g'" 
         not a plugin
QFactoryLoader::QFactoryLoader() looking at "/usr/bin/lowriter"
QElfParser: '/usr/bin/lowriter' is not an ELF object (file too small)
"'/usr/bin/lowriter' is not an ELF object (file too small)" 
         not a plugin
QFactoryLoader::QFactoryLoader() looking at "/usr/bin/lp_solve"
"Failed to extract plugin meta data from '/usr/bin/lp_solve'" 
         not a plugin
QFactoryLoader::QFactoryLoader() looking at "/usr/bin/lrelease"
"Failed to extract plugin meta data from '/usr/bin/qtchooser'" 
         not a plugin
QFactoryLoader::QFactoryLoader() looking at "/usr/bin/ls"
"Failed to extract plugin meta data from '/usr/bin/ls'" 
         not a plugin
QFactoryLoader::QFactoryLoader() looking at "/usr/bin/lsattr"
"Failed to extract plugin meta data from '/usr/bin/lsattr'" 
         not a plugin
QFactoryLoader::QFactoryLoader() looking at "/usr/bin/lsb_release"
QElfParser: '/usr/bin/lsb_release' is not an ELF object
"'/usr/bin/lsb_release' is not an ELF object" 
         not a plugin
QFactoryLoader::QFactoryLoader() looking at "/usr/bin/lsblk"
"Failed to extract plugin meta data from '/usr/bin/lsblk'" 
         not a plugin
QFactoryLoader::QFactoryLoader() looking at "/usr/bin/lscpu"
"Failed to extract plugin meta data from '/usr/bin/lscpu'" 
         not a plugin
QFactoryLoader::QFactoryLoader() looking at "/usr/bin/lshw"
"Failed to extract plugin meta data from '/usr/bin/lshw'" 
         not a plugin
QFactoryLoader::QFactoryLoader() looking at "/usr/bin/lsinitramfs"
QElfParser: '/usr/bin/lsinitramfs' is not an ELF object
"'/usr/bin/lsinitramfs' is not an ELF object" 
         not a plugin
QFactoryLoader::QFactoryLoader() looking at "/usr/bin/lsipc"
"Failed to extract plugin meta data from '/usr/bin/lsipc'" 
         not a plugin
QFactoryLoader::QFactoryLoader() looking at "/usr/bin/lslocks"
"Failed to extract plugin meta data from '/usr/bin/lslocks'" 
         not a plugin
QFactoryLoader::QFactoryLoader() looking at "/usr/bin/lslogins"
"Failed to extract plugin meta data from '/usr/bin/lslogins'" 
         not a plugin
QFactoryLoader::QFactoryLoader() looking at "/usr/bin/lsmem"
"Failed to extract plugin meta data from '/usr/bin/lsmem'" 
         not a plugin
QFactoryLoader::QFactoryLoader() looking at "/usr/bin/lsmod"
"Failed to extract plugin meta data from '/usr/bin/kmod'" 
         not a plugin
QFactoryLoader::QFactoryLoader() looking at "/usr/bin/lsns"
"Failed to extract plugin meta data from '/usr/bin/lsns'" 
         not a plugin
QFactoryLoader::QFactoryLoader() looking at "/usr/bin/lsof"
"Failed to extract plugin meta data from '/usr/bin/lsof'" 
         not a plugin
QFactoryLoader::QFactoryLoader() looking at "/usr/bin/lspci"
"Failed to extract plugin meta data from '/usr/bin/lspci'" 
         not a plugin
QFactoryLoader::QFactoryLoader() looking at "/usr/bin/lspgpot"
QElfParser: '/usr/bin/lspgpot' is not an ELF object
"'/usr/bin/lspgpot' is not an ELF object" 
         not a plugin
QFactoryLoader::QFactoryLoader() looking at "/usr/bin/lsusb"
"Failed to extract plugin meta data from '/usr/bin/lsusb'" 
         not a plugin
QFactoryLoader::QFactoryLoader() looking at "/usr/bin/ltrace"
"Failed to extract plugin meta data from '/usr/bin/ltrace'" 
         not a plugin
QFactoryLoader::QFactoryLoader() looking at "/usr/bin/luit"
"Failed to extract plugin meta data from '/usr/bin/luit'" 
         not a plugin
QFactoryLoader::QFactoryLoader() looking at "/usr/bin/lupdate"
"Failed to extract plugin meta data from '/usr/bin/qtchooser'" 
         not a plugin
QFactoryLoader::QFactoryLoader() looking at "/usr/bin/lwp-download"
QElfParser: '/usr/bin/lwp-download' is not an ELF object
"'/usr/bin/lwp-download' is not an ELF object" 
         not a plugin
QFactoryLoader::QFactoryLoader() looking at "/usr/bin/lwp-dump"
QElfParser: '/usr/bin/lwp-dump' is not an ELF object
"'/usr/bin/lwp-dump' is not an ELF object" 
         not a plugin
QFactoryLoader::QFactoryLoader() looking at "/usr/bin/lwp-mirror"
QElfParser: '/usr/bin/lwp-mirror' is not an ELF object
"'/usr/bin/lwp-mirror' is not an ELF object" 
         not a plugin
QFactoryLoader::QFactoryLoader() looking at "/usr/bin/lwp-request"
QElfParser: '/usr/bin/lwp-request' is not an ELF object
"'/usr/bin/lwp-request' is not an ELF object" 
         not a plugin
QFactoryLoader::QFactoryLoader() looking at "/usr/bin/lxterm"
QElfParser: '/usr/bin/lxterm' is not an ELF object
"'/usr/bin/lxterm' is not an ELF object" 
         not a plugin
QFactoryLoader::QFactoryLoader() looking at "/usr/bin/lz4"
"Failed to extract plugin meta data from '/usr/bin/lz4'" 
         not a plugin
QFactoryLoader::QFactoryLoader() looking at "/usr/bin/lz4c"
"Failed to extract plugin meta data from '/usr/bin/lz4'" 
         not a plugin
QFactoryLoader::QFactoryLoader() looking at "/usr/bin/lz4cat"
"Failed to extract plugin meta data from '/usr/bin/lz4'" 
         not a plugin
QFactoryLoader::QFactoryLoader() looking at "/usr/bin/lzcat"
"Failed to extract plugin meta data from '/usr/bin/xz'" 
         not a plugin
QFactoryLoader::QFactoryLoader() looking at "/usr/bin/lzcmp"
QElfParser: '/usr/bin/xzdiff' is not an ELF object
"'/usr/bin/xzdiff' is not an ELF object" 
         not a plugin
QFactoryLoader::QFactoryLoader() looking at "/usr/bin/lzdiff"
QElfParser: '/usr/bin/xzdiff' is not an ELF object
"'/usr/bin/xzdiff' is not an ELF object" 
         not a plugin
QFactoryLoader::QFactoryLoader() looking at "/usr/bin/lzegrep"
QElfParser: '/usr/bin/xzgrep' is not an ELF object
"'/usr/bin/xzgrep' is not an ELF object" 
         not a plugin
QFactoryLoader::QFactoryLoader() looking at "/usr/bin/lzfgrep"
QElfParser: '/usr/bin/xzgrep' is not an ELF object
"'/usr/bin/xzgrep' is not an ELF object" 
         not a plugin
QFactoryLoader::QFactoryLoader() looking at "/usr/bin/lzgrep"
QElfParser: '/usr/bin/xzgrep' is not an ELF object
"'/usr/bin/xzgrep' is not an ELF object" 
         not a plugin
QFactoryLoader::QFactoryLoader() looking at "/usr/bin/lzless"
QElfParser: '/usr/bin/xzless' is not an ELF object
"'/usr/bin/xzless' is not an ELF object" 
         not a plugin
QFactoryLoader::QFactoryLoader() looking at "/usr/bin/lzma"
"Failed to extract plugin meta data from '/usr/bin/xz'" 
         not a plugin
QFactoryLoader::QFactoryLoader() looking at "/usr/bin/lzmainfo"
"Failed to extract plugin meta data from '/usr/bin/lzmainfo'" 
         not a plugin
QFactoryLoader::QFactoryLoader() looking at "/usr/bin/lzmore"
QElfParser: '/usr/bin/xzmore' is not an ELF object
"'/usr/bin/xzmore' is not an ELF object" 
         not a plugin
QFactoryLoader::QFactoryLoader() looking at "/usr/bin/m17n-db"
QElfParser: '/usr/bin/m17n-db' is not an ELF object
"'/usr/bin/m17n-db' is not an ELF object" 
         not a plugin
QFactoryLoader::QFactoryLoader() looking at "/usr/bin/m4"
"Failed to extract plugin meta data from '/usr/bin/m4'" 
         not a plugin
QFactoryLoader::QFactoryLoader() looking at "/usr/bin/make"
"Failed to extract plugin meta data from '/usr/bin/make'" 
         not a plugin
QFactoryLoader::QFactoryLoader() looking at "/usr/bin/make-first-existing-target"
QElfParser: '/usr/bin/make-first-existing-target' is not an ELF object
"'/usr/bin/make-first-existing-target' is not an ELF object" 
         not a plugin
QFactoryLoader::QFactoryLoader() looking at "/usr/bin/makeconv"
"Failed to extract plugin meta data from '/usr/bin/makeconv'" 
         not a plugin
QFactoryLoader::QFactoryLoader() looking at "/usr/bin/mako-render"
QElfParser: '/usr/bin/mako-render' is not an ELF object
"'/usr/bin/mako-render' is not an ELF object" 
         not a plugin
QFactoryLoader::QFactoryLoader() looking at "/usr/bin/man"
QElfParser: '/usr/bin/man' is not an ELF object
"'/usr/bin/man' is not an ELF object" 
         not a plugin
QFactoryLoader::QFactoryLoader() looking at "/usr/bin/man-recode"
"Failed to extract plugin meta data from '/usr/bin/man-recode'" 
         not a plugin
QFactoryLoader::QFactoryLoader() looking at "/usr/bin/man.REAL"
"Failed to extract plugin meta data from '/usr/bin/man.REAL'" 
         not a plugin
QFactoryLoader::QFactoryLoader() looking at "/usr/bin/mandb"
"Failed to extract plugin meta data from '/usr/bin/mandb'" 
         not a plugin
QFactoryLoader::QFactoryLoader() looking at "/usr/bin/manpath"
"Failed to extract plugin meta data from '/usr/bin/manpath'" 
         not a plugin
QFactoryLoader::QFactoryLoader() looking at "/usr/bin/mapscrn"
"Failed to extract plugin meta data from '/usr/bin/mapscrn'" 
         not a plugin
QFactoryLoader::QFactoryLoader() looking at "/usr/bin/mawk"
"Failed to extract plugin meta data from '/usr/bin/mawk'" 
         not a plugin
QFactoryLoader::QFactoryLoader() looking at "/usr/bin/mcookie"
"Failed to extract plugin meta data from '/usr/bin/mcookie'" 
         not a plugin
QFactoryLoader::QFactoryLoader() looking at "/usr/bin/md5sum"
"Failed to extract plugin meta data from '/usr/bin/md5sum'" 
         not a plugin
QFactoryLoader::QFactoryLoader() looking at "/usr/bin/md5sum.textutils"
"Failed to extract plugin meta data from '/usr/bin/md5sum'" 
         not a plugin
QFactoryLoader::QFactoryLoader() looking at "/usr/bin/mdig"
"Failed to extract plugin meta data from '/usr/bin/mdig'" 
         not a plugin
QFactoryLoader::QFactoryLoader() looking at "/usr/bin/mesg"
"Failed to extract plugin meta data from '/usr/bin/mesg'" 
         not a plugin
QFactoryLoader::QFactoryLoader() looking at "/usr/bin/migrate-pubring-from-classic-gpg"
QElfParser: '/usr/bin/migrate-pubring-from-classic-gpg' is not an ELF object
"'/usr/bin/migrate-pubring-from-classic-gpg' is not an ELF object" 
         not a plugin
QFactoryLoader::QFactoryLoader() looking at "/usr/bin/mimeopen"
QElfParser: '/usr/bin/mimeopen' is not an ELF object
"'/usr/bin/mimeopen' is not an ELF object" 
         not a plugin
QFactoryLoader::QFactoryLoader() looking at "/usr/bin/mimetype"
QElfParser: '/usr/bin/mimetype' is not an ELF object
"'/usr/bin/mimetype' is not an ELF object" 
         not a plugin
QFactoryLoader::QFactoryLoader() looking at "/usr/bin/min12xxw"
"Failed to extract plugin meta data from '/usr/bin/min12xxw'" 
         not a plugin
QFactoryLoader::QFactoryLoader() looking at "/usr/bin/miniterm"
QElfParser: '/usr/bin/miniterm' is not an ELF object
"'/usr/bin/miniterm' is not an ELF object" 
         not a plugin
QFactoryLoader::QFactoryLoader() looking at "/usr/bin/mk_modmap"
QElfParser: '/usr/bin/mk_modmap' is not an ELF object
"'/usr/bin/mk_modmap' is not an ELF object" 
         not a plugin
QFactoryLoader::QFactoryLoader() looking at "/usr/bin/mkdir"
"Failed to extract plugin meta data from '/usr/bin/mkdir'" 
         not a plugin
QFactoryLoader::QFactoryLoader() looking at "/usr/bin/mkfifo"
"Failed to extract plugin meta data from '/usr/bin/mkfifo'" 
         not a plugin
QFactoryLoader::QFactoryLoader() looking at "/usr/bin/mkfontdir"
QElfParser: '/usr/bin/mkfontdir' is not an ELF object
"'/usr/bin/mkfontdir' is not an ELF object" 
         not a plugin
QFactoryLoader::QFactoryLoader() looking at "/usr/bin/mkfontscale"
"Failed to extract plugin meta data from '/usr/bin/mkfontscale'" 
         not a plugin
QFactoryLoader::QFactoryLoader() looking at "/usr/bin/mkisofs"
"Failed to extract plugin meta data from '/usr/bin/genisoimage'" 
         not a plugin
QFactoryLoader::QFactoryLoader() looking at "/usr/bin/mknod"
"Failed to extract plugin meta data from '/usr/bin/mknod'" 
         not a plugin
QFactoryLoader::QFactoryLoader() looking at "/usr/bin/mksquashfs"
"Failed to extract plugin meta data from '/usr/bin/mksquashfs'" 
         not a plugin
QFactoryLoader::QFactoryLoader() looking at "/usr/bin/mktemp"
"Failed to extract plugin meta data from '/usr/bin/mktemp'" 
         not a plugin
QFactoryLoader::QFactoryLoader() looking at "/usr/bin/mkzftree"
"Failed to extract plugin meta data from '/usr/bin/mkzftree'" 
         not a plugin
QFactoryLoader::QFactoryLoader() looking at "/usr/bin/mmcli"
"Failed to extract plugin meta data from '/usr/bin/mmcli'" 
         not a plugin
QFactoryLoader::QFactoryLoader() looking at "/usr/bin/moc"
"Failed to extract plugin meta data from '/usr/bin/qtchooser'" 
         not a plugin
QFactoryLoader::QFactoryLoader() looking at "/usr/bin/monitor-sensor"
"Failed to extract plugin meta data from '/usr/bin/monitor-sensor'" 
         not a plugin
QFactoryLoader::QFactoryLoader() looking at "/usr/bin/mono"
"Failed to extract plugin meta data from '/usr/bin/mono-sgen'" 
         not a plugin
QFactoryLoader::QFactoryLoader() looking at "/usr/bin/mono-hang-watchdog"
"Failed to extract plugin meta data from '/usr/bin/mono-hang-watchdog'" 
         not a plugin
QFactoryLoader::QFactoryLoader() looking at "/usr/bin/mono-sgen"
"Failed to extract plugin meta data from '/usr/bin/mono-sgen'" 
         not a plugin
QFactoryLoader::QFactoryLoader() looking at "/usr/bin/more"
"Failed to extract plugin meta data from '/usr/bin/more'" 
         not a plugin
QFactoryLoader::QFactoryLoader() looking at "/usr/bin/mount"
"Failed to extract plugin meta data from '/usr/bin/mount'" 
         not a plugin
QFactoryLoader::QFactoryLoader() looking at "/usr/bin/mountpoint"
"Failed to extract plugin meta data from '/usr/bin/mountpoint'" 
         not a plugin
QFactoryLoader::QFactoryLoader() looking at "/usr/bin/mousetweaks"
"Failed to extract plugin meta data from '/usr/bin/mousetweaks'" 
         not a plugin
QFactoryLoader::QFactoryLoader() looking at "/usr/bin/mpic++"
"Failed to extract plugin meta data from '/usr/bin/opal_wrapper'" 
         not a plugin
QFactoryLoader::QFactoryLoader() looking at "/usr/bin/mpic++.openmpi"
"Failed to extract plugin meta data from '/usr/bin/opal_wrapper'" 
         not a plugin
QFactoryLoader::QFactoryLoader() looking at "/usr/bin/mpicc"
"Failed to extract plugin meta data from '/usr/bin/opal_wrapper'" 
         not a plugin
QFactoryLoader::QFactoryLoader() looking at "/usr/bin/mpiCC"
"Failed to extract plugin meta data from '/usr/bin/opal_wrapper'" 
         not a plugin
QFactoryLoader::QFactoryLoader() looking at "/usr/bin/mpicc.openmpi"
"Failed to extract plugin meta data from '/usr/bin/opal_wrapper'" 
         not a plugin
QFactoryLoader::QFactoryLoader() looking at "/usr/bin/mpiCC.openmpi"
"Failed to extract plugin meta data from '/usr/bin/opal_wrapper'" 
         not a plugin
QFactoryLoader::QFactoryLoader() looking at "/usr/bin/mpicxx"
"Failed to extract plugin meta data from '/usr/bin/opal_wrapper'" 
         not a plugin
QFactoryLoader::QFactoryLoader() looking at "/usr/bin/mpicxx.openmpi"
"Failed to extract plugin meta data from '/usr/bin/opal_wrapper'" 
         not a plugin
QFactoryLoader::QFactoryLoader() looking at "/usr/bin/mpiexec"
"Failed to extract plugin meta data from '/usr/bin/orterun'" 
         not a plugin
QFactoryLoader::QFactoryLoader() looking at "/usr/bin/mpiexec.openmpi"
"Failed to extract plugin meta data from '/usr/bin/orterun'" 
         not a plugin
QFactoryLoader::QFactoryLoader() looking at "/usr/bin/mpif77"
"Failed to extract plugin meta data from '/usr/bin/opal_wrapper'" 
         not a plugin
QFactoryLoader::QFactoryLoader() looking at "/usr/bin/mpif77.openmpi"
"Failed to extract plugin meta data from '/usr/bin/opal_wrapper'" 
         not a plugin
QFactoryLoader::QFactoryLoader() looking at "/usr/bin/mpif90"
"Failed to extract plugin meta data from '/usr/bin/opal_wrapper'" 
         not a plugin
QFactoryLoader::QFactoryLoader() looking at "/usr/bin/mpif90.openmpi"
"Failed to extract plugin meta data from '/usr/bin/opal_wrapper'" 
         not a plugin
QFactoryLoader::QFactoryLoader() looking at "/usr/bin/mpifort"
"Failed to extract plugin meta data from '/usr/bin/opal_wrapper'" 
         not a plugin
QFactoryLoader::QFactoryLoader() looking at "/usr/bin/mpifort.openmpi"
"Failed to extract plugin meta data from '/usr/bin/opal_wrapper'" 
         not a plugin
QFactoryLoader::QFactoryLoader() looking at "/usr/bin/mpirun"
"Failed to extract plugin meta data from '/usr/bin/orterun'" 
         not a plugin
QFactoryLoader::QFactoryLoader() looking at "/usr/bin/mpirun.openmpi"
"Failed to extract plugin meta data from '/usr/bin/orterun'" 
         not a plugin
QFactoryLoader::QFactoryLoader() looking at "/usr/bin/mt"
"Failed to extract plugin meta data from '/usr/bin/mt-gnu'" 
         not a plugin
QFactoryLoader::QFactoryLoader() looking at "/usr/bin/mt-gnu"
"Failed to extract plugin meta data from '/usr/bin/mt-gnu'" 
         not a plugin
QFactoryLoader::QFactoryLoader() looking at "/usr/bin/mtr"
"Failed to extract plugin meta data from '/usr/bin/mtr'" 
         not a plugin
QFactoryLoader::QFactoryLoader() looking at "/usr/bin/mtr-packet"
"Failed to extract plugin meta data from '/usr/bin/mtr-packet'" 
         not a plugin
QFactoryLoader::QFactoryLoader() looking at "/usr/bin/mtrace"
QElfParser: '/usr/bin/mtrace' is not an ELF object
"'/usr/bin/mtrace' is not an ELF object" 
         not a plugin
QFactoryLoader::QFactoryLoader() looking at "/usr/bin/mutter"
"Failed to extract plugin meta data from '/usr/bin/mutter'" 
         not a plugin
QFactoryLoader::QFactoryLoader() looking at "/usr/bin/mv"
"Failed to extract plugin meta data from '/usr/bin/mv'" 
         not a plugin
QFactoryLoader::QFactoryLoader() looking at "/usr/bin/namei"
"Failed to extract plugin meta data from '/usr/bin/namei'" 
         not a plugin
QFactoryLoader::QFactoryLoader() looking at "/usr/bin/nano"
"Failed to extract plugin meta data from '/usr/bin/nano'" 
         not a plugin
QFactoryLoader::QFactoryLoader() looking at "/usr/bin/nautilus"
"Failed to extract plugin meta data from '/usr/bin/nautilus'" 
         not a plugin
QFactoryLoader::QFactoryLoader() looking at "/usr/bin/nautilus-autorun-software"
"Failed to extract plugin meta data from '/usr/bin/nautilus-autorun-software'" 
         not a plugin
QFactoryLoader::QFactoryLoader() looking at "/usr/bin/nautilus-sendto"
"Failed to extract plugin meta data from '/usr/bin/nautilus-sendto'" 
         not a plugin
QFactoryLoader::QFactoryLoader() looking at "/usr/bin/nawk"
"Failed to extract plugin meta data from '/usr/bin/mawk'" 
         not a plugin
QFactoryLoader::QFactoryLoader() looking at "/usr/bin/nc"
"Failed to extract plugin meta data from '/usr/bin/nc.openbsd'" 
         not a plugin
QFactoryLoader::QFactoryLoader() looking at "/usr/bin/nc.openbsd"
"Failed to extract plugin meta data from '/usr/bin/nc.openbsd'" 
         not a plugin
QFactoryLoader::QFactoryLoader() looking at "/usr/bin/ncal"
"Failed to extract plugin meta data from '/usr/bin/ncal'" 
         not a plugin
QFactoryLoader::QFactoryLoader() looking at "/usr/bin/neqn"
QElfParser: '/usr/bin/neqn' is not an ELF object
"'/usr/bin/neqn' is not an ELF object" 
         not a plugin
QFactoryLoader::QFactoryLoader() looking at "/usr/bin/netcat"
"Failed to extract plugin meta data from '/usr/bin/nc.openbsd'" 
         not a plugin
QFactoryLoader::QFactoryLoader() looking at "/usr/bin/netkit-ftp"
"Failed to extract plugin meta data from '/usr/bin/netkit-ftp'" 
         not a plugin
QFactoryLoader::QFactoryLoader() looking at "/usr/bin/netstat"
"Failed to extract plugin meta data from '/usr/bin/netstat'" 
         not a plugin
QFactoryLoader::QFactoryLoader() looking at "/usr/bin/networkctl"
"Failed to extract plugin meta data from '/usr/bin/networkctl'" 
         not a plugin
QFactoryLoader::QFactoryLoader() looking at "/usr/bin/networkd-dispatcher"
QElfParser: '/usr/bin/networkd-dispatcher' is not an ELF object
"'/usr/bin/networkd-dispatcher' is not an ELF object" 
         not a plugin
QFactoryLoader::QFactoryLoader() looking at "/usr/bin/newgrp"
"Failed to extract plugin meta data from '/usr/bin/newgrp'" 
         not a plugin
QFactoryLoader::QFactoryLoader() looking at "/usr/bin/ngettext"
"Failed to extract plugin meta data from '/usr/bin/ngettext'" 
         not a plugin
QFactoryLoader::QFactoryLoader() looking at "/usr/bin/nice"
"Failed to extract plugin meta data from '/usr/bin/nice'" 
         not a plugin
QFactoryLoader::QFactoryLoader() looking at "/usr/bin/nisdomainname"
"Failed to extract plugin meta data from '/usr/bin/hostname'" 
         not a plugin
QFactoryLoader::QFactoryLoader() looking at "/usr/bin/nl"
"Failed to extract plugin meta data from '/usr/bin/nl'" 
         not a plugin
QFactoryLoader::QFactoryLoader() looking at "/usr/bin/nm"
"Failed to extract plugin meta data from '/usr/bin/aarch64-linux-gnu-nm'" 
         not a plugin
QFactoryLoader::QFactoryLoader() looking at "/usr/bin/nm-applet"
"Failed to extract plugin meta data from '/usr/bin/nm-applet'" 
         not a plugin
QFactoryLoader::QFactoryLoader() looking at "/usr/bin/nm-connection-editor"
"Failed to extract plugin meta data from '/usr/bin/nm-connection-editor'" 
         not a plugin
QFactoryLoader::QFactoryLoader() looking at "/usr/bin/nm-online"
"Failed to extract plugin meta data from '/usr/bin/nm-online'" 
         not a plugin
QFactoryLoader::QFactoryLoader() looking at "/usr/bin/nmcli"
"Failed to extract plugin meta data from '/usr/bin/nmcli'" 
         not a plugin
QFactoryLoader::QFactoryLoader() looking at "/usr/bin/nmtui"
"Failed to extract plugin meta data from '/usr/bin/nmtui'" 
         not a plugin
QFactoryLoader::QFactoryLoader() looking at "/usr/bin/nmtui-connect"
"Failed to extract plugin meta data from '/usr/bin/nmtui'" 
         not a plugin
QFactoryLoader::QFactoryLoader() looking at "/usr/bin/nmtui-edit"
"Failed to extract plugin meta data from '/usr/bin/nmtui'" 
         not a plugin
QFactoryLoader::QFactoryLoader() looking at "/usr/bin/nmtui-hostname"
"Failed to extract plugin meta data from '/usr/bin/nmtui'" 
         not a plugin
QFactoryLoader::QFactoryLoader() looking at "/usr/bin/nohup"
"Failed to extract plugin meta data from '/usr/bin/nohup'" 
         not a plugin
QFactoryLoader::QFactoryLoader() looking at "/usr/bin/noip-duc"
"Failed to extract plugin meta data from '/usr/bin/noip-duc'" 
         not a plugin
QFactoryLoader::QFactoryLoader() looking at "/usr/bin/notify-send"
"Failed to extract plugin meta data from '/usr/bin/notify-send'" 
         not a plugin
QFactoryLoader::QFactoryLoader() looking at "/usr/bin/nproc"
"Failed to extract plugin meta data from '/usr/bin/nproc'" 
         not a plugin
QFactoryLoader::QFactoryLoader() looking at "/usr/bin/nroff"
QElfParser: '/usr/bin/nroff' is not an ELF object
"'/usr/bin/nroff' is not an ELF object" 
         not a plugin
QFactoryLoader::QFactoryLoader() looking at "/usr/bin/nsenter"
"Failed to extract plugin meta data from '/usr/bin/nsenter'" 
         not a plugin
QFactoryLoader::QFactoryLoader() looking at "/usr/bin/nslookup"
"Failed to extract plugin meta data from '/usr/bin/nslookup'" 
         not a plugin
QFactoryLoader::QFactoryLoader() looking at "/usr/bin/nstat"
"Failed to extract plugin meta data from '/usr/bin/nstat'" 
         not a plugin
QFactoryLoader::QFactoryLoader() looking at "/usr/bin/nsupdate"
"Failed to extract plugin meta data from '/usr/bin/nsupdate'" 
         not a plugin
QFactoryLoader::QFactoryLoader() looking at "/usr/bin/ntfs-3g"
"Failed to extract plugin meta data from '/usr/bin/ntfs-3g'" 
         not a plugin
QFactoryLoader::QFactoryLoader() looking at "/usr/bin/ntfs-3g.probe"
"Failed to extract plugin meta data from '/usr/bin/ntfs-3g.probe'" 
         not a plugin
QFactoryLoader::QFactoryLoader() looking at "/usr/bin/ntfscat"
"Failed to extract plugin meta data from '/usr/bin/ntfscat'" 
         not a plugin
QFactoryLoader::QFactoryLoader() looking at "/usr/bin/ntfscluster"
"Failed to extract plugin meta data from '/usr/bin/ntfscluster'" 
         not a plugin
QFactoryLoader::QFactoryLoader() looking at "/usr/bin/ntfscmp"
"Failed to extract plugin meta data from '/usr/bin/ntfscmp'" 
         not a plugin
QFactoryLoader::QFactoryLoader() looking at "/usr/bin/ntfsdecrypt"
"Failed to extract plugin meta data from '/usr/bin/ntfsdecrypt'" 
         not a plugin
QFactoryLoader::QFactoryLoader() looking at "/usr/bin/ntfsfallocate"
"Failed to extract plugin meta data from '/usr/bin/ntfsfallocate'" 
         not a plugin
QFactoryLoader::QFactoryLoader() looking at "/usr/bin/ntfsfix"
"Failed to extract plugin meta data from '/usr/bin/ntfsfix'" 
         not a plugin
QFactoryLoader::QFactoryLoader() looking at "/usr/bin/ntfsinfo"
"Failed to extract plugin meta data from '/usr/bin/ntfsinfo'" 
         not a plugin
QFactoryLoader::QFactoryLoader() looking at "/usr/bin/ntfsls"
"Failed to extract plugin meta data from '/usr/bin/ntfsls'" 
         not a plugin
QFactoryLoader::QFactoryLoader() looking at "/usr/bin/ntfsmove"
"Failed to extract plugin meta data from '/usr/bin/ntfsmove'" 
         not a plugin
QFactoryLoader::QFactoryLoader() looking at "/usr/bin/ntfsrecover"
"Failed to extract plugin meta data from '/usr/bin/ntfsrecover'" 
         not a plugin
QFactoryLoader::QFactoryLoader() looking at "/usr/bin/ntfssecaudit"
"Failed to extract plugin meta data from '/usr/bin/ntfssecaudit'" 
         not a plugin
QFactoryLoader::QFactoryLoader() looking at "/usr/bin/ntfstruncate"
"Failed to extract plugin meta data from '/usr/bin/ntfstruncate'" 
         not a plugin
QFactoryLoader::QFactoryLoader() looking at "/usr/bin/ntfsusermap"
"Failed to extract plugin meta data from '/usr/bin/ntfsusermap'" 
         not a plugin
QFactoryLoader::QFactoryLoader() looking at "/usr/bin/ntfswipe"
"Failed to extract plugin meta data from '/usr/bin/ntfswipe'" 
         not a plugin
QFactoryLoader::QFactoryLoader() looking at "/usr/bin/numfmt"
"Failed to extract plugin meta data from '/usr/bin/numfmt'" 
         not a plugin
QFactoryLoader::QFactoryLoader() looking at "/usr/bin/nv_macsec_wpa_supplicant"
"Failed to extract plugin meta data from '/usr/bin/nv_macsec_wpa_supplicant'" 
         not a plugin
QFactoryLoader::QFactoryLoader() looking at "/usr/bin/nvaudio_opus_app"
"Failed to extract plugin meta data from '/usr/bin/nvaudio_opus_app'" 
         not a plugin
QFactoryLoader::QFactoryLoader() looking at "/usr/bin/nvcapture-status-decoder"
"Failed to extract plugin meta data from '/opt/nvidia/camera/nvcapture-status-decoder'" 
         not a plugin
QFactoryLoader::QFactoryLoader() looking at "/usr/bin/nvgstcapture"
"Failed to extract plugin meta data from '/usr/bin/nvgstcapture-1.0'" 
         not a plugin
QFactoryLoader::QFactoryLoader() looking at "/usr/bin/nvgstcapture-1.0"
"Failed to extract plugin meta data from '/usr/bin/nvgstcapture-1.0'" 
         not a plugin
QFactoryLoader::QFactoryLoader() looking at "/usr/bin/nvgstplayer"
"Failed to extract plugin meta data from '/usr/bin/nvgstplayer-1.0'" 
         not a plugin
QFactoryLoader::QFactoryLoader() looking at "/usr/bin/nvgstplayer-1.0"
"Failed to extract plugin meta data from '/usr/bin/nvgstplayer-1.0'" 
         not a plugin
QFactoryLoader::QFactoryLoader() looking at "/usr/bin/nvidia-bug-report-tegra.sh"
QElfParser: '/usr/bin/nvidia-bug-report-tegra.sh' is not an ELF object
"'/usr/bin/nvidia-bug-report-tegra.sh' is not an ELF object" 
         not a plugin
QFactoryLoader::QFactoryLoader() looking at "/usr/bin/nvidia-detector"
QElfParser: '/usr/bin/nvidia-detector' is not an ELF object
"'/usr/bin/nvidia-detector' is not an ELF object" 
         not a plugin
QFactoryLoader::QFactoryLoader() looking at "/usr/bin/nvidia-xconfig"
"Failed to extract plugin meta data from '/usr/bin/nvidia-xconfig'" 
         not a plugin
QFactoryLoader::QFactoryLoader() looking at "/usr/bin/nvlc"
QElfParser: '/usr/bin/nvlc' is not an ELF object (file too small)
"'/usr/bin/nvlc' is not an ELF object (file too small)" 
         not a plugin
QFactoryLoader::QFactoryLoader() looking at "/usr/bin/nvsciipc_init"
"Failed to extract plugin meta data from '/usr/bin/nvsciipc_init'" 
         not a plugin
QFactoryLoader::QFactoryLoader() looking at "/usr/bin/nvstart-weston.sh"
QElfParser: '/usr/bin/nvstart-weston.sh' is not an ELF object
"'/usr/bin/nvstart-weston.sh' is not an ELF object" 
         not a plugin
QFactoryLoader::QFactoryLoader() looking at "/usr/bin/obex-folder-listing"
"Failed to extract plugin meta data from '/usr/bin/obex-folder-listing'" 
         not a plugin
QFactoryLoader::QFactoryLoader() looking at "/usr/bin/obexctl"
"Failed to extract plugin meta data from '/usr/bin/obexctl'" 
         not a plugin
QFactoryLoader::QFactoryLoader() looking at "/usr/bin/obexftp"
"Failed to extract plugin meta data from '/usr/bin/obexftp'" 
         not a plugin
QFactoryLoader::QFactoryLoader() looking at "/usr/bin/obexftpd"
"Failed to extract plugin meta data from '/usr/bin/obexftpd'" 
         not a plugin
QFactoryLoader::QFactoryLoader() looking at "/usr/bin/obexget"
"Failed to extract plugin meta data from '/usr/bin/obexftp'" 
         not a plugin
QFactoryLoader::QFactoryLoader() looking at "/usr/bin/obexls"
"Failed to extract plugin meta data from '/usr/bin/obexftp'" 
         not a plugin
QFactoryLoader::QFactoryLoader() looking at "/usr/bin/obexpush_atd"
"Failed to extract plugin meta data from '/usr/bin/obexpush_atd'" 
         not a plugin
QFactoryLoader::QFactoryLoader() looking at "/usr/bin/obexpushd"
"Failed to extract plugin meta data from '/usr/bin/obexpushd'" 
         not a plugin
QFactoryLoader::QFactoryLoader() looking at "/usr/bin/obexput"
"Failed to extract plugin meta data from '/usr/bin/obexftp'" 
         not a plugin
QFactoryLoader::QFactoryLoader() looking at "/usr/bin/obexrm"
"Failed to extract plugin meta data from '/usr/bin/obexftp'" 
         not a plugin
QFactoryLoader::QFactoryLoader() looking at "/usr/bin/objcopy"
"Failed to extract plugin meta data from '/usr/bin/aarch64-linux-gnu-objcopy'" 
         not a plugin
QFactoryLoader::QFactoryLoader() looking at "/usr/bin/objdump"
"Failed to extract plugin meta data from '/usr/bin/aarch64-linux-gnu-objdump'" 
         not a plugin
QFactoryLoader::QFactoryLoader() looking at "/usr/bin/oclock"
"Failed to extract plugin meta data from '/usr/bin/oclock'" 
         not a plugin
QFactoryLoader::QFactoryLoader() looking at "/usr/bin/od"
"Failed to extract plugin meta data from '/usr/bin/od'" 
         not a plugin
QFactoryLoader::QFactoryLoader() looking at "/usr/bin/odbcinst"
"Failed to extract plugin meta data from '/usr/bin/odbcinst'" 
         not a plugin
QFactoryLoader::QFactoryLoader() looking at "/usr/bin/oem-getlogs"
QElfParser: '/usr/bin/oem-getlogs' is not an ELF object
"'/usr/bin/oem-getlogs' is not an ELF object" 
         not a plugin
QFactoryLoader::QFactoryLoader() looking at "/usr/bin/ompi-clean"
"Failed to extract plugin meta data from '/usr/bin/orte-clean'" 
         not a plugin
QFactoryLoader::QFactoryLoader() looking at "/usr/bin/ompi-server"
"Failed to extract plugin meta data from '/usr/bin/orte-server'" 
         not a plugin
QFactoryLoader::QFactoryLoader() looking at "/usr/bin/ompi_info"
"Failed to extract plugin meta data from '/usr/bin/ompi_info'" 
         not a plugin
QFactoryLoader::QFactoryLoader() looking at "/usr/bin/omshell"
"Failed to extract plugin meta data from '/usr/bin/omshell'" 
         not a plugin
QFactoryLoader::QFactoryLoader() looking at "/usr/bin/on_ac_power"
QElfParser: '/usr/sbin/on_ac_power' is not an ELF object
"'/usr/sbin/on_ac_power' is not an ELF object" 
         not a plugin
QFactoryLoader::QFactoryLoader() looking at "/usr/bin/onboard"
QElfParser: '/usr/bin/onboard' is not an ELF object
"'/usr/bin/onboard' is not an ELF object" 
         not a plugin
QFactoryLoader::QFactoryLoader() looking at "/usr/bin/onboard-settings"
QElfParser: '/usr/bin/onboard-settings' is not an ELF object
"'/usr/bin/onboard-settings' is not an ELF object" 
         not a plugin
QFactoryLoader::QFactoryLoader() looking at "/usr/bin/opal_wrapper"
"Failed to extract plugin meta data from '/usr/bin/opal_wrapper'" 
         not a plugin
QFactoryLoader::QFactoryLoader() looking at "/usr/bin/opalc++"
"Failed to extract plugin meta data from '/usr/bin/opal_wrapper'" 
         not a plugin
QFactoryLoader::QFactoryLoader() looking at "/usr/bin/opalcc"
"Failed to extract plugin meta data from '/usr/bin/opal_wrapper'" 
         not a plugin
QFactoryLoader::QFactoryLoader() looking at "/usr/bin/opencv_annotation"
"Failed to extract plugin meta data from '/usr/bin/opencv_annotation'" 
         not a plugin
QFactoryLoader::QFactoryLoader() looking at "/usr/bin/opencv_interactive-calibration"
"Failed to extract plugin meta data from '/usr/bin/opencv_interactive-calibration'" 
         not a plugin
QFactoryLoader::QFactoryLoader() looking at "/usr/bin/opencv_model_diagnostics"
"Failed to extract plugin meta data from '/usr/bin/opencv_model_diagnostics'" 
         not a plugin
QFactoryLoader::QFactoryLoader() looking at "/usr/bin/opencv_version"
"Failed to extract plugin meta data from '/usr/bin/opencv_version'" 
         not a plugin
QFactoryLoader::QFactoryLoader() looking at "/usr/bin/opencv_visualisation"
"Failed to extract plugin meta data from '/usr/bin/opencv_visualisation'" 
         not a plugin
QFactoryLoader::QFactoryLoader() looking at "/usr/bin/openssl"
"Failed to extract plugin meta data from '/usr/bin/openssl'" 
         not a plugin
QFactoryLoader::QFactoryLoader() looking at "/usr/bin/openvt"
"Failed to extract plugin meta data from '/usr/bin/openvt'" 
         not a plugin
QFactoryLoader::QFactoryLoader() looking at "/usr/bin/orc-bugreport"
"Failed to extract plugin meta data from '/usr/bin/orc-bugreport'" 
         not a plugin
QFactoryLoader::QFactoryLoader() looking at "/usr/bin/orca"
QElfParser: '/usr/bin/orca' is not an ELF object
"'/usr/bin/orca' is not an ELF object" 
         not a plugin
QFactoryLoader::QFactoryLoader() looking at "/usr/bin/orca-dm-wrapper"
QElfParser: '/usr/bin/orca-dm-wrapper' is not an ELF object
"'/usr/bin/orca-dm-wrapper' is not an ELF object" 
         not a plugin
QFactoryLoader::QFactoryLoader() looking at "/usr/bin/orcc"
"Failed to extract plugin meta data from '/usr/bin/orcc'" 
         not a plugin
QFactoryLoader::QFactoryLoader() looking at "/usr/bin/orte-clean"
"Failed to extract plugin meta data from '/usr/bin/orte-clean'" 
         not a plugin
QFactoryLoader::QFactoryLoader() looking at "/usr/bin/orte-server"
"Failed to extract plugin meta data from '/usr/bin/orte-server'" 
         not a plugin
QFactoryLoader::QFactoryLoader() looking at "/usr/bin/orted"
"Failed to extract plugin meta data from '/usr/bin/orted'" 
         not a plugin
QFactoryLoader::QFactoryLoader() looking at "/usr/bin/orterun"
"Failed to extract plugin meta data from '/usr/bin/orterun'" 
         not a plugin
QFactoryLoader::QFactoryLoader() looking at "/usr/bin/p11-kit"
"Failed to extract plugin meta data from '/usr/bin/p11-kit'" 
         not a plugin
QFactoryLoader::QFactoryLoader() looking at "/usr/bin/pa-info"
QElfParser: '/usr/bin/pa-info' is not an ELF object
"'/usr/bin/pa-info' is not an ELF object" 
         not a plugin
QFactoryLoader::QFactoryLoader() looking at "/usr/bin/pacat"
"Failed to extract plugin meta data from '/usr/bin/pacat'" 
         not a plugin
QFactoryLoader::QFactoryLoader() looking at "/usr/bin/pacmd"
"Failed to extract plugin meta data from '/usr/bin/pacmd'" 
         not a plugin
QFactoryLoader::QFactoryLoader() looking at "/usr/bin/pactl"
"Failed to extract plugin meta data from '/usr/bin/pactl'" 
         not a plugin
QFactoryLoader::QFactoryLoader() looking at "/usr/bin/padsp"
QElfParser: '/usr/bin/padsp' is not an ELF object
"'/usr/bin/padsp' is not an ELF object" 
         not a plugin
QFactoryLoader::QFactoryLoader() looking at "/usr/bin/pager"
"Failed to extract plugin meta data from '/usr/bin/less'" 
         not a plugin
QFactoryLoader::QFactoryLoader() looking at "/usr/bin/pamon"
"Failed to extract plugin meta data from '/usr/bin/pacat'" 
         not a plugin
QFactoryLoader::QFactoryLoader() looking at "/usr/bin/paperconf"
"Failed to extract plugin meta data from '/usr/bin/paperconf'" 
         not a plugin
QFactoryLoader::QFactoryLoader() looking at "/usr/bin/paplay"
"Failed to extract plugin meta data from '/usr/bin/pacat'" 
         not a plugin
QFactoryLoader::QFactoryLoader() looking at "/usr/bin/paps"
"Failed to extract plugin meta data from '/usr/bin/paps'" 
         not a plugin
QFactoryLoader::QFactoryLoader() looking at "/usr/bin/parec"
"Failed to extract plugin meta data from '/usr/bin/pacat'" 
         not a plugin
QFactoryLoader::QFactoryLoader() looking at "/usr/bin/parecord"
"Failed to extract plugin meta data from '/usr/bin/pacat'" 
         not a plugin
QFactoryLoader::QFactoryLoader() looking at "/usr/bin/partx"
"Failed to extract plugin meta data from '/usr/bin/partx'" 
         not a plugin
QFactoryLoader::QFactoryLoader() looking at "/usr/bin/passwd"
"Failed to extract plugin meta data from '/usr/bin/passwd'" 
         not a plugin
QFactoryLoader::QFactoryLoader() looking at "/usr/bin/paste"
"Failed to extract plugin meta data from '/usr/bin/paste'" 
         not a plugin
QFactoryLoader::QFactoryLoader() looking at "/usr/bin/pasteurize"
QElfParser: '/usr/bin/python3-pasteurize' is not an ELF object
"'/usr/bin/python3-pasteurize' is not an ELF object" 
         not a plugin
QFactoryLoader::QFactoryLoader() looking at "/usr/bin/pasuspender"
"Failed to extract plugin meta data from '/usr/bin/pasuspender'" 
         not a plugin
QFactoryLoader::QFactoryLoader() looking at "/usr/bin/patch"
"Failed to extract plugin meta data from '/usr/bin/patch'" 
         not a plugin
QFactoryLoader::QFactoryLoader() looking at "/usr/bin/pathchk"
"Failed to extract plugin meta data from '/usr/bin/pathchk'" 
         not a plugin
QFactoryLoader::QFactoryLoader() looking at "/usr/bin/pax11publish"
"Failed to extract plugin meta data from '/usr/bin/pax11publish'" 
         not a plugin
QFactoryLoader::QFactoryLoader() looking at "/usr/bin/pcc"
"Failed to extract plugin meta data from '/usr/bin/pcc'" 
         not a plugin
QFactoryLoader::QFactoryLoader() looking at "/usr/bin/pcre-config"
QElfParser: '/usr/bin/pcre-config' is not an ELF object
"'/usr/bin/pcre-config' is not an ELF object" 
         not a plugin
QFactoryLoader::QFactoryLoader() looking at "/usr/bin/pcre2-config"
QElfParser: '/usr/bin/pcre2-config' is not an ELF object
"'/usr/bin/pcre2-config' is not an ELF object" 
         not a plugin
QFactoryLoader::QFactoryLoader() looking at "/usr/bin/pdb2"
QElfParser: '/usr/lib/python2.7/pdb.py' is not an ELF object
"'/usr/lib/python2.7/pdb.py' is not an ELF object" 
         not a plugin
QFactoryLoader::QFactoryLoader() looking at "/usr/bin/pdb2.7"
QElfParser: '/usr/lib/python2.7/pdb.py' is not an ELF object
"'/usr/lib/python2.7/pdb.py' is not an ELF object" 
         not a plugin
QFactoryLoader::QFactoryLoader() looking at "/usr/bin/pdb3"
QElfParser: '/usr/lib/python3.8/pdb.py' is not an ELF object
"'/usr/lib/python3.8/pdb.py' is not an ELF object" 
         not a plugin
QFactoryLoader::QFactoryLoader() looking at "/usr/bin/pdb3.12"
QElfParser: '/usr/lib/python3.12/pdb.py' is not an ELF object
"'/usr/lib/python3.12/pdb.py' is not an ELF object" 
         not a plugin
QFactoryLoader::QFactoryLoader() looking at "/usr/bin/pdb3.8"
QElfParser: '/usr/lib/python3.8/pdb.py' is not an ELF object
"'/usr/lib/python3.8/pdb.py' is not an ELF object" 
         not a plugin
QFactoryLoader::QFactoryLoader() looking at "/usr/bin/pdf2dsc"
QElfParser: '/usr/bin/pdf2dsc' is not an ELF object
"'/usr/bin/pdf2dsc' is not an ELF object" 
         not a plugin
QFactoryLoader::QFactoryLoader() looking at "/usr/bin/pdf2ps"
QElfParser: '/usr/bin/pdf2ps' is not an ELF object
"'/usr/bin/pdf2ps' is not an ELF object" 
         not a plugin
QFactoryLoader::QFactoryLoader() looking at "/usr/bin/pdfattach"
"Failed to extract plugin meta data from '/usr/bin/pdfattach'" 
         not a plugin
QFactoryLoader::QFactoryLoader() looking at "/usr/bin/pdfdetach"
"Failed to extract plugin meta data from '/usr/bin/pdfdetach'" 
         not a plugin
QFactoryLoader::QFactoryLoader() looking at "/usr/bin/pdffonts"
"Failed to extract plugin meta data from '/usr/bin/pdffonts'" 
         not a plugin
QFactoryLoader::QFactoryLoader() looking at "/usr/bin/pdfimages"
"Failed to extract plugin meta data from '/usr/bin/pdfimages'" 
         not a plugin
QFactoryLoader::QFactoryLoader() looking at "/usr/bin/pdfinfo"
"Failed to extract plugin meta data from '/usr/bin/pdfinfo'" 
         not a plugin
QFactoryLoader::QFactoryLoader() looking at "/usr/bin/pdfseparate"
"Failed to extract plugin meta data from '/usr/bin/pdfseparate'" 
         not a plugin
QFactoryLoader::QFactoryLoader() looking at "/usr/bin/pdfsig"
"Failed to extract plugin meta data from '/usr/bin/pdfsig'" 
         not a plugin
QFactoryLoader::QFactoryLoader() looking at "/usr/bin/pdftocairo"
"Failed to extract plugin meta data from '/usr/bin/pdftocairo'" 
         not a plugin
QFactoryLoader::QFactoryLoader() looking at "/usr/bin/pdftohtml"
"Failed to extract plugin meta data from '/usr/bin/pdftohtml'" 
         not a plugin
QFactoryLoader::QFactoryLoader() looking at "/usr/bin/pdftoppm"
"Failed to extract plugin meta data from '/usr/bin/pdftoppm'" 
         not a plugin
QFactoryLoader::QFactoryLoader() looking at "/usr/bin/pdftops"
"Failed to extract plugin meta data from '/usr/bin/pdftops'" 
         not a plugin
QFactoryLoader::QFactoryLoader() looking at "/usr/bin/pdftotext"
"Failed to extract plugin meta data from '/usr/bin/pdftotext'" 
         not a plugin
QFactoryLoader::QFactoryLoader() looking at "/usr/bin/pdfunite"
"Failed to extract plugin meta data from '/usr/bin/pdfunite'" 
         not a plugin
QFactoryLoader::QFactoryLoader() looking at "/usr/bin/peekfd"
"Failed to extract plugin meta data from '/usr/bin/peekfd'" 
         not a plugin
QFactoryLoader::QFactoryLoader() looking at "/usr/bin/perl"
"Failed to extract plugin meta data from '/usr/bin/perl'" 
         not a plugin
QFactoryLoader::QFactoryLoader() looking at "/usr/bin/perl5.30-aarch64-linux-gnu"
"Failed to extract plugin meta data from '/usr/bin/perl5.30-aarch64-linux-gnu'" 
         not a plugin
QFactoryLoader::QFactoryLoader() looking at "/usr/bin/perl5.30.0"
"Failed to extract plugin meta data from '/usr/bin/perl5.30.0'" 
         not a plugin
QFactoryLoader::QFactoryLoader() looking at "/usr/bin/perlbug"
QElfParser: '/usr/bin/perlbug' is not an ELF object
"'/usr/bin/perlbug' is not an ELF object" 
         not a plugin
QFactoryLoader::QFactoryLoader() looking at "/usr/bin/perldoc"
QElfParser: '/usr/bin/perldoc' is not an ELF object
"'/usr/bin/perldoc' is not an ELF object" 
         not a plugin
QFactoryLoader::QFactoryLoader() looking at "/usr/bin/perli11ndoc"
QElfParser: '/usr/bin/perli11ndoc' is not an ELF object
"'/usr/bin/perli11ndoc' is not an ELF object" 
         not a plugin
QFactoryLoader::QFactoryLoader() looking at "/usr/bin/perlivp"
QElfParser: '/usr/bin/perlivp' is not an ELF object
"'/usr/bin/perlivp' is not an ELF object" 
         not a plugin
QFactoryLoader::QFactoryLoader() looking at "/usr/bin/perlthanks"
QElfParser: '/usr/bin/perlthanks' is not an ELF object
"'/usr/bin/perlthanks' is not an ELF object" 
         not a plugin
QFactoryLoader::QFactoryLoader() looking at "/usr/bin/pf2afm"
QElfParser: '/usr/bin/pf2afm' is not an ELF object
"'/usr/bin/pf2afm' is not an ELF object" 
         not a plugin
QFactoryLoader::QFactoryLoader() looking at "/usr/bin/pfbtopfa"
QElfParser: '/usr/bin/pfbtopfa' is not an ELF object
"'/usr/bin/pfbtopfa' is not an ELF object" 
         not a plugin
QFactoryLoader::QFactoryLoader() looking at "/usr/bin/pftp"
"Failed to extract plugin meta data from '/usr/bin/netkit-ftp'" 
         not a plugin
QFactoryLoader::QFactoryLoader() looking at "/usr/bin/pgrep"
"Failed to extract plugin meta data from '/usr/bin/pgrep'" 
         not a plugin
QFactoryLoader::QFactoryLoader() looking at "/usr/bin/pic"
"Failed to extract plugin meta data from '/usr/bin/pic'" 
         not a plugin
QFactoryLoader::QFactoryLoader() looking at "/usr/bin/pico"
"Failed to extract plugin meta data from '/usr/bin/nano'" 
         not a plugin
QFactoryLoader::QFactoryLoader() looking at "/usr/bin/piconv"
QElfParser: '/usr/bin/piconv' is not an ELF object
"'/usr/bin/piconv' is not an ELF object" 
         not a plugin
QFactoryLoader::QFactoryLoader() looking at "/usr/bin/pidof"
"Failed to extract plugin meta data from '/usr/sbin/killall5'" 
         not a plugin
QFactoryLoader::QFactoryLoader() looking at "/usr/bin/pinentry"
"Failed to extract plugin meta data from '/usr/bin/pinentry-gnome3'" 
         not a plugin
QFactoryLoader::QFactoryLoader() looking at "/usr/bin/pinentry-gnome3"
"Failed to extract plugin meta data from '/usr/bin/pinentry-gnome3'" 
         not a plugin
QFactoryLoader::QFactoryLoader() looking at "/usr/bin/pinentry-x11"
"Failed to extract plugin meta data from '/usr/bin/pinentry-gnome3'" 
         not a plugin
QFactoryLoader::QFactoryLoader() looking at "/usr/bin/ping"
"Failed to extract plugin meta data from '/usr/bin/ping'" 
         not a plugin
QFactoryLoader::QFactoryLoader() looking at "/usr/bin/ping4"
"Failed to extract plugin meta data from '/usr/bin/ping'" 
         not a plugin
QFactoryLoader::QFactoryLoader() looking at "/usr/bin/ping6"
"Failed to extract plugin meta data from '/usr/bin/ping'" 
         not a plugin
QFactoryLoader::QFactoryLoader() looking at "/usr/bin/pinky"
"Failed to extract plugin meta data from '/usr/bin/pinky'" 
         not a plugin
QFactoryLoader::QFactoryLoader() looking at "/usr/bin/pixeltool"
"Failed to extract plugin meta data from '/usr/bin/qtchooser'" 
         not a plugin
QFactoryLoader::QFactoryLoader() looking at "/usr/bin/pkaction"
"Failed to extract plugin meta data from '/usr/bin/pkaction'" 
         not a plugin
QFactoryLoader::QFactoryLoader() looking at "/usr/bin/pkcheck"
"Failed to extract plugin meta data from '/usr/bin/pkcheck'" 
         not a plugin
QFactoryLoader::QFactoryLoader() looking at "/usr/bin/pkcon"
"Failed to extract plugin meta data from '/usr/bin/pkcon'" 
         not a plugin
QFactoryLoader::QFactoryLoader() looking at "/usr/bin/pkexec"
"Failed to extract plugin meta data from '/usr/bin/pkexec'" 
         not a plugin
QFactoryLoader::QFactoryLoader() looking at "/usr/bin/pkg-config"
"Failed to extract plugin meta data from '/usr/bin/pkg-config'" 
         not a plugin
QFactoryLoader::QFactoryLoader() looking at "/usr/bin/pkgdata"
"Failed to extract plugin meta data from '/usr/bin/pkgdata'" 
         not a plugin
QFactoryLoader::QFactoryLoader() looking at "/usr/bin/pkill"
"Failed to extract plugin meta data from '/usr/bin/pgrep'" 
         not a plugin
QFactoryLoader::QFactoryLoader() looking at "/usr/bin/pkmon"
"Failed to extract plugin meta data from '/usr/bin/pkmon'" 
         not a plugin
QFactoryLoader::QFactoryLoader() looking at "/usr/bin/pkttyagent"
"Failed to extract plugin meta data from '/usr/bin/pkttyagent'" 
         not a plugin
QFactoryLoader::QFactoryLoader() looking at "/usr/bin/pl2pm"
QElfParser: '/usr/bin/pl2pm' is not an ELF object
"'/usr/bin/pl2pm' is not an ELF object" 
         not a plugin
QFactoryLoader::QFactoryLoader() looking at "/usr/bin/pldd"
"Failed to extract plugin meta data from '/usr/bin/pldd'" 
         not a plugin
QFactoryLoader::QFactoryLoader() looking at "/usr/bin/plog"
QElfParser: '/usr/bin/plog' is not an ELF object
"'/usr/bin/plog' is not an ELF object" 
         not a plugin
QFactoryLoader::QFactoryLoader() looking at "/usr/bin/plymouth"
"Failed to extract plugin meta data from '/usr/bin/plymouth'" 
         not a plugin
QFactoryLoader::QFactoryLoader() looking at "/usr/bin/pmap"
"Failed to extract plugin meta data from '/usr/bin/pmap'" 
         not a plugin
QFactoryLoader::QFactoryLoader() looking at "/usr/bin/pnm2ppa"
"Failed to extract plugin meta data from '/usr/bin/pnm2ppa'" 
         not a plugin
QFactoryLoader::QFactoryLoader() looking at "/usr/bin/pod2html"
QElfParser: '/usr/bin/pod2html' is not an ELF object
"'/usr/bin/pod2html' is not an ELF object" 
         not a plugin
QFactoryLoader::QFactoryLoader() looking at "/usr/bin/pod2man"
QElfParser: '/usr/bin/pod2man' is not an ELF object
"'/usr/bin/pod2man' is not an ELF object" 
         not a plugin
QFactoryLoader::QFactoryLoader() looking at "/usr/bin/pod2text"
QElfParser: '/usr/bin/pod2text' is not an ELF object
"'/usr/bin/pod2text' is not an ELF object" 
         not a plugin
QFactoryLoader::QFactoryLoader() looking at "/usr/bin/pod2usage"
QElfParser: '/usr/bin/pod2usage' is not an ELF object
"'/usr/bin/pod2usage' is not an ELF object" 
         not a plugin
QFactoryLoader::QFactoryLoader() looking at "/usr/bin/podchecker"
QElfParser: '/usr/bin/podchecker' is not an ELF object
"'/usr/bin/podchecker' is not an ELF object" 
         not a plugin
QFactoryLoader::QFactoryLoader() looking at "/usr/bin/podselect"
QElfParser: '/usr/bin/podselect' is not an ELF object
"'/usr/bin/podselect' is not an ELF object" 
         not a plugin
QFactoryLoader::QFactoryLoader() looking at "/usr/bin/poff"
QElfParser: '/usr/bin/poff' is not an ELF object
"'/usr/bin/poff' is not an ELF object" 
         not a plugin
QFactoryLoader::QFactoryLoader() looking at "/usr/bin/pon"
QElfParser: '/usr/bin/pon' is not an ELF object
"'/usr/bin/pon' is not an ELF object" 
         not a plugin
QFactoryLoader::QFactoryLoader() looking at "/usr/bin/POST"
QElfParser: '/usr/bin/lwp-request' is not an ELF object
"'/usr/bin/lwp-request' is not an ELF object" 
         not a plugin
QFactoryLoader::QFactoryLoader() looking at "/usr/bin/pphs"
QElfParser: '/usr/bin/pphs' is not an ELF object
"'/usr/bin/pphs' is not an ELF object" 
         not a plugin
QFactoryLoader::QFactoryLoader() looking at "/usr/bin/pr"
"Failed to extract plugin meta data from '/usr/bin/pr'" 
         not a plugin
QFactoryLoader::QFactoryLoader() looking at "/usr/bin/precat"
QElfParser: '/usr/bin/precat' is not an ELF object
"'/usr/bin/precat' is not an ELF object" 
         not a plugin
QFactoryLoader::QFactoryLoader() looking at "/usr/bin/preconv"
"Failed to extract plugin meta data from '/usr/bin/preconv'" 
         not a plugin
QFactoryLoader::QFactoryLoader() looking at "/usr/bin/preunzip"
QElfParser: '/usr/bin/preunzip' is not an ELF object
"'/usr/bin/preunzip' is not an ELF object" 
         not a plugin
QFactoryLoader::QFactoryLoader() looking at "/usr/bin/prezip"
QElfParser: '/usr/bin/prezip' is not an ELF object
"'/usr/bin/prezip' is not an ELF object" 
         not a plugin
QFactoryLoader::QFactoryLoader() looking at "/usr/bin/prezip-bin"
"Failed to extract plugin meta data from '/usr/bin/prezip-bin'" 
         not a plugin
QFactoryLoader::QFactoryLoader() looking at "/usr/bin/print"
QElfParser: '/usr/bin/run-mailcap' is not an ELF object
"'/usr/bin/run-mailcap' is not an ELF object" 
         not a plugin
QFactoryLoader::QFactoryLoader() looking at "/usr/bin/printafm"
QElfParser: '/usr/bin/printafm' is not an ELF object
"'/usr/bin/printafm' is not an ELF object" 
         not a plugin
QFactoryLoader::QFactoryLoader() looking at "/usr/bin/printenv"
"Failed to extract plugin meta data from '/usr/bin/printenv'" 
         not a plugin
QFactoryLoader::QFactoryLoader() looking at "/usr/bin/printerbanner"
"Failed to extract plugin meta data from '/usr/bin/printerbanner'" 
         not a plugin
QFactoryLoader::QFactoryLoader() looking at "/usr/bin/printf"
"Failed to extract plugin meta data from '/usr/bin/printf'" 
         not a plugin
QFactoryLoader::QFactoryLoader() looking at "/usr/bin/prlimit"
"Failed to extract plugin meta data from '/usr/bin/prlimit'" 
         not a plugin
QFactoryLoader::QFactoryLoader() looking at "/usr/bin/pro"
QElfParser: '/usr/bin/ubuntu-advantage' is not an ELF object
"'/usr/bin/ubuntu-advantage' is not an ELF object" 
         not a plugin
QFactoryLoader::QFactoryLoader() looking at "/usr/bin/proj"
"Failed to extract plugin meta data from '/usr/bin/proj'" 
         not a plugin
QFactoryLoader::QFactoryLoader() looking at "/usr/bin/projinfo"
"Failed to extract plugin meta data from '/usr/bin/projinfo'" 
         not a plugin
QFactoryLoader::QFactoryLoader() looking at "/usr/bin/prove"
QElfParser: '/usr/bin/prove' is not an ELF object
"'/usr/bin/prove' is not an ELF object" 
         not a plugin
QFactoryLoader::QFactoryLoader() looking at "/usr/bin/proxy"
"Failed to extract plugin meta data from '/usr/bin/proxy'" 
         not a plugin
QFactoryLoader::QFactoryLoader() looking at "/usr/bin/prtstat"
"Failed to extract plugin meta data from '/usr/bin/prtstat'" 
         not a plugin
QFactoryLoader::QFactoryLoader() looking at "/usr/bin/ps"
"Failed to extract plugin meta data from '/usr/bin/ps'" 
         not a plugin
QFactoryLoader::QFactoryLoader() looking at "/usr/bin/ps2ascii"
QElfParser: '/usr/bin/ps2ascii' is not an ELF object
"'/usr/bin/ps2ascii' is not an ELF object" 
         not a plugin
QFactoryLoader::QFactoryLoader() looking at "/usr/bin/ps2epsi"
QElfParser: '/usr/bin/ps2epsi' is not an ELF object
"'/usr/bin/ps2epsi' is not an ELF object" 
         not a plugin
QFactoryLoader::QFactoryLoader() looking at "/usr/bin/ps2pdf"
QElfParser: '/usr/bin/ps2pdf' is not an ELF object
"'/usr/bin/ps2pdf' is not an ELF object" 
         not a plugin
QFactoryLoader::QFactoryLoader() looking at "/usr/bin/ps2pdf12"
QElfParser: '/usr/bin/ps2pdf12' is not an ELF object
"'/usr/bin/ps2pdf12' is not an ELF object" 
         not a plugin
QFactoryLoader::QFactoryLoader() looking at "/usr/bin/ps2pdf13"
QElfParser: '/usr/bin/ps2pdf13' is not an ELF object
"'/usr/bin/ps2pdf13' is not an ELF object" 
         not a plugin
QFactoryLoader::QFactoryLoader() looking at "/usr/bin/ps2pdf14"
QElfParser: '/usr/bin/ps2pdf14' is not an ELF object
"'/usr/bin/ps2pdf14' is not an ELF object" 
         not a plugin
QFactoryLoader::QFactoryLoader() looking at "/usr/bin/ps2pdfwr"
QElfParser: '/usr/bin/ps2pdfwr' is not an ELF object
"'/usr/bin/ps2pdfwr' is not an ELF object" 
         not a plugin
QFactoryLoader::QFactoryLoader() looking at "/usr/bin/ps2ps"
QElfParser: '/usr/bin/ps2ps' is not an ELF object
"'/usr/bin/ps2ps' is not an ELF object" 
         not a plugin
QFactoryLoader::QFactoryLoader() looking at "/usr/bin/ps2ps2"
QElfParser: '/usr/bin/ps2ps2' is not an ELF object
"'/usr/bin/ps2ps2' is not an ELF object" 
         not a plugin
QFactoryLoader::QFactoryLoader() looking at "/usr/bin/ps2txt"
QElfParser: '/usr/bin/ps2ascii' is not an ELF object
"'/usr/bin/ps2ascii' is not an ELF object" 
         not a plugin
QFactoryLoader::QFactoryLoader() looking at "/usr/bin/psfaddtable"
"Failed to extract plugin meta data from '/usr/bin/psfxtable'" 
         not a plugin
QFactoryLoader::QFactoryLoader() looking at "/usr/bin/psfgettable"
"Failed to extract plugin meta data from '/usr/bin/psfxtable'" 
         not a plugin
QFactoryLoader::QFactoryLoader() looking at "/usr/bin/psfstriptable"
"Failed to extract plugin meta data from '/usr/bin/psfxtable'" 
         not a plugin
QFactoryLoader::QFactoryLoader() looking at "/usr/bin/psfxtable"
"Failed to extract plugin meta data from '/usr/bin/psfxtable'" 
         not a plugin
QFactoryLoader::QFactoryLoader() looking at "/usr/bin/psicc"
"Failed to extract plugin meta data from '/usr/bin/psicc'" 
         not a plugin
QFactoryLoader::QFactoryLoader() looking at "/usr/bin/pslog"
"Failed to extract plugin meta data from '/usr/bin/pslog'" 
         not a plugin
QFactoryLoader::QFactoryLoader() looking at "/usr/bin/pstree"
"Failed to extract plugin meta data from '/usr/bin/pstree'" 
         not a plugin
QFactoryLoader::QFactoryLoader() looking at "/usr/bin/pstree.x11"
"Failed to extract plugin meta data from '/usr/bin/pstree'" 
         not a plugin
QFactoryLoader::QFactoryLoader() looking at "/usr/bin/ptar"
QElfParser: '/usr/bin/ptar' is not an ELF object
"'/usr/bin/ptar' is not an ELF object" 
         not a plugin
QFactoryLoader::QFactoryLoader() looking at "/usr/bin/ptardiff"
QElfParser: '/usr/bin/ptardiff' is not an ELF object
"'/usr/bin/ptardiff' is not an ELF object" 
         not a plugin
QFactoryLoader::QFactoryLoader() looking at "/usr/bin/ptargrep"
QElfParser: '/usr/bin/ptargrep' is not an ELF object
"'/usr/bin/ptargrep' is not an ELF object" 
         not a plugin
QFactoryLoader::QFactoryLoader() looking at "/usr/bin/ptx"
"Failed to extract plugin meta data from '/usr/bin/ptx'" 
         not a plugin
QFactoryLoader::QFactoryLoader() looking at "/usr/bin/pulseaudio"
"Failed to extract plugin meta data from '/usr/bin/pulseaudio'" 
         not a plugin
QFactoryLoader::QFactoryLoader() looking at "/usr/bin/pwd"
"Failed to extract plugin meta data from '/usr/bin/pwd'" 
         not a plugin
QFactoryLoader::QFactoryLoader() looking at "/usr/bin/pwdx"
"Failed to extract plugin meta data from '/usr/bin/pwdx'" 
         not a plugin
QFactoryLoader::QFactoryLoader() looking at "/usr/bin/py3clean"
QElfParser: '/usr/bin/py3clean' is not an ELF object
"'/usr/bin/py3clean' is not an ELF object" 
         not a plugin
QFactoryLoader::QFactoryLoader() looking at "/usr/bin/py3compile"
QElfParser: '/usr/bin/py3compile' is not an ELF object
"'/usr/bin/py3compile' is not an ELF object" 
         not a plugin
QFactoryLoader::QFactoryLoader() looking at "/usr/bin/py3versions"
QElfParser: '/usr/share/python3/py3versions.py' is not an ELF object
"'/usr/share/python3/py3versions.py' is not an ELF object" 
         not a plugin
QFactoryLoader::QFactoryLoader() looking at "/usr/bin/pyclean"
QElfParser: '/usr/bin/pyclean' is not an ELF object
"'/usr/bin/pyclean' is not an ELF object" 
         not a plugin
QFactoryLoader::QFactoryLoader() looking at "/usr/bin/pycompile"
QElfParser: '/usr/bin/pycompile' is not an ELF object
"'/usr/bin/pycompile' is not an ELF object" 
         not a plugin
QFactoryLoader::QFactoryLoader() looking at "/usr/bin/pydoc2"
QElfParser: '/usr/bin/pydoc2.7' is not an ELF object
"'/usr/bin/pydoc2.7' is not an ELF object" 
         not a plugin
QFactoryLoader::QFactoryLoader() looking at "/usr/bin/pydoc2.7"
QElfParser: '/usr/bin/pydoc2.7' is not an ELF object
"'/usr/bin/pydoc2.7' is not an ELF object" 
         not a plugin
QFactoryLoader::QFactoryLoader() looking at "/usr/bin/pydoc3"
QElfParser: '/usr/bin/pydoc3.8' is not an ELF object
"'/usr/bin/pydoc3.8' is not an ELF object" 
         not a plugin
QFactoryLoader::QFactoryLoader() looking at "/usr/bin/pydoc3.12"
QElfParser: '/usr/bin/pydoc3.12' is not an ELF object
"'/usr/bin/pydoc3.12' is not an ELF object" 
         not a plugin
QFactoryLoader::QFactoryLoader() looking at "/usr/bin/pydoc3.8"
QElfParser: '/usr/bin/pydoc3.8' is not an ELF object
"'/usr/bin/pydoc3.8' is not an ELF object" 
         not a plugin
QFactoryLoader::QFactoryLoader() looking at "/usr/bin/pygettext2"
QElfParser: '/usr/bin/pygettext2.7' is not an ELF object
"'/usr/bin/pygettext2.7' is not an ELF object" 
         not a plugin
QFactoryLoader::QFactoryLoader() looking at "/usr/bin/pygettext2.7"
QElfParser: '/usr/bin/pygettext2.7' is not an ELF object
"'/usr/bin/pygettext2.7' is not an ELF object" 
         not a plugin
QFactoryLoader::QFactoryLoader() looking at "/usr/bin/pygettext3"
QElfParser: '/usr/bin/pygettext3.8' is not an ELF object
"'/usr/bin/pygettext3.8' is not an ELF object" 
         not a plugin
QFactoryLoader::QFactoryLoader() looking at "/usr/bin/pygettext3.12"
QElfParser: '/usr/bin/pygettext3.12' is not an ELF object
"'/usr/bin/pygettext3.12' is not an ELF object" 
         not a plugin
QFactoryLoader::QFactoryLoader() looking at "/usr/bin/pygettext3.8"
QElfParser: '/usr/bin/pygettext3.8' is not an ELF object
"'/usr/bin/pygettext3.8' is not an ELF object" 
         not a plugin
QFactoryLoader::QFactoryLoader() looking at "/usr/bin/pyjwt3"
QElfParser: '/usr/bin/pyjwt3' is not an ELF object
"'/usr/bin/pyjwt3' is not an ELF object" 
         not a plugin
QFactoryLoader::QFactoryLoader() looking at "/usr/bin/python"
"Failed to extract plugin meta data from '/usr/bin/python3.8'" 
         not a plugin
QFactoryLoader::QFactoryLoader() looking at "/usr/bin/python2"
"Failed to extract plugin meta data from '/usr/bin/python2.7'" 
         not a plugin
QFactoryLoader::QFactoryLoader() looking at "/usr/bin/python2.7"
"Failed to extract plugin meta data from '/usr/bin/python2.7'" 
         not a plugin
QFactoryLoader::QFactoryLoader() looking at "/usr/bin/python3"
"Failed to extract plugin meta data from '/usr/bin/python3.8'" 
         not a plugin
QFactoryLoader::QFactoryLoader() looking at "/usr/bin/python3-config"
QElfParser: '/usr/bin/aarch64-linux-gnu-python3.8-config' is not an ELF object
"'/usr/bin/aarch64-linux-gnu-python3.8-config' is not an ELF object" 
         not a plugin
QFactoryLoader::QFactoryLoader() looking at "/usr/bin/python3-futurize"
QElfParser: '/usr/bin/python3-futurize' is not an ELF object
"'/usr/bin/python3-futurize' is not an ELF object" 
         not a plugin
QFactoryLoader::QFactoryLoader() looking at "/usr/bin/python3-pasteurize"
QElfParser: '/usr/bin/python3-pasteurize' is not an ELF object
"'/usr/bin/python3-pasteurize' is not an ELF object" 
         not a plugin
QFactoryLoader::QFactoryLoader() looking at "/usr/bin/python3.12"
"Failed to extract plugin meta data from '/usr/bin/python3.12'" 
         not a plugin
QFactoryLoader::QFactoryLoader() looking at "/usr/bin/python3.8"
"Failed to extract plugin meta data from '/usr/bin/python3.8'" 
         not a plugin
QFactoryLoader::QFactoryLoader() looking at "/usr/bin/python3.8-config"
QElfParser: '/usr/bin/aarch64-linux-gnu-python3.8-config' is not an ELF object
"'/usr/bin/aarch64-linux-gnu-python3.8-config' is not an ELF object" 
         not a plugin
QFactoryLoader::QFactoryLoader() looking at "/usr/bin/pyversions"
QElfParser: '/usr/share/python/pyversions.py' is not an ELF object
"'/usr/share/python/pyversions.py' is not an ELF object" 
         not a plugin
QFactoryLoader::QFactoryLoader() looking at "/usr/bin/qcollectiongenerator"
"Failed to extract plugin meta data from '/usr/bin/qtchooser'" 
         not a plugin
QFactoryLoader::QFactoryLoader() looking at "/usr/bin/qdbus"
"Failed to extract plugin meta data from '/usr/bin/qtchooser'" 
         not a plugin
QFactoryLoader::QFactoryLoader() looking at "/usr/bin/qdbuscpp2xml"
"Failed to extract plugin meta data from '/usr/bin/qtchooser'" 
         not a plugin
QFactoryLoader::QFactoryLoader() looking at "/usr/bin/qdbusviewer"
"Failed to extract plugin meta data from '/usr/bin/qtchooser'" 
         not a plugin
QFactoryLoader::QFactoryLoader() looking at "/usr/bin/qdbusxml2cpp"
"Failed to extract plugin meta data from '/usr/bin/qtchooser'" 
         not a plugin
QFactoryLoader::QFactoryLoader() looking at "/usr/bin/qdoc"
"Failed to extract plugin meta data from '/usr/bin/qtchooser'" 
         not a plugin
QFactoryLoader::QFactoryLoader() looking at "/usr/bin/qdoc3"
"Failed to extract plugin meta data from '/usr/bin/qtchooser'" 
         not a plugin
QFactoryLoader::QFactoryLoader() looking at "/usr/bin/qgltf"
"Failed to extract plugin meta data from '/usr/bin/qtchooser'" 
         not a plugin
QFactoryLoader::QFactoryLoader() looking at "/usr/bin/qhelpconverter"
"Failed to extract plugin meta data from '/usr/bin/qtchooser'" 
         not a plugin
QFactoryLoader::QFactoryLoader() looking at "/usr/bin/qhelpgenerator"
"Failed to extract plugin meta data from '/usr/bin/qtchooser'" 
         not a plugin
QFactoryLoader::QFactoryLoader() looking at "/usr/bin/qlalr"
"Failed to extract plugin meta data from '/usr/bin/qtchooser'" 
         not a plugin
QFactoryLoader::QFactoryLoader() looking at "/usr/bin/qmake"
"Failed to extract plugin meta data from '/usr/bin/qtchooser'" 
         not a plugin
QFactoryLoader::QFactoryLoader() looking at "/usr/bin/qml"
"Failed to extract plugin meta data from '/usr/bin/qtchooser'" 
         not a plugin
QFactoryLoader::QFactoryLoader() looking at "/usr/bin/qml1plugindump"
"Failed to extract plugin meta data from '/usr/bin/qtchooser'" 
         not a plugin
QFactoryLoader::QFactoryLoader() looking at "/usr/bin/qmlbundle"
"Failed to extract plugin meta data from '/usr/bin/qtchooser'" 
         not a plugin
QFactoryLoader::QFactoryLoader() looking at "/usr/bin/qmlcachegen"
"Failed to extract plugin meta data from '/usr/bin/qtchooser'" 
         not a plugin
QFactoryLoader::QFactoryLoader() looking at "/usr/bin/qmleasing"
"Failed to extract plugin meta data from '/usr/bin/qtchooser'" 
         not a plugin
QFactoryLoader::QFactoryLoader() looking at "/usr/bin/qmlimportscanner"
"Failed to extract plugin meta data from '/usr/bin/qtchooser'" 
         not a plugin
QFactoryLoader::QFactoryLoader() looking at "/usr/bin/qmljs"
"Failed to extract plugin meta data from '/usr/bin/qtchooser'" 
         not a plugin
QFactoryLoader::QFactoryLoader() looking at "/usr/bin/qmllint"
"Failed to extract plugin meta data from '/usr/bin/qtchooser'" 
         not a plugin
QFactoryLoader::QFactoryLoader() looking at "/usr/bin/qmlmin"
"Failed to extract plugin meta data from '/usr/bin/qtchooser'" 
         not a plugin
QFactoryLoader::QFactoryLoader() looking at "/usr/bin/qmlplugindump"
"Failed to extract plugin meta data from '/usr/bin/qtchooser'" 
         not a plugin
QFactoryLoader::QFactoryLoader() looking at "/usr/bin/qmlprofiler"
"Failed to extract plugin meta data from '/usr/bin/qtchooser'" 
         not a plugin
QFactoryLoader::QFactoryLoader() looking at "/usr/bin/qmlscene"
"Failed to extract plugin meta data from '/usr/bin/qtchooser'" 
         not a plugin
QFactoryLoader::QFactoryLoader() looking at "/usr/bin/qmltestrunner"
"Failed to extract plugin meta data from '/usr/bin/qtchooser'" 
         not a plugin
QFactoryLoader::QFactoryLoader() looking at "/usr/bin/qmlviewer"
"Failed to extract plugin meta data from '/usr/bin/qtchooser'" 
         not a plugin
QFactoryLoader::QFactoryLoader() looking at "/usr/bin/qtattributionsscanner"
"Failed to extract plugin meta data from '/usr/bin/qtchooser'" 
         not a plugin
QFactoryLoader::QFactoryLoader() looking at "/usr/bin/qtchooser"
"Failed to extract plugin meta data from '/usr/bin/qtchooser'" 
         not a plugin
QFactoryLoader::QFactoryLoader() looking at "/usr/bin/qtconfig"
"Failed to extract plugin meta data from '/usr/bin/qtchooser'" 
         not a plugin
QFactoryLoader::QFactoryLoader() looking at "/usr/bin/qtdiag"
"Failed to extract plugin meta data from '/usr/bin/qtchooser'" 
         not a plugin
QFactoryLoader::QFactoryLoader() looking at "/usr/bin/qtpaths"
"Failed to extract plugin meta data from '/usr/bin/qtchooser'" 
         not a plugin
QFactoryLoader::QFactoryLoader() looking at "/usr/bin/qtplugininfo"
"Failed to extract plugin meta data from '/usr/bin/qtchooser'" 
         not a plugin
QFactoryLoader::QFactoryLoader() looking at "/usr/bin/quirks-handler"
QElfParser: '/usr/bin/quirks-handler' is not an ELF object
"'/usr/bin/quirks-handler' is not an ELF object" 
         not a plugin
QFactoryLoader::QFactoryLoader() looking at "/usr/bin/qvkgen"
"Failed to extract plugin meta data from '/usr/bin/qtchooser'" 
         not a plugin
QFactoryLoader::QFactoryLoader() looking at "/usr/bin/qvlc"
QElfParser: '/usr/bin/qvlc' is not an ELF object (file too small)
"'/usr/bin/qvlc' is not an ELF object (file too small)" 
         not a plugin
QFactoryLoader::QFactoryLoader() looking at "/usr/bin/ranlib"
"Failed to extract plugin meta data from '/usr/bin/aarch64-linux-gnu-ranlib'" 
         not a plugin
QFactoryLoader::QFactoryLoader() looking at "/usr/bin/rbash"
"Failed to extract plugin meta data from '/usr/bin/bash'" 
         not a plugin
QFactoryLoader::QFactoryLoader() looking at "/usr/bin/rcc"
"Failed to extract plugin meta data from '/usr/bin/qtchooser'" 
         not a plugin
QFactoryLoader::QFactoryLoader() looking at "/usr/bin/rcp"
"Failed to extract plugin meta data from '/usr/bin/scp'" 
         not a plugin
QFactoryLoader::QFactoryLoader() looking at "/usr/bin/rctest"
"Failed to extract plugin meta data from '/usr/bin/rctest'" 
         not a plugin
QFactoryLoader::QFactoryLoader() looking at "/usr/bin/rdiffdir"
QElfParser: '/usr/bin/rdiffdir' is not an ELF object
"'/usr/bin/rdiffdir' is not an ELF object" 
         not a plugin
QFactoryLoader::QFactoryLoader() looking at "/usr/bin/rdma"
"Failed to extract plugin meta data from '/usr/bin/rdma'" 
         not a plugin
QFactoryLoader::QFactoryLoader() looking at "/usr/bin/readelf"
"Failed to extract plugin meta data from '/usr/bin/aarch64-linux-gnu-readelf'" 
         not a plugin
QFactoryLoader::QFactoryLoader() looking at "/usr/bin/readlink"
"Failed to extract plugin meta data from '/usr/bin/readlink'" 
         not a plugin
QFactoryLoader::QFactoryLoader() looking at "/usr/bin/realpath"
"Failed to extract plugin meta data from '/usr/bin/realpath'" 
         not a plugin
QFactoryLoader::QFactoryLoader() looking at "/usr/bin/red"
QElfParser: '/usr/bin/red' is not an ELF object
"'/usr/bin/red' is not an ELF object" 
         not a plugin
QFactoryLoader::QFactoryLoader() looking at "/usr/bin/remmina"
"Failed to extract plugin meta data from '/usr/bin/remmina'" 
         not a plugin
QFactoryLoader::QFactoryLoader() looking at "/usr/bin/remmina-file-wrapper"
QElfParser: '/usr/bin/remmina-file-wrapper' is not an ELF object
"'/usr/bin/remmina-file-wrapper' is not an ELF object" 
         not a plugin
QFactoryLoader::QFactoryLoader() looking at "/usr/bin/rename.ul"
"Failed to extract plugin meta data from '/usr/bin/rename.ul'" 
         not a plugin
QFactoryLoader::QFactoryLoader() looking at "/usr/bin/rendercheck"
"Failed to extract plugin meta data from '/usr/bin/rendercheck'" 
         not a plugin
QFactoryLoader::QFactoryLoader() looking at "/usr/bin/renice"
"Failed to extract plugin meta data from '/usr/bin/renice'" 
         not a plugin
QFactoryLoader::QFactoryLoader() looking at "/usr/bin/repc"
"Failed to extract plugin meta data from '/usr/bin/qtchooser'" 
         not a plugin
QFactoryLoader::QFactoryLoader() looking at "/usr/bin/reset"
"Failed to extract plugin meta data from '/usr/bin/tset'" 
         not a plugin
QFactoryLoader::QFactoryLoader() looking at "/usr/bin/resize"
"Failed to extract plugin meta data from '/usr/bin/resize'" 
         not a plugin
QFactoryLoader::QFactoryLoader() looking at "/usr/bin/resizepart"
"Failed to extract plugin meta data from '/usr/bin/resizepart'" 
         not a plugin
QFactoryLoader::QFactoryLoader() looking at "/usr/bin/resolvectl"
"Failed to extract plugin meta data from '/usr/bin/resolvectl'" 
         not a plugin
QFactoryLoader::QFactoryLoader() looking at "/usr/bin/rev"
"Failed to extract plugin meta data from '/usr/bin/rev'" 
         not a plugin
QFactoryLoader::QFactoryLoader() looking at "/usr/bin/rfcomm"
"Failed to extract plugin meta data from '/usr/bin/rfcomm'" 
         not a plugin
QFactoryLoader::QFactoryLoader() looking at "/usr/bin/rgrep"
QElfParser: '/usr/bin/rgrep' is not an ELF object (file too small)
"'/usr/bin/rgrep' is not an ELF object (file too small)" 
         not a plugin
QFactoryLoader::QFactoryLoader() looking at "/usr/bin/rhythmbox"
"Failed to extract plugin meta data from '/usr/bin/rhythmbox'" 
         not a plugin
QFactoryLoader::QFactoryLoader() looking at "/usr/bin/rhythmbox-client"
"Failed to extract plugin meta data from '/usr/bin/rhythmbox-client'" 
         not a plugin
QFactoryLoader::QFactoryLoader() looking at "/usr/bin/rlogin"
"Failed to extract plugin meta data from '/usr/bin/ssh'" 
         not a plugin
QFactoryLoader::QFactoryLoader() looking at "/usr/bin/rm"
"Failed to extract plugin meta data from '/usr/bin/rm'" 
         not a plugin
QFactoryLoader::QFactoryLoader() looking at "/usr/bin/rmdir"
"Failed to extract plugin meta data from '/usr/bin/rmdir'" 
         not a plugin
QFactoryLoader::QFactoryLoader() looking at "/usr/bin/rnano"
"Failed to extract plugin meta data from '/usr/bin/nano'" 
         not a plugin
QFactoryLoader::QFactoryLoader() looking at "/usr/bin/routef"
QElfParser: '/usr/bin/routef' is not an ELF object
"'/usr/bin/routef' is not an ELF object" 
         not a plugin
QFactoryLoader::QFactoryLoader() looking at "/usr/bin/routel"
QElfParser: '/usr/bin/routel' is not an ELF object
"'/usr/bin/routel' is not an ELF object" 
         not a plugin
QFactoryLoader::QFactoryLoader() looking at "/usr/bin/rpcgen"
"Failed to extract plugin meta data from '/usr/bin/rpcgen'" 
         not a plugin
QFactoryLoader::QFactoryLoader() looking at "/usr/bin/rpcinfo"
"Failed to extract plugin meta data from '/usr/bin/rpcinfo'" 
         not a plugin
QFactoryLoader::QFactoryLoader() looking at "/usr/bin/rpm"
"Failed to extract plugin meta data from '/usr/bin/rpm'" 
         not a plugin
QFactoryLoader::QFactoryLoader() looking at "/usr/bin/rpm2archive"
"Failed to extract plugin meta data from '/usr/bin/rpm2archive'" 
         not a plugin
QFactoryLoader::QFactoryLoader() looking at "/usr/bin/rpm2cpio"
"Failed to extract plugin meta data from '/usr/bin/rpm2cpio'" 
         not a plugin
QFactoryLoader::QFactoryLoader() looking at "/usr/bin/rpmbuild"
"Failed to extract plugin meta data from '/usr/bin/rpmbuild'" 
         not a plugin
QFactoryLoader::QFactoryLoader() looking at "/usr/bin/rpmdb"
"Failed to extract plugin meta data from '/usr/bin/rpmdb'" 
         not a plugin
QFactoryLoader::QFactoryLoader() looking at "/usr/bin/rpmgraph"
"Failed to extract plugin meta data from '/usr/bin/rpmgraph'" 
         not a plugin
QFactoryLoader::QFactoryLoader() looking at "/usr/bin/rpmkeys"
"Failed to extract plugin meta data from '/usr/bin/rpmkeys'" 
         not a plugin
QFactoryLoader::QFactoryLoader() looking at "/usr/bin/rpmquery"
"Failed to extract plugin meta data from '/usr/bin/rpm'" 
         not a plugin
QFactoryLoader::QFactoryLoader() looking at "/usr/bin/rpmsign"
"Failed to extract plugin meta data from '/usr/bin/rpmsign'" 
         not a plugin
QFactoryLoader::QFactoryLoader() looking at "/usr/bin/rpmspec"
"Failed to extract plugin meta data from '/usr/bin/rpmspec'" 
         not a plugin
QFactoryLoader::QFactoryLoader() looking at "/usr/bin/rpmverify"
"Failed to extract plugin meta data from '/usr/bin/rpm'" 
         not a plugin
QFactoryLoader::QFactoryLoader() looking at "/usr/bin/rrsync"
QElfParser: '/usr/share/rsync/scripts/rrsync' is not an ELF object
"'/usr/share/rsync/scripts/rrsync' is not an ELF object" 
         not a plugin
QFactoryLoader::QFactoryLoader() looking at "/usr/bin/rsh"
"Failed to extract plugin meta data from '/usr/bin/ssh'" 
         not a plugin
QFactoryLoader::QFactoryLoader() looking at "/usr/bin/rstart"
QElfParser: '/usr/bin/rstart' is not an ELF object
"'/usr/bin/rstart' is not an ELF object" 
         not a plugin
QFactoryLoader::QFactoryLoader() looking at "/usr/bin/rstartd"
QElfParser: '/usr/bin/rstartd' is not an ELF object
"'/usr/bin/rstartd' is not an ELF object" 
         not a plugin
QFactoryLoader::QFactoryLoader() looking at "/usr/bin/rsync"
"Failed to extract plugin meta data from '/usr/bin/rsync'" 
         not a plugin
QFactoryLoader::QFactoryLoader() looking at "/usr/bin/rtstat"
"Failed to extract plugin meta data from '/usr/bin/lnstat'" 
         not a plugin
QFactoryLoader::QFactoryLoader() looking at "/usr/bin/run-mailcap"
QElfParser: '/usr/bin/run-mailcap' is not an ELF object
"'/usr/bin/run-mailcap' is not an ELF object" 
         not a plugin
QFactoryLoader::QFactoryLoader() looking at "/usr/bin/run-parts"
"Failed to extract plugin meta data from '/usr/bin/run-parts'" 
         not a plugin
QFactoryLoader::QFactoryLoader() looking at "/usr/bin/run-with-aspell"
QElfParser: '/usr/bin/run-with-aspell' is not an ELF object (file too small)
"'/usr/bin/run-with-aspell' is not an ELF object (file too small)" 
         not a plugin
QFactoryLoader::QFactoryLoader() looking at "/usr/bin/runcon"
"Failed to extract plugin meta data from '/usr/bin/runcon'" 
         not a plugin
QFactoryLoader::QFactoryLoader() looking at "/usr/bin/rview"
"Failed to extract plugin meta data from '/usr/bin/vim.basic'" 
         not a plugin
QFactoryLoader::QFactoryLoader() looking at "/usr/bin/rvim"
"Failed to extract plugin meta data from '/usr/bin/vim.basic'" 
         not a plugin
QFactoryLoader::QFactoryLoader() looking at "/usr/bin/rvlc"
QElfParser: '/usr/bin/rvlc' is not an ELF object (file too small)
"'/usr/bin/rvlc' is not an ELF object (file too small)" 
         not a plugin
QFactoryLoader::QFactoryLoader() looking at "/usr/bin/rygel"
"Failed to extract plugin meta data from '/usr/bin/rygel'" 
         not a plugin
QFactoryLoader::QFactoryLoader() looking at "/usr/bin/sane-find-scanner"
"Failed to extract plugin meta data from '/usr/bin/sane-find-scanner'" 
         not a plugin
QFactoryLoader::QFactoryLoader() looking at "/usr/bin/savelog"
QElfParser: '/usr/bin/savelog' is not an ELF object
"'/usr/bin/savelog' is not an ELF object" 
         not a plugin
QFactoryLoader::QFactoryLoader() looking at "/usr/bin/scanimage"
"Failed to extract plugin meta data from '/usr/bin/scanimage'" 
         not a plugin
QFactoryLoader::QFactoryLoader() looking at "/usr/bin/scp"
"Failed to extract plugin meta data from '/usr/bin/scp'" 
         not a plugin
QFactoryLoader::QFactoryLoader() looking at "/usr/bin/scp-dbus-service"
QElfParser: '/usr/bin/scp-dbus-service' is not an ELF object
"'/usr/bin/scp-dbus-service' is not an ELF object" 
         not a plugin
QFactoryLoader::QFactoryLoader() looking at "/usr/bin/screendump"
"Failed to extract plugin meta data from '/usr/bin/screendump'" 
         not a plugin
QFactoryLoader::QFactoryLoader() looking at "/usr/bin/script"
"Failed to extract plugin meta data from '/usr/bin/script'" 
         not a plugin
QFactoryLoader::QFactoryLoader() looking at "/usr/bin/scriptreplay"
"Failed to extract plugin meta data from '/usr/bin/scriptreplay'" 
         not a plugin
QFactoryLoader::QFactoryLoader() looking at "/usr/bin/sdiff"
"Failed to extract plugin meta data from '/usr/bin/sdiff'" 
         not a plugin
QFactoryLoader::QFactoryLoader() looking at "/usr/bin/sdptool"
"Failed to extract plugin meta data from '/usr/bin/sdptool'" 
         not a plugin
QFactoryLoader::QFactoryLoader() looking at "/usr/bin/seahorse"
"Failed to extract plugin meta data from '/usr/bin/seahorse'" 
         not a plugin
QFactoryLoader::QFactoryLoader() looking at "/usr/bin/sed"
"Failed to extract plugin meta data from '/usr/bin/sed'" 
         not a plugin
QFactoryLoader::QFactoryLoader() looking at "/usr/bin/see"
QElfParser: '/usr/bin/run-mailcap' is not an ELF object
"'/usr/bin/run-mailcap' is not an ELF object" 
         not a plugin
QFactoryLoader::QFactoryLoader() looking at "/usr/bin/select-default-iwrap"
QElfParser: '/usr/bin/select-default-iwrap' is not an ELF object
"'/usr/bin/select-default-iwrap' is not an ELF object" 
         not a plugin
QFactoryLoader::QFactoryLoader() looking at "/usr/bin/select-editor"
QElfParser: '/usr/bin/select-editor' is not an ELF object
"'/usr/bin/select-editor' is not an ELF object" 
         not a plugin
QFactoryLoader::QFactoryLoader() looking at "/usr/bin/sensible-browser"
QElfParser: '/usr/bin/sensible-browser' is not an ELF object
"'/usr/bin/sensible-browser' is not an ELF object" 
         not a plugin
QFactoryLoader::QFactoryLoader() looking at "/usr/bin/sensible-editor"
QElfParser: '/usr/bin/sensible-editor' is not an ELF object
"'/usr/bin/sensible-editor' is not an ELF object" 
         not a plugin
QFactoryLoader::QFactoryLoader() looking at "/usr/bin/sensible-pager"
QElfParser: '/usr/bin/sensible-pager' is not an ELF object
"'/usr/bin/sensible-pager' is not an ELF object" 
         not a plugin
QFactoryLoader::QFactoryLoader() looking at "/usr/bin/sensors"
"Failed to extract plugin meta data from '/usr/bin/sensors'" 
         not a plugin
QFactoryLoader::QFactoryLoader() looking at "/usr/bin/sensors-conf-convert"
QElfParser: '/usr/bin/sensors-conf-convert' is not an ELF object
"'/usr/bin/sensors-conf-convert' is not an ELF object" 
         not a plugin
QFactoryLoader::QFactoryLoader() looking at "/usr/bin/seq"
"Failed to extract plugin meta data from '/usr/bin/seq'" 
         not a plugin
QFactoryLoader::QFactoryLoader() looking at "/usr/bin/session-migration"
"Failed to extract plugin meta data from '/usr/bin/session-migration'" 
         not a plugin
QFactoryLoader::QFactoryLoader() looking at "/usr/bin/sessreg"
"Failed to extract plugin meta data from '/usr/bin/sessreg'" 
         not a plugin
QFactoryLoader::QFactoryLoader() looking at "/usr/bin/setarch"
"Failed to extract plugin meta data from '/usr/bin/setarch'" 
         not a plugin
QFactoryLoader::QFactoryLoader() looking at "/usr/bin/setfacl"
"Failed to extract plugin meta data from '/usr/bin/setfacl'" 
         not a plugin
QFactoryLoader::QFactoryLoader() looking at "/usr/bin/setfont"
"Failed to extract plugin meta data from '/usr/bin/setfont'" 
         not a plugin
QFactoryLoader::QFactoryLoader() looking at "/usr/bin/setkeycodes"
"Failed to extract plugin meta data from '/usr/bin/setkeycodes'" 
         not a plugin
QFactoryLoader::QFactoryLoader() looking at "/usr/bin/setleds"
"Failed to extract plugin meta data from '/usr/bin/setleds'" 
         not a plugin
QFactoryLoader::QFactoryLoader() looking at "/usr/bin/setlogcons"
"Failed to extract plugin meta data from '/usr/bin/setlogcons'" 
         not a plugin
QFactoryLoader::QFactoryLoader() looking at "/usr/bin/setmetamode"
"Failed to extract plugin meta data from '/usr/bin/setmetamode'" 
         not a plugin
QFactoryLoader::QFactoryLoader() looking at "/usr/bin/setpci"
"Failed to extract plugin meta data from '/usr/bin/setpci'" 
         not a plugin
QFactoryLoader::QFactoryLoader() looking at "/usr/bin/setpriv"
"Failed to extract plugin meta data from '/usr/bin/setpriv'" 
         not a plugin
QFactoryLoader::QFactoryLoader() looking at "/usr/bin/setsid"
"Failed to extract plugin meta data from '/usr/bin/setsid'" 
         not a plugin
QFactoryLoader::QFactoryLoader() looking at "/usr/bin/setterm"
"Failed to extract plugin meta data from '/usr/bin/setterm'" 
         not a plugin
QFactoryLoader::QFactoryLoader() looking at "/usr/bin/setupcon"
QElfParser: '/usr/bin/setupcon' is not an ELF object
"'/usr/bin/setupcon' is not an ELF object" 
         not a plugin
QFactoryLoader::QFactoryLoader() looking at "/usr/bin/setxkbmap"
"Failed to extract plugin meta data from '/usr/bin/setxkbmap'" 
         not a plugin
QFactoryLoader::QFactoryLoader() looking at "/usr/bin/sftp"
"Failed to extract plugin meta data from '/usr/bin/sftp'" 
         not a plugin
QFactoryLoader::QFactoryLoader() looking at "/usr/bin/sg"
"Failed to extract plugin meta data from '/usr/bin/newgrp'" 
         not a plugin
QFactoryLoader::QFactoryLoader() looking at "/usr/bin/sh"
"Failed to extract plugin meta data from '/usr/bin/dash'" 
         not a plugin
QFactoryLoader::QFactoryLoader() looking at "/usr/bin/sha1sum"
"Failed to extract plugin meta data from '/usr/bin/sha1sum'" 
         not a plugin
QFactoryLoader::QFactoryLoader() looking at "/usr/bin/sha224sum"
"Failed to extract plugin meta data from '/usr/bin/sha224sum'" 
         not a plugin
QFactoryLoader::QFactoryLoader() looking at "/usr/bin/sha256sum"
"Failed to extract plugin meta data from '/usr/bin/sha256sum'" 
         not a plugin
QFactoryLoader::QFactoryLoader() looking at "/usr/bin/sha384sum"
"Failed to extract plugin meta data from '/usr/bin/sha384sum'" 
         not a plugin
QFactoryLoader::QFactoryLoader() looking at "/usr/bin/sha512sum"
"Failed to extract plugin meta data from '/usr/bin/sha512sum'" 
         not a plugin
QFactoryLoader::QFactoryLoader() looking at "/usr/bin/shasum"
QElfParser: '/usr/bin/shasum' is not an ELF object
"'/usr/bin/shasum' is not an ELF object" 
         not a plugin
QFactoryLoader::QFactoryLoader() looking at "/usr/bin/shotwell"
"Failed to extract plugin meta data from '/usr/bin/shotwell'" 
         not a plugin
QFactoryLoader::QFactoryLoader() looking at "/usr/bin/showconsolefont"
"Failed to extract plugin meta data from '/usr/bin/showconsolefont'" 
         not a plugin
QFactoryLoader::QFactoryLoader() looking at "/usr/bin/showkey"
"Failed to extract plugin meta data from '/usr/bin/showkey'" 
         not a plugin
QFactoryLoader::QFactoryLoader() looking at "/usr/bin/showrgb"
"Failed to extract plugin meta data from '/usr/bin/showrgb'" 
         not a plugin
QFactoryLoader::QFactoryLoader() looking at "/usr/bin/shred"
"Failed to extract plugin meta data from '/usr/bin/shred'" 
         not a plugin
QFactoryLoader::QFactoryLoader() looking at "/usr/bin/shuf"
"Failed to extract plugin meta data from '/usr/bin/shuf'" 
         not a plugin
QFactoryLoader::QFactoryLoader() looking at "/usr/bin/simple-scan"
"Failed to extract plugin meta data from '/usr/bin/simple-scan'" 
         not a plugin
QFactoryLoader::QFactoryLoader() looking at "/usr/bin/simple-weston-client"
"Failed to extract plugin meta data from '/usr/lib/aarch64-linux-gnu/tegra/weston/simple-weston-client'" 
         not a plugin
QFactoryLoader::QFactoryLoader() looking at "/usr/bin/simplescreenrecorder"
"Failed to extract plugin meta data from '/usr/bin/simplescreenrecorder'" 
         not a plugin
QFactoryLoader::QFactoryLoader() looking at "/usr/bin/size"
"Failed to extract plugin meta data from '/usr/bin/aarch64-linux-gnu-size'" 
         not a plugin
QFactoryLoader::QFactoryLoader() looking at "/usr/bin/skill"
"Failed to extract plugin meta data from '/usr/bin/skill'" 
         not a plugin
QFactoryLoader::QFactoryLoader() looking at "/usr/bin/slabtop"
"Failed to extract plugin meta data from '/usr/bin/slabtop'" 
         not a plugin
QFactoryLoader::QFactoryLoader() looking at "/usr/bin/slcan_attach"
"Failed to extract plugin meta data from '/usr/bin/slcan_attach'" 
         not a plugin
QFactoryLoader::QFactoryLoader() looking at "/usr/bin/slcand"
"Failed to extract plugin meta data from '/usr/bin/slcand'" 
         not a plugin
QFactoryLoader::QFactoryLoader() looking at "/usr/bin/slcanpty"
"Failed to extract plugin meta data from '/usr/bin/slcanpty'" 
         not a plugin
QFactoryLoader::QFactoryLoader() looking at "/usr/bin/sleep"
"Failed to extract plugin meta data from '/usr/bin/sleep'" 
         not a plugin
QFactoryLoader::QFactoryLoader() looking at "/usr/bin/slogin"
"Failed to extract plugin meta data from '/usr/bin/ssh'" 
         not a plugin
QFactoryLoader::QFactoryLoader() looking at "/usr/bin/smproxy"
"Failed to extract plugin meta data from '/usr/bin/smproxy'" 
         not a plugin
QFactoryLoader::QFactoryLoader() looking at "/usr/bin/snap"
"Failed to extract plugin meta data from '/usr/bin/snap'" 
         not a plugin
QFactoryLoader::QFactoryLoader() looking at "/usr/bin/snapctl"
"Failed to extract plugin meta data from '/usr/lib/snapd/snapctl'" 
         not a plugin
QFactoryLoader::QFactoryLoader() looking at "/usr/bin/snapfuse"
"Failed to extract plugin meta data from '/usr/bin/snapfuse'" 
         not a plugin
QFactoryLoader::QFactoryLoader() looking at "/usr/bin/snice"
"Failed to extract plugin meta data from '/usr/bin/skill'" 
         not a plugin
QFactoryLoader::QFactoryLoader() looking at "/usr/bin/soelim"
"Failed to extract plugin meta data from '/usr/bin/soelim'" 
         not a plugin
QFactoryLoader::QFactoryLoader() looking at "/usr/bin/soffice"
QElfParser: '/usr/lib/libreoffice/program/soffice' is not an ELF object
"'/usr/lib/libreoffice/program/soffice' is not an ELF object" 
         not a plugin
QFactoryLoader::QFactoryLoader() looking at "/usr/bin/software-properties-gtk"
QElfParser: '/usr/bin/software-properties-gtk' is not an ELF object
"'/usr/bin/software-properties-gtk' is not an ELF object" 
         not a plugin
QFactoryLoader::QFactoryLoader() looking at "/usr/bin/sort"
"Failed to extract plugin meta data from '/usr/bin/sort'" 
         not a plugin
QFactoryLoader::QFactoryLoader() looking at "/usr/bin/sotruss"
QElfParser: '/usr/bin/sotruss' is not an ELF object
"'/usr/bin/sotruss' is not an ELF object" 
         not a plugin
QFactoryLoader::QFactoryLoader() looking at "/usr/bin/spd-conf"
QElfParser: '/usr/bin/spd-conf' is not an ELF object
"'/usr/bin/spd-conf' is not an ELF object" 
         not a plugin
QFactoryLoader::QFactoryLoader() looking at "/usr/bin/spd-say"
"Failed to extract plugin meta data from '/usr/bin/spd-say'" 
         not a plugin
QFactoryLoader::QFactoryLoader() looking at "/usr/bin/speaker-test"
"Failed to extract plugin meta data from '/usr/bin/speaker-test'" 
         not a plugin
QFactoryLoader::QFactoryLoader() looking at "/usr/bin/speech-dispatcher"
"Failed to extract plugin meta data from '/usr/bin/speech-dispatcher'" 
         not a plugin
QFactoryLoader::QFactoryLoader() looking at "/usr/bin/spice-vdagent"
"Failed to extract plugin meta data from '/usr/bin/spice-vdagent'" 
         not a plugin
QFactoryLoader::QFactoryLoader() looking at "/usr/bin/splain"
QElfParser: '/usr/bin/splain' is not an ELF object
"'/usr/bin/splain' is not an ELF object" 
         not a plugin
QFactoryLoader::QFactoryLoader() looking at "/usr/bin/split"
"Failed to extract plugin meta data from '/usr/bin/split'" 
         not a plugin
QFactoryLoader::QFactoryLoader() looking at "/usr/bin/splitfont"
"Failed to extract plugin meta data from '/usr/bin/splitfont'" 
         not a plugin
QFactoryLoader::QFactoryLoader() looking at "/usr/bin/spring-tool"
"Failed to extract plugin meta data from '/usr/lib/aarch64-linux-gnu/tegra/weston/spring-tool'" 
         not a plugin
QFactoryLoader::QFactoryLoader() looking at "/usr/bin/sprof"
"Failed to extract plugin meta data from '/usr/bin/sprof'" 
         not a plugin
QFactoryLoader::QFactoryLoader() looking at "/usr/bin/ss"
"Failed to extract plugin meta data from '/usr/bin/ss'" 
         not a plugin
QFactoryLoader::QFactoryLoader() looking at "/usr/bin/ssh"
"Failed to extract plugin meta data from '/usr/bin/ssh'" 
         not a plugin
QFactoryLoader::QFactoryLoader() looking at "/usr/bin/ssh-add"
"Failed to extract plugin meta data from '/usr/bin/ssh-add'" 
         not a plugin
QFactoryLoader::QFactoryLoader() looking at "/usr/bin/ssh-agent"
"Failed to extract plugin meta data from '/usr/bin/ssh-agent'" 
         not a plugin
QFactoryLoader::QFactoryLoader() looking at "/usr/bin/ssh-argv0"
QElfParser: '/usr/bin/ssh-argv0' is not an ELF object
"'/usr/bin/ssh-argv0' is not an ELF object" 
         not a plugin
QFactoryLoader::QFactoryLoader() looking at "/usr/bin/ssh-copy-id"
QElfParser: '/usr/bin/ssh-copy-id' is not an ELF object
"'/usr/bin/ssh-copy-id' is not an ELF object" 
         not a plugin
QFactoryLoader::QFactoryLoader() looking at "/usr/bin/ssh-keygen"
"Failed to extract plugin meta data from '/usr/bin/ssh-keygen'" 
         not a plugin
QFactoryLoader::QFactoryLoader() looking at "/usr/bin/ssh-keyscan"
"Failed to extract plugin meta data from '/usr/bin/ssh-keyscan'" 
         not a plugin
QFactoryLoader::QFactoryLoader() looking at "/usr/bin/ssr-glinject"
QElfParser: '/usr/bin/ssr-glinject' is not an ELF object
"'/usr/bin/ssr-glinject' is not an ELF object" 
         not a plugin
QFactoryLoader::QFactoryLoader() looking at "/usr/bin/start-pulseaudio-x11"
QElfParser: '/usr/bin/start-pulseaudio-x11' is not an ELF object
"'/usr/bin/start-pulseaudio-x11' is not an ELF object" 
         not a plugin
QFactoryLoader::QFactoryLoader() looking at "/usr/bin/startx"
QElfParser: '/usr/bin/startx' is not an ELF object
"'/usr/bin/startx' is not an ELF object" 
         not a plugin
QFactoryLoader::QFactoryLoader() looking at "/usr/bin/stat"
"Failed to extract plugin meta data from '/usr/bin/stat'" 
         not a plugin
QFactoryLoader::QFactoryLoader() looking at "/usr/bin/static-sh"
"Failed to extract plugin meta data from '/usr/bin/busybox'" 
         not a plugin
QFactoryLoader::QFactoryLoader() looking at "/usr/bin/stdbuf"
"Failed to extract plugin meta data from '/usr/bin/stdbuf'" 
         not a plugin
QFactoryLoader::QFactoryLoader() looking at "/usr/bin/strace"
"Failed to extract plugin meta data from '/usr/bin/strace'" 
         not a plugin
QFactoryLoader::QFactoryLoader() looking at "/usr/bin/strace-log-merge"
QElfParser: '/usr/bin/strace-log-merge' is not an ELF object
"'/usr/bin/strace-log-merge' is not an ELF object" 
         not a plugin
QFactoryLoader::QFactoryLoader() looking at "/usr/bin/strings"
"Failed to extract plugin meta data from '/usr/bin/aarch64-linux-gnu-strings'" 
         not a plugin
QFactoryLoader::QFactoryLoader() looking at "/usr/bin/strip"
"Failed to extract plugin meta data from '/usr/bin/aarch64-linux-gnu-strip'" 
         not a plugin
QFactoryLoader::QFactoryLoader() looking at "/usr/bin/stty"
"Failed to extract plugin meta data from '/usr/bin/stty'" 
         not a plugin
QFactoryLoader::QFactoryLoader() looking at "/usr/bin/su"
"Failed to extract plugin meta data from '/usr/bin/su'" 
         not a plugin
QFactoryLoader::QFactoryLoader() looking at "/usr/bin/sudo"
"Failed to extract plugin meta data from '/usr/bin/sudo'" 
         not a plugin
QFactoryLoader::QFactoryLoader() looking at "/usr/bin/sudoedit"
"Failed to extract plugin meta data from '/usr/bin/sudo'" 
         not a plugin
QFactoryLoader::QFactoryLoader() looking at "/usr/bin/sudoreplay"
"Failed to extract plugin meta data from '/usr/bin/sudoreplay'" 
         not a plugin
QFactoryLoader::QFactoryLoader() looking at "/usr/bin/sum"
"Failed to extract plugin meta data from '/usr/bin/sum'" 
         not a plugin
QFactoryLoader::QFactoryLoader() looking at "/usr/bin/svlc"
QElfParser: '/usr/bin/svlc' is not an ELF object (file too small)
"'/usr/bin/svlc' is not an ELF object (file too small)" 
         not a plugin
QFactoryLoader::QFactoryLoader() looking at "/usr/bin/symcryptrun"
"Failed to extract plugin meta data from '/usr/bin/symcryptrun'" 
         not a plugin
QFactoryLoader::QFactoryLoader() looking at "/usr/bin/sync"
"Failed to extract plugin meta data from '/usr/bin/sync'" 
         not a plugin
QFactoryLoader::QFactoryLoader() looking at "/usr/bin/system-config-printer"
QElfParser: '/usr/bin/system-config-printer' is not an ELF object
"'/usr/bin/system-config-printer' is not an ELF object" 
         not a plugin
QFactoryLoader::QFactoryLoader() looking at "/usr/bin/system-config-printer-applet"
QElfParser: '/usr/bin/system-config-printer-applet' is not an ELF object
"'/usr/bin/system-config-printer-applet' is not an ELF object" 
         not a plugin
QFactoryLoader::QFactoryLoader() looking at "/usr/bin/systemctl"
"Failed to extract plugin meta data from '/usr/bin/systemctl'" 
         not a plugin
QFactoryLoader::QFactoryLoader() looking at "/usr/bin/systemd"
"Failed to extract plugin meta data from '/usr/lib/systemd/systemd'" 
         not a plugin
QFactoryLoader::QFactoryLoader() looking at "/usr/bin/systemd-analyze"
"Failed to extract plugin meta data from '/usr/bin/systemd-analyze'" 
         not a plugin
QFactoryLoader::QFactoryLoader() looking at "/usr/bin/systemd-ask-password"
"Failed to extract plugin meta data from '/usr/bin/systemd-ask-password'" 
         not a plugin
QFactoryLoader::QFactoryLoader() looking at "/usr/bin/systemd-cat"
"Failed to extract plugin meta data from '/usr/bin/systemd-cat'" 
         not a plugin
QFactoryLoader::QFactoryLoader() looking at "/usr/bin/systemd-cgls"
"Failed to extract plugin meta data from '/usr/bin/systemd-cgls'" 
         not a plugin
QFactoryLoader::QFactoryLoader() looking at "/usr/bin/systemd-cgtop"
"Failed to extract plugin meta data from '/usr/bin/systemd-cgtop'" 
         not a plugin
QFactoryLoader::QFactoryLoader() looking at "/usr/bin/systemd-delta"
"Failed to extract plugin meta data from '/usr/bin/systemd-delta'" 
         not a plugin
QFactoryLoader::QFactoryLoader() looking at "/usr/bin/systemd-detect-virt"
"Failed to extract plugin meta data from '/usr/bin/systemd-detect-virt'" 
         not a plugin
QFactoryLoader::QFactoryLoader() looking at "/usr/bin/systemd-escape"
"Failed to extract plugin meta data from '/usr/bin/systemd-escape'" 
         not a plugin
QFactoryLoader::QFactoryLoader() looking at "/usr/bin/systemd-hwdb"
"Failed to extract plugin meta data from '/usr/bin/systemd-hwdb'" 
         not a plugin
QFactoryLoader::QFactoryLoader() looking at "/usr/bin/systemd-id128"
"Failed to extract plugin meta data from '/usr/bin/systemd-id128'" 
         not a plugin
QFactoryLoader::QFactoryLoader() looking at "/usr/bin/systemd-inhibit"
"Failed to extract plugin meta data from '/usr/bin/systemd-inhibit'" 
         not a plugin
QFactoryLoader::QFactoryLoader() looking at "/usr/bin/systemd-machine-id-setup"
"Failed to extract plugin meta data from '/usr/bin/systemd-machine-id-setup'" 
         not a plugin
QFactoryLoader::QFactoryLoader() looking at "/usr/bin/systemd-mount"
"Failed to extract plugin meta data from '/usr/bin/systemd-mount'" 
         not a plugin
QFactoryLoader::QFactoryLoader() looking at "/usr/bin/systemd-notify"
"Failed to extract plugin meta data from '/usr/bin/systemd-notify'" 
         not a plugin
QFactoryLoader::QFactoryLoader() looking at "/usr/bin/systemd-path"
"Failed to extract plugin meta data from '/usr/bin/systemd-path'" 
         not a plugin
QFactoryLoader::QFactoryLoader() looking at "/usr/bin/systemd-resolve"
"Failed to extract plugin meta data from '/usr/bin/resolvectl'" 
         not a plugin
QFactoryLoader::QFactoryLoader() looking at "/usr/bin/systemd-run"
"Failed to extract plugin meta data from '/usr/bin/systemd-run'" 
         not a plugin
QFactoryLoader::QFactoryLoader() looking at "/usr/bin/systemd-socket-activate"
"Failed to extract plugin meta data from '/usr/bin/systemd-socket-activate'" 
         not a plugin
QFactoryLoader::QFactoryLoader() looking at "/usr/bin/systemd-stdio-bridge"
"Failed to extract plugin meta data from '/usr/bin/systemd-stdio-bridge'" 
         not a plugin
QFactoryLoader::QFactoryLoader() looking at "/usr/bin/systemd-sysusers"
"Failed to extract plugin meta data from '/usr/bin/systemd-sysusers'" 
         not a plugin
QFactoryLoader::QFactoryLoader() looking at "/usr/bin/systemd-tmpfiles"
"Failed to extract plugin meta data from '/usr/bin/systemd-tmpfiles'" 
         not a plugin
QFactoryLoader::QFactoryLoader() looking at "/usr/bin/systemd-tty-ask-password-agent"
"Failed to extract plugin meta data from '/usr/bin/systemd-tty-ask-password-agent'" 
         not a plugin
QFactoryLoader::QFactoryLoader() looking at "/usr/bin/systemd-umount"
"Failed to extract plugin meta data from '/usr/bin/systemd-mount'" 
         not a plugin
QFactoryLoader::QFactoryLoader() looking at "/usr/bin/tabs"
"Failed to extract plugin meta data from '/usr/bin/tabs'" 
         not a plugin
QFactoryLoader::QFactoryLoader() looking at "/usr/bin/tac"
"Failed to extract plugin meta data from '/usr/bin/tac'" 
         not a plugin
QFactoryLoader::QFactoryLoader() looking at "/usr/bin/tail"
"Failed to extract plugin meta data from '/usr/bin/tail'" 
         not a plugin
QFactoryLoader::QFactoryLoader() looking at "/usr/bin/tar"
"Failed to extract plugin meta data from '/usr/bin/tar'" 
         not a plugin
QFactoryLoader::QFactoryLoader() looking at "/usr/bin/taskset"
"Failed to extract plugin meta data from '/usr/bin/taskset'" 
         not a plugin
QFactoryLoader::QFactoryLoader() looking at "/usr/bin/tbl"
"Failed to extract plugin meta data from '/usr/bin/tbl'" 
         not a plugin
QFactoryLoader::QFactoryLoader() looking at "/usr/bin/tclsh"
"Failed to extract plugin meta data from '/usr/bin/tclsh8.6'" 
         not a plugin
QFactoryLoader::QFactoryLoader() looking at "/usr/bin/tclsh8.6"
"Failed to extract plugin meta data from '/usr/bin/tclsh8.6'" 
         not a plugin
QFactoryLoader::QFactoryLoader() looking at "/usr/bin/tee"
"Failed to extract plugin meta data from '/usr/bin/tee'" 
         not a plugin
QFactoryLoader::QFactoryLoader() looking at "/usr/bin/tegrastats"
"Failed to extract plugin meta data from '/usr/bin/tegrastats'" 
         not a plugin
QFactoryLoader::QFactoryLoader() looking at "/usr/bin/telnet"
"Failed to extract plugin meta data from '/usr/bin/telnet.netkit'" 
         not a plugin
QFactoryLoader::QFactoryLoader() looking at "/usr/bin/telnet.netkit"
"Failed to extract plugin meta data from '/usr/bin/telnet.netkit'" 
         not a plugin
QFactoryLoader::QFactoryLoader() looking at "/usr/bin/tempfile"
"Failed to extract plugin meta data from '/usr/bin/tempfile'" 
         not a plugin
QFactoryLoader::QFactoryLoader() looking at "/usr/bin/test"
"Failed to extract plugin meta data from '/usr/bin/test'" 
         not a plugin
QFactoryLoader::QFactoryLoader() looking at "/usr/bin/testj1939"
"Failed to extract plugin meta data from '/usr/bin/testj1939'" 
         not a plugin
QFactoryLoader::QFactoryLoader() looking at "/usr/bin/thunderbird"
QElfParser: '/usr/lib/thunderbird/thunderbird.sh' is not an ELF object
"'/usr/lib/thunderbird/thunderbird.sh' is not an ELF object" 
         not a plugin
QFactoryLoader::QFactoryLoader() looking at "/usr/bin/tic"
"Failed to extract plugin meta data from '/usr/bin/tic'" 
         not a plugin
QFactoryLoader::QFactoryLoader() looking at "/usr/bin/tificc"
"Failed to extract plugin meta data from '/usr/bin/tificc'" 
         not a plugin
QFactoryLoader::QFactoryLoader() looking at "/usr/bin/time"
"Failed to extract plugin meta data from '/usr/bin/time'" 
         not a plugin
QFactoryLoader::QFactoryLoader() looking at "/usr/bin/timedatectl"
"Failed to extract plugin meta data from '/usr/bin/timedatectl'" 
         not a plugin
QFactoryLoader::QFactoryLoader() looking at "/usr/bin/timeout"
"Failed to extract plugin meta data from '/usr/bin/timeout'" 
         not a plugin
QFactoryLoader::QFactoryLoader() looking at "/usr/bin/tipc_test"
"Failed to extract plugin meta data from '/usr/bin/tipc_test'" 
         not a plugin
QFactoryLoader::QFactoryLoader() looking at "/usr/bin/tload"
"Failed to extract plugin meta data from '/usr/bin/tload'" 
         not a plugin
QFactoryLoader::QFactoryLoader() looking at "/usr/bin/tmux"
"Failed to extract plugin meta data from '/usr/bin/tmux'" 
         not a plugin
QFactoryLoader::QFactoryLoader() looking at "/usr/bin/toe"
"Failed to extract plugin meta data from '/usr/bin/toe'" 
         not a plugin
QFactoryLoader::QFactoryLoader() looking at "/usr/bin/top"
"Failed to extract plugin meta data from '/usr/bin/top'" 
         not a plugin
QFactoryLoader::QFactoryLoader() looking at "/usr/bin/totem"
"Failed to extract plugin meta data from '/usr/bin/totem'" 
         not a plugin
QFactoryLoader::QFactoryLoader() looking at "/usr/bin/totem-video-thumbnailer"
"Failed to extract plugin meta data from '/usr/bin/totem-video-thumbnailer'" 
         not a plugin
QFactoryLoader::QFactoryLoader() looking at "/usr/bin/touch"
"Failed to extract plugin meta data from '/usr/bin/touch'" 
         not a plugin
QFactoryLoader::QFactoryLoader() looking at "/usr/bin/tput"
"Failed to extract plugin meta data from '/usr/bin/tput'" 
         not a plugin
QFactoryLoader::QFactoryLoader() looking at "/usr/bin/tr"
"Failed to extract plugin meta data from '/usr/bin/tr'" 
         not a plugin
QFactoryLoader::QFactoryLoader() looking at "/usr/bin/tracepath"
"Failed to extract plugin meta data from '/usr/bin/tracepath'" 
         not a plugin
QFactoryLoader::QFactoryLoader() looking at "/usr/bin/traceroute6"
"Failed to extract plugin meta data from '/usr/bin/traceroute6.iputils'" 
         not a plugin
QFactoryLoader::QFactoryLoader() looking at "/usr/bin/traceroute6.iputils"
"Failed to extract plugin meta data from '/usr/bin/traceroute6.iputils'" 
         not a plugin
QFactoryLoader::QFactoryLoader() looking at "/usr/bin/tracker"
"Failed to extract plugin meta data from '/usr/bin/tracker'" 
         not a plugin
QFactoryLoader::QFactoryLoader() looking at "/usr/bin/transicc"
"Failed to extract plugin meta data from '/usr/bin/transicc'" 
         not a plugin
QFactoryLoader::QFactoryLoader() looking at "/usr/bin/transmission-gtk"
"Failed to extract plugin meta data from '/usr/bin/transmission-gtk'" 
         not a plugin
QFactoryLoader::QFactoryLoader() looking at "/usr/bin/transset"
"Failed to extract plugin meta data from '/usr/bin/transset'" 
         not a plugin
QFactoryLoader::QFactoryLoader() looking at "/usr/bin/troff"
"Failed to extract plugin meta data from '/usr/bin/troff'" 
         not a plugin
QFactoryLoader::QFactoryLoader() looking at "/usr/bin/true"
"Failed to extract plugin meta data from '/usr/bin/true'" 
         not a plugin
QFactoryLoader::QFactoryLoader() looking at "/usr/bin/truncate"
"Failed to extract plugin meta data from '/usr/bin/truncate'" 
         not a plugin
QFactoryLoader::QFactoryLoader() looking at "/usr/bin/trust"
"Failed to extract plugin meta data from '/usr/bin/trust'" 
         not a plugin
QFactoryLoader::QFactoryLoader() looking at "/usr/bin/tset"
"Failed to extract plugin meta data from '/usr/bin/tset'" 
         not a plugin
QFactoryLoader::QFactoryLoader() looking at "/usr/bin/tsort"
"Failed to extract plugin meta data from '/usr/bin/tsort'" 
         not a plugin
QFactoryLoader::QFactoryLoader() looking at "/usr/bin/tty"
"Failed to extract plugin meta data from '/usr/bin/tty'" 
         not a plugin
QFactoryLoader::QFactoryLoader() looking at "/usr/bin/tzselect"
QElfParser: '/usr/bin/tzselect' is not an ELF object
"'/usr/bin/tzselect' is not an ELF object" 
         not a plugin
QFactoryLoader::QFactoryLoader() looking at "/usr/bin/ua"
QElfParser: '/usr/bin/ubuntu-advantage' is not an ELF object
"'/usr/bin/ubuntu-advantage' is not an ELF object" 
         not a plugin
QFactoryLoader::QFactoryLoader() looking at "/usr/bin/ubuntu-advantage"
QElfParser: '/usr/bin/ubuntu-advantage' is not an ELF object
"'/usr/bin/ubuntu-advantage' is not an ELF object" 
         not a plugin
QFactoryLoader::QFactoryLoader() looking at "/usr/bin/ubuntu-bug"
QElfParser: '/usr/bin/apport-bug' is not an ELF object
"'/usr/bin/apport-bug' is not an ELF object" 
         not a plugin
QFactoryLoader::QFactoryLoader() looking at "/usr/bin/ubuntu-distro-info"
"Failed to extract plugin meta data from '/usr/bin/ubuntu-distro-info'" 
         not a plugin
QFactoryLoader::QFactoryLoader() looking at "/usr/bin/ubuntu-drivers"
QElfParser: '/usr/bin/ubuntu-drivers' is not an ELF object
"'/usr/bin/ubuntu-drivers' is not an ELF object" 
         not a plugin
QFactoryLoader::QFactoryLoader() looking at "/usr/bin/ubuntu-report"
"Failed to extract plugin meta data from '/usr/bin/ubuntu-report'" 
         not a plugin
QFactoryLoader::QFactoryLoader() looking at "/usr/bin/ubuntu-security-status"
QElfParser: '/usr/bin/ubuntu-security-status' is not an ELF object
"'/usr/bin/ubuntu-security-status' is not an ELF object" 
         not a plugin
QFactoryLoader::QFactoryLoader() looking at "/usr/bin/ucf"
QElfParser: '/usr/bin/ucf' is not an ELF object
"'/usr/bin/ucf' is not an ELF object" 
         not a plugin
QFactoryLoader::QFactoryLoader() looking at "/usr/bin/ucfq"
QElfParser: '/usr/bin/ucfq' is not an ELF object
"'/usr/bin/ucfq' is not an ELF object" 
         not a plugin
QFactoryLoader::QFactoryLoader() looking at "/usr/bin/ucfr"
QElfParser: '/usr/bin/ucfr' is not an ELF object
"'/usr/bin/ucfr' is not an ELF object" 
         not a plugin
QFactoryLoader::QFactoryLoader() looking at "/usr/bin/uconv"
"Failed to extract plugin meta data from '/usr/bin/uconv'" 
         not a plugin
QFactoryLoader::QFactoryLoader() looking at "/usr/bin/ucs2any"
"Failed to extract plugin meta data from '/usr/bin/ucs2any'" 
         not a plugin
QFactoryLoader::QFactoryLoader() looking at "/usr/bin/udevadm"
"Failed to extract plugin meta data from '/usr/bin/udevadm'" 
         not a plugin
QFactoryLoader::QFactoryLoader() looking at "/usr/bin/udisksctl"
"Failed to extract plugin meta data from '/usr/bin/udisksctl'" 
         not a plugin
QFactoryLoader::QFactoryLoader() looking at "/usr/bin/uic"
"Failed to extract plugin meta data from '/usr/bin/qtchooser'" 
         not a plugin
QFactoryLoader::QFactoryLoader() looking at "/usr/bin/uic3"
"Failed to extract plugin meta data from '/usr/bin/qtchooser'" 
         not a plugin
QFactoryLoader::QFactoryLoader() looking at "/usr/bin/ul"
"Failed to extract plugin meta data from '/usr/bin/ul'" 
         not a plugin
QFactoryLoader::QFactoryLoader() looking at "/usr/bin/ulockmgr_server"
"Failed to extract plugin meta data from '/usr/bin/ulockmgr_server'" 
         not a plugin
QFactoryLoader::QFactoryLoader() looking at "/usr/bin/umax_pp"
"Failed to extract plugin meta data from '/usr/bin/umax_pp'" 
         not a plugin
QFactoryLoader::QFactoryLoader() looking at "/usr/bin/umount"
"Failed to extract plugin meta data from '/usr/bin/umount'" 
         not a plugin
QFactoryLoader::QFactoryLoader() looking at "/usr/bin/uname"
"Failed to extract plugin meta data from '/usr/bin/uname'" 
         not a plugin
QFactoryLoader::QFactoryLoader() looking at "/usr/bin/uncompress"
QElfParser: '/usr/bin/uncompress' is not an ELF object
"'/usr/bin/uncompress' is not an ELF object" 
         not a plugin
QFactoryLoader::QFactoryLoader() looking at "/usr/bin/unexpand"
"Failed to extract plugin meta data from '/usr/bin/unexpand'" 
         not a plugin
QFactoryLoader::QFactoryLoader() looking at "/usr/bin/unicode_start"
QElfParser: '/usr/bin/unicode_start' is not an ELF object
"'/usr/bin/unicode_start' is not an ELF object" 
         not a plugin
QFactoryLoader::QFactoryLoader() looking at "/usr/bin/unicode_stop"
QElfParser: '/usr/bin/unicode_stop' is not an ELF object
"'/usr/bin/unicode_stop' is not an ELF object" 
         not a plugin
QFactoryLoader::QFactoryLoader() looking at "/usr/bin/uniq"
"Failed to extract plugin meta data from '/usr/bin/uniq'" 
         not a plugin
QFactoryLoader::QFactoryLoader() looking at "/usr/bin/unity-scope-loader"
"Failed to extract plugin meta data from '/usr/bin/unity-scope-loader'" 
         not a plugin
QFactoryLoader::QFactoryLoader() looking at "/usr/bin/unlink"
"Failed to extract plugin meta data from '/usr/bin/unlink'" 
         not a plugin
QFactoryLoader::QFactoryLoader() looking at "/usr/bin/unlz4"
"Failed to extract plugin meta data from '/usr/bin/lz4'" 
         not a plugin
QFactoryLoader::QFactoryLoader() looking at "/usr/bin/unlzma"
"Failed to extract plugin meta data from '/usr/bin/xz'" 
         not a plugin
QFactoryLoader::QFactoryLoader() looking at "/usr/bin/unmkinitramfs"
QElfParser: '/usr/bin/unmkinitramfs' is not an ELF object
"'/usr/bin/unmkinitramfs' is not an ELF object" 
         not a plugin
QFactoryLoader::QFactoryLoader() looking at "/usr/bin/unopkg"
QElfParser: '/usr/bin/unopkg' is not an ELF object (file too small)
"'/usr/bin/unopkg' is not an ELF object (file too small)" 
         not a plugin
QFactoryLoader::QFactoryLoader() looking at "/usr/bin/unshare"
"Failed to extract plugin meta data from '/usr/bin/unshare'" 
         not a plugin
QFactoryLoader::QFactoryLoader() looking at "/usr/bin/unsquashfs"
"Failed to extract plugin meta data from '/usr/bin/unsquashfs'" 
         not a plugin
QFactoryLoader::QFactoryLoader() looking at "/usr/bin/unxz"
"Failed to extract plugin meta data from '/usr/bin/xz'" 
         not a plugin
QFactoryLoader::QFactoryLoader() looking at "/usr/bin/unzip"
"Failed to extract plugin meta data from '/usr/bin/unzip'" 
         not a plugin
QFactoryLoader::QFactoryLoader() looking at "/usr/bin/unzipsfx"
"Failed to extract plugin meta data from '/usr/bin/unzipsfx'" 
         not a plugin
QFactoryLoader::QFactoryLoader() looking at "/usr/bin/update-alternatives"
"Failed to extract plugin meta data from '/usr/bin/update-alternatives'" 
         not a plugin
QFactoryLoader::QFactoryLoader() looking at "/usr/bin/update-desktop-database"
"Failed to extract plugin meta data from '/usr/bin/update-desktop-database'" 
         not a plugin
QFactoryLoader::QFactoryLoader() looking at "/usr/bin/update-manager"
QElfParser: '/usr/bin/update-manager' is not an ELF object
"'/usr/bin/update-manager' is not an ELF object" 
         not a plugin
QFactoryLoader::QFactoryLoader() looking at "/usr/bin/update-mime-database"
"Failed to extract plugin meta data from '/usr/bin/update-mime-database'" 
         not a plugin
QFactoryLoader::QFactoryLoader() looking at "/usr/bin/update-notifier"
"Failed to extract plugin meta data from '/usr/bin/update-notifier'" 
         not a plugin
QFactoryLoader::QFactoryLoader() looking at "/usr/bin/upower"
"Failed to extract plugin meta data from '/usr/bin/upower'" 
         not a plugin
QFactoryLoader::QFactoryLoader() looking at "/usr/bin/uptime"
"Failed to extract plugin meta data from '/usr/bin/uptime'" 
         not a plugin
QFactoryLoader::QFactoryLoader() looking at "/usr/bin/usb-devices"
QElfParser: '/usr/bin/usb-devices' is not an ELF object
"'/usr/bin/usb-devices' is not an ELF object" 
         not a plugin
QFactoryLoader::QFactoryLoader() looking at "/usr/bin/usbhid-dump"
"Failed to extract plugin meta data from '/usr/bin/usbhid-dump'" 
         not a plugin
QFactoryLoader::QFactoryLoader() looking at "/usr/bin/usbreset"
"Failed to extract plugin meta data from '/usr/bin/usbreset'" 
         not a plugin
QFactoryLoader::QFactoryLoader() looking at "/usr/bin/users"
"Failed to extract plugin meta data from '/usr/bin/users'" 
         not a plugin
QFactoryLoader::QFactoryLoader() looking at "/usr/bin/ussp-push"
"Failed to extract plugin meta data from '/usr/bin/ussp-push'" 
         not a plugin
QFactoryLoader::QFactoryLoader() looking at "/usr/bin/utmpdump"
"Failed to extract plugin meta data from '/usr/bin/utmpdump'" 
         not a plugin
QFactoryLoader::QFactoryLoader() looking at "/usr/bin/uufilter"
"Failed to extract plugin meta data from '/usr/bin/uufilter'" 
         not a plugin
QFactoryLoader::QFactoryLoader() looking at "/usr/bin/uuidgen"
"Failed to extract plugin meta data from '/usr/bin/uuidgen'" 
         not a plugin
QFactoryLoader::QFactoryLoader() looking at "/usr/bin/uuidparse"
"Failed to extract plugin meta data from '/usr/bin/uuidparse'" 
         not a plugin
QFactoryLoader::QFactoryLoader() looking at "/usr/bin/uxterm"
QElfParser: '/usr/bin/uxterm' is not an ELF object
"'/usr/bin/uxterm' is not an ELF object" 
         not a plugin
QFactoryLoader::QFactoryLoader() looking at "/usr/bin/vdir"
"Failed to extract plugin meta data from '/usr/bin/vdir'" 
         not a plugin
QFactoryLoader::QFactoryLoader() looking at "/usr/bin/vi"
"Failed to extract plugin meta data from '/usr/bin/vim.basic'" 
         not a plugin
QFactoryLoader::QFactoryLoader() looking at "/usr/bin/view"
"Failed to extract plugin meta data from '/usr/bin/vim.basic'" 
         not a plugin
QFactoryLoader::QFactoryLoader() looking at "/usr/bin/viewres"
"Failed to extract plugin meta data from '/usr/bin/viewres'" 
         not a plugin
QFactoryLoader::QFactoryLoader() looking at "/usr/bin/vim"
"Failed to extract plugin meta data from '/usr/bin/vim.basic'" 
         not a plugin
QFactoryLoader::QFactoryLoader() looking at "/usr/bin/vim.basic"
"Failed to extract plugin meta data from '/usr/bin/vim.basic'" 
         not a plugin
QFactoryLoader::QFactoryLoader() looking at "/usr/bin/vim.tiny"
"Failed to extract plugin meta data from '/usr/bin/vim.tiny'" 
         not a plugin
QFactoryLoader::QFactoryLoader() looking at "/usr/bin/vimdiff"
"Failed to extract plugin meta data from '/usr/bin/vim.basic'" 
         not a plugin
QFactoryLoader::QFactoryLoader() looking at "/usr/bin/vimtutor"
QElfParser: '/usr/bin/vimtutor' is not an ELF object
"'/usr/bin/vimtutor' is not an ELF object" 
         not a plugin
QFactoryLoader::QFactoryLoader() looking at "/usr/bin/vkcube"
"Failed to extract plugin meta data from '/usr/bin/vkcube'" 
         not a plugin
QFactoryLoader::QFactoryLoader() looking at "/usr/bin/vkcubepp"
"Failed to extract plugin meta data from '/usr/bin/vkcubepp'" 
         not a plugin
QFactoryLoader::QFactoryLoader() looking at "/usr/bin/vlc"
"Failed to extract plugin meta data from '/usr/bin/vlc'" 
         not a plugin
QFactoryLoader::QFactoryLoader() looking at "/usr/bin/vlc-wrapper"
"Failed to extract plugin meta data from '/usr/bin/vlc-wrapper'" 
         not a plugin
QFactoryLoader::QFactoryLoader() looking at "/usr/bin/vmstat"
"Failed to extract plugin meta data from '/usr/bin/vmstat'" 
         not a plugin
QFactoryLoader::QFactoryLoader() looking at "/usr/bin/volname"
"Failed to extract plugin meta data from '/usr/bin/volname'" 
         not a plugin
QFactoryLoader::QFactoryLoader() looking at "/usr/bin/vstp"
"Failed to extract plugin meta data from '/usr/bin/vstp'" 
         not a plugin
QFactoryLoader::QFactoryLoader() looking at "/usr/bin/vulkaninfo"
"Failed to extract plugin meta data from '/usr/bin/vulkaninfo'" 
         not a plugin
QFactoryLoader::QFactoryLoader() looking at "/usr/bin/w"
"Failed to extract plugin meta data from '/usr/bin/w.procps'" 
         not a plugin
QFactoryLoader::QFactoryLoader() looking at "/usr/bin/w.procps"
"Failed to extract plugin meta data from '/usr/bin/w.procps'" 
         not a plugin
QFactoryLoader::QFactoryLoader() looking at "/usr/bin/wall"
"Failed to extract plugin meta data from '/usr/bin/wall'" 
         not a plugin
QFactoryLoader::QFactoryLoader() looking at "/usr/bin/watch"
"Failed to extract plugin meta data from '/usr/bin/watch'" 
         not a plugin
QFactoryLoader::QFactoryLoader() looking at "/usr/bin/watchgnupg"
"Failed to extract plugin meta data from '/usr/bin/watchgnupg'" 
         not a plugin
QFactoryLoader::QFactoryLoader() looking at "/usr/bin/wc"
"Failed to extract plugin meta data from '/usr/bin/wc'" 
         not a plugin
QFactoryLoader::QFactoryLoader() looking at "/usr/bin/wdctl"
"Failed to extract plugin meta data from '/usr/bin/wdctl'" 
         not a plugin
QFactoryLoader::QFactoryLoader() looking at "/usr/bin/weston"
"Failed to extract plugin meta data from '/usr/lib/aarch64-linux-gnu/tegra/weston/weston'" 
         not a plugin
QFactoryLoader::QFactoryLoader() looking at "/usr/bin/weston-calibrator"
"Failed to extract plugin meta data from '/usr/lib/aarch64-linux-gnu/tegra/weston/weston-calibrator'" 
         not a plugin
QFactoryLoader::QFactoryLoader() looking at "/usr/bin/weston-clickdot"
"Failed to extract plugin meta data from '/usr/lib/aarch64-linux-gnu/tegra/weston/weston-clickdot'" 
         not a plugin
QFactoryLoader::QFactoryLoader() looking at "/usr/bin/weston-cliptest"
"Failed to extract plugin meta data from '/usr/lib/aarch64-linux-gnu/tegra/weston/weston-cliptest'" 
         not a plugin
QFactoryLoader::QFactoryLoader() looking at "/usr/bin/weston-content-protection"
"Failed to extract plugin meta data from '/usr/lib/aarch64-linux-gnu/tegra/weston/weston-content-protection'" 
         not a plugin
QFactoryLoader::QFactoryLoader() looking at "/usr/bin/weston-debug"
"Failed to extract plugin meta data from '/usr/lib/aarch64-linux-gnu/tegra/weston/weston-debug'" 
         not a plugin
QFactoryLoader::QFactoryLoader() looking at "/usr/bin/weston-dmabuf-formats"
"Failed to extract plugin meta data from '/usr/src/nvidia/graphics_demos/prebuilts/bin/wayland/weston-dmabuf-formats'" 
         not a plugin
QFactoryLoader::QFactoryLoader() looking at "/usr/bin/weston-dnd"
"Failed to extract plugin meta data from '/usr/lib/aarch64-linux-gnu/tegra/weston/weston-dnd'" 
         not a plugin
QFactoryLoader::QFactoryLoader() looking at "/usr/bin/weston-eventdemo"
"Failed to extract plugin meta data from '/usr/lib/aarch64-linux-gnu/tegra/weston/weston-eventdemo'" 
         not a plugin
QFactoryLoader::QFactoryLoader() looking at "/usr/bin/weston-flower"
"Failed to extract plugin meta data from '/usr/lib/aarch64-linux-gnu/tegra/weston/weston-flower'" 
         not a plugin
QFactoryLoader::QFactoryLoader() looking at "/usr/bin/weston-fullscreen"
"Failed to extract plugin meta data from '/usr/lib/aarch64-linux-gnu/tegra/weston/weston-fullscreen'" 
         not a plugin
QFactoryLoader::QFactoryLoader() looking at "/usr/bin/weston-image"
"Failed to extract plugin meta data from '/usr/lib/aarch64-linux-gnu/tegra/weston/weston-image'" 
         not a plugin
QFactoryLoader::QFactoryLoader() looking at "/usr/bin/weston-info"
"Failed to extract plugin meta data from '/usr/lib/aarch64-linux-gnu/tegra/weston/weston-info'" 
         not a plugin
QFactoryLoader::QFactoryLoader() looking at "/usr/bin/weston-ivi-shell-user-interface"
"Failed to extract plugin meta data from '/usr/lib/aarch64-linux-gnu/tegra/weston/weston-ivi-shell-user-interface'" 
         not a plugin
QFactoryLoader::QFactoryLoader() looking at "/usr/bin/weston-launch"
"Failed to extract plugin meta data from '/usr/lib/aarch64-linux-gnu/tegra/weston/weston-launch'" 
         not a plugin
QFactoryLoader::QFactoryLoader() looking at "/usr/bin/weston-multi-resource"
"Failed to extract plugin meta data from '/usr/lib/aarch64-linux-gnu/tegra/weston/weston-multi-resource'" 
         not a plugin
QFactoryLoader::QFactoryLoader() looking at "/usr/bin/weston-output-mode"
"Failed to extract plugin meta data from '/usr/lib/aarch64-linux-gnu/tegra/weston/weston-output-mode'" 
         not a plugin
QFactoryLoader::QFactoryLoader() looking at "/usr/bin/weston-resizor"
"Failed to extract plugin meta data from '/usr/lib/aarch64-linux-gnu/tegra/weston/weston-resizor'" 
         not a plugin
QFactoryLoader::QFactoryLoader() looking at "/usr/bin/weston-scaler"
"Failed to extract plugin meta data from '/usr/lib/aarch64-linux-gnu/tegra/weston/weston-scaler'" 
         not a plugin
QFactoryLoader::QFactoryLoader() looking at "/usr/bin/weston-simple-dmabuf-egldevice"
"Failed to extract plugin meta data from '/usr/lib/aarch64-linux-gnu/tegra/weston/weston-simple-dmabuf-egldevice'" 
         not a plugin
QFactoryLoader::QFactoryLoader() looking at "/usr/bin/weston-simple-egl"
"Failed to extract plugin meta data from '/usr/lib/aarch64-linux-gnu/tegra/weston/weston-simple-egl'" 
         not a plugin
QFactoryLoader::QFactoryLoader() looking at "/usr/bin/weston-simple-shm"
"Failed to extract plugin meta data from '/usr/lib/aarch64-linux-gnu/tegra/weston/weston-simple-shm'" 
         not a plugin
QFactoryLoader::QFactoryLoader() looking at "/usr/bin/weston-simple-touch"
"Failed to extract plugin meta data from '/usr/lib/aarch64-linux-gnu/tegra/weston/weston-simple-touch'" 
         not a plugin
QFactoryLoader::QFactoryLoader() looking at "/usr/bin/weston-smoke"
"Failed to extract plugin meta data from '/usr/lib/aarch64-linux-gnu/tegra/weston/weston-smoke'" 
         not a plugin
QFactoryLoader::QFactoryLoader() looking at "/usr/bin/weston-stacking"
"Failed to extract plugin meta data from '/usr/lib/aarch64-linux-gnu/tegra/weston/weston-stacking'" 
         not a plugin
QFactoryLoader::QFactoryLoader() looking at "/usr/bin/weston-subsurfaces"
"Failed to extract plugin meta data from '/usr/lib/aarch64-linux-gnu/tegra/weston/weston-subsurfaces'" 
         not a plugin
QFactoryLoader::QFactoryLoader() looking at "/usr/bin/weston-terminal"
"Failed to extract plugin meta data from '/usr/lib/aarch64-linux-gnu/tegra/weston/weston-terminal'" 
         not a plugin
QFactoryLoader::QFactoryLoader() looking at "/usr/bin/weston-transformed"
"Failed to extract plugin meta data from '/usr/lib/aarch64-linux-gnu/tegra/weston/weston-transformed'" 
         not a plugin
QFactoryLoader::QFactoryLoader() looking at "/usr/bin/wget"
"Failed to extract plugin meta data from '/usr/bin/wget'" 
         not a plugin
QFactoryLoader::QFactoryLoader() looking at "/usr/bin/whatis"
"Failed to extract plugin meta data from '/usr/bin/whatis'" 
         not a plugin
QFactoryLoader::QFactoryLoader() looking at "/usr/bin/whereis"
"Failed to extract plugin meta data from '/usr/bin/whereis'" 
         not a plugin
QFactoryLoader::QFactoryLoader() looking at "/usr/bin/which"
QElfParser: '/usr/bin/which' is not an ELF object
"'/usr/bin/which' is not an ELF object" 
         not a plugin
QFactoryLoader::QFactoryLoader() looking at "/usr/bin/whiptail"
"Failed to extract plugin meta data from '/usr/bin/whiptail'" 
         not a plugin
QFactoryLoader::QFactoryLoader() looking at "/usr/bin/who"
"Failed to extract plugin meta data from '/usr/bin/who'" 
         not a plugin
QFactoryLoader::QFactoryLoader() looking at "/usr/bin/whoami"
"Failed to extract plugin meta data from '/usr/bin/whoami'" 
         not a plugin
QFactoryLoader::QFactoryLoader() looking at "/usr/bin/whoopsie"
"Failed to extract plugin meta data from '/usr/bin/whoopsie'" 
         not a plugin
QFactoryLoader::QFactoryLoader() looking at "/usr/bin/whoopsie-preferences"
"Failed to extract plugin meta data from '/usr/bin/whoopsie-preferences'" 
         not a plugin
QFactoryLoader::QFactoryLoader() looking at "/usr/bin/wish"
"Failed to extract plugin meta data from '/usr/bin/wish8.6'" 
         not a plugin
QFactoryLoader::QFactoryLoader() looking at "/usr/bin/wish8.6"
"Failed to extract plugin meta data from '/usr/bin/wish8.6'" 
         not a plugin
QFactoryLoader::QFactoryLoader() looking at "/usr/bin/word-list-compress"
"Failed to extract plugin meta data from '/usr/bin/word-list-compress'" 
         not a plugin
QFactoryLoader::QFactoryLoader() looking at "/usr/bin/wpa_passphrase"
"Failed to extract plugin meta data from '/usr/bin/wpa_passphrase'" 
         not a plugin
QFactoryLoader::QFactoryLoader() looking at "/usr/bin/write"
"Failed to extract plugin meta data from '/usr/bin/bsd-write'" 
         not a plugin
QFactoryLoader::QFactoryLoader() looking at "/usr/bin/X"
QElfParser: '/usr/bin/Xorg' is not an ELF object
"'/usr/bin/Xorg' is not an ELF object" 
         not a plugin
QFactoryLoader::QFactoryLoader() looking at "/usr/bin/x-session-manager"
QElfParser: '/usr/bin/gnome-session' is not an ELF object
"'/usr/bin/gnome-session' is not an ELF object" 
         not a plugin
QFactoryLoader::QFactoryLoader() looking at "/usr/bin/x-terminal-emulator"
QElfParser: '/usr/bin/gnome-terminal.wrapper' is not an ELF object
"'/usr/bin/gnome-terminal.wrapper' is not an ELF object" 
         not a plugin
QFactoryLoader::QFactoryLoader() looking at "/usr/bin/x-window-manager"
"Failed to extract plugin meta data from '/usr/bin/mutter'" 
         not a plugin
QFactoryLoader::QFactoryLoader() looking at "/usr/bin/x-www-browser"
QElfParser: '/usr/lib/firefox/firefox.sh' is not an ELF object
"'/usr/lib/firefox/firefox.sh' is not an ELF object" 
         not a plugin
QFactoryLoader::QFactoryLoader() looking at "/usr/bin/x11perf"
"Failed to extract plugin meta data from '/usr/bin/x11perf'" 
         not a plugin
QFactoryLoader::QFactoryLoader() looking at "/usr/bin/x11perfcomp"
QElfParser: '/usr/bin/x11perfcomp' is not an ELF object
"'/usr/bin/x11perfcomp' is not an ELF object" 
         not a plugin
QFactoryLoader::QFactoryLoader() looking at "/usr/bin/x11vnc"
"Failed to extract plugin meta data from '/usr/bin/x11vnc'" 
         not a plugin
QFactoryLoader::QFactoryLoader() looking at "/usr/bin/xargs"
"Failed to extract plugin meta data from '/usr/bin/xargs'" 
         not a plugin
QFactoryLoader::QFactoryLoader() looking at "/usr/bin/xauth"
"Failed to extract plugin meta data from '/usr/bin/xauth'" 
         not a plugin
QFactoryLoader::QFactoryLoader() looking at "/usr/bin/xbiff"
"Failed to extract plugin meta data from '/usr/bin/xbiff'" 
         not a plugin
QFactoryLoader::QFactoryLoader() looking at "/usr/bin/xbrlapi"
"Failed to extract plugin meta data from '/usr/bin/xbrlapi'" 
         not a plugin
QFactoryLoader::QFactoryLoader() looking at "/usr/bin/xcalc"
"Failed to extract plugin meta data from '/usr/bin/xcalc'" 
         not a plugin
QFactoryLoader::QFactoryLoader() looking at "/usr/bin/xclipboard"
"Failed to extract plugin meta data from '/usr/bin/xclipboard'" 
         not a plugin
QFactoryLoader::QFactoryLoader() looking at "/usr/bin/xclock"
"Failed to extract plugin meta data from '/usr/bin/xclock'" 
         not a plugin
QFactoryLoader::QFactoryLoader() looking at "/usr/bin/xcmsdb"
"Failed to extract plugin meta data from '/usr/bin/xcmsdb'" 
         not a plugin
QFactoryLoader::QFactoryLoader() looking at "/usr/bin/xconsole"
"Failed to extract plugin meta data from '/usr/bin/xconsole'" 
         not a plugin
QFactoryLoader::QFactoryLoader() looking at "/usr/bin/xcursorgen"
"Failed to extract plugin meta data from '/usr/bin/xcursorgen'" 
         not a plugin
QFactoryLoader::QFactoryLoader() looking at "/usr/bin/xcutsel"
"Failed to extract plugin meta data from '/usr/bin/xcutsel'" 
         not a plugin
QFactoryLoader::QFactoryLoader() looking at "/usr/bin/xdg-dbus-proxy"
"Failed to extract plugin meta data from '/usr/bin/xdg-dbus-proxy'" 
         not a plugin
QFactoryLoader::QFactoryLoader() looking at "/usr/bin/xdg-desktop-icon"
QElfParser: '/usr/bin/xdg-desktop-icon' is not an ELF object
"'/usr/bin/xdg-desktop-icon' is not an ELF object" 
         not a plugin
QFactoryLoader::QFactoryLoader() looking at "/usr/bin/xdg-desktop-menu"
QElfParser: '/usr/bin/xdg-desktop-menu' is not an ELF object
"'/usr/bin/xdg-desktop-menu' is not an ELF object" 
         not a plugin
QFactoryLoader::QFactoryLoader() looking at "/usr/bin/xdg-email"
QElfParser: '/usr/bin/xdg-email' is not an ELF object
"'/usr/bin/xdg-email' is not an ELF object" 
         not a plugin
QFactoryLoader::QFactoryLoader() looking at "/usr/bin/xdg-icon-resource"
QElfParser: '/usr/bin/xdg-icon-resource' is not an ELF object
"'/usr/bin/xdg-icon-resource' is not an ELF object" 
         not a plugin
QFactoryLoader::QFactoryLoader() looking at "/usr/bin/xdg-mime"
QElfParser: '/usr/bin/xdg-mime' is not an ELF object
"'/usr/bin/xdg-mime' is not an ELF object" 
         not a plugin
QFactoryLoader::QFactoryLoader() looking at "/usr/bin/xdg-open"
QElfParser: '/usr/bin/xdg-open' is not an ELF object
"'/usr/bin/xdg-open' is not an ELF object" 
         not a plugin
QFactoryLoader::QFactoryLoader() looking at "/usr/bin/xdg-screensaver"
QElfParser: '/usr/bin/xdg-screensaver' is not an ELF object
"'/usr/bin/xdg-screensaver' is not an ELF object" 
         not a plugin
QFactoryLoader::QFactoryLoader() looking at "/usr/bin/xdg-settings"
QElfParser: '/usr/bin/xdg-settings' is not an ELF object
"'/usr/bin/xdg-settings' is not an ELF object" 
         not a plugin
QFactoryLoader::QFactoryLoader() looking at "/usr/bin/xdg-user-dir"
QElfParser: '/usr/bin/xdg-user-dir' is not an ELF object
"'/usr/bin/xdg-user-dir' is not an ELF object" 
         not a plugin
QFactoryLoader::QFactoryLoader() looking at "/usr/bin/xdg-user-dirs-gtk-update"
"Failed to extract plugin meta data from '/usr/bin/xdg-user-dirs-gtk-update'" 
         not a plugin
QFactoryLoader::QFactoryLoader() looking at "/usr/bin/xdg-user-dirs-update"
"Failed to extract plugin meta data from '/usr/bin/xdg-user-dirs-update'" 
         not a plugin
QFactoryLoader::QFactoryLoader() looking at "/usr/bin/xditview"
"Failed to extract plugin meta data from '/usr/bin/xditview'" 
         not a plugin
QFactoryLoader::QFactoryLoader() looking at "/usr/bin/xdpyinfo"
"Failed to extract plugin meta data from '/usr/bin/xdpyinfo'" 
         not a plugin
QFactoryLoader::QFactoryLoader() looking at "/usr/bin/xdriinfo"
"Failed to extract plugin meta data from '/usr/bin/xdriinfo'" 
         not a plugin
QFactoryLoader::QFactoryLoader() looking at "/usr/bin/Xdummy"
QElfParser: '/usr/bin/Xdummy' is not an ELF object
"'/usr/bin/Xdummy' is not an ELF object" 
         not a plugin
QFactoryLoader::QFactoryLoader() looking at "/usr/bin/xedit"
"Failed to extract plugin meta data from '/usr/bin/xedit'" 
         not a plugin
QFactoryLoader::QFactoryLoader() looking at "/usr/bin/Xephyr"
"Failed to extract plugin meta data from '/usr/bin/Xephyr'" 
         not a plugin
QFactoryLoader::QFactoryLoader() looking at "/usr/bin/xev"
"Failed to extract plugin meta data from '/usr/bin/xev'" 
         not a plugin
QFactoryLoader::QFactoryLoader() looking at "/usr/bin/xeyes"
"Failed to extract plugin meta data from '/usr/bin/xeyes'" 
         not a plugin
QFactoryLoader::QFactoryLoader() looking at "/usr/bin/xfd"
"Failed to extract plugin meta data from '/usr/bin/xfd'" 
         not a plugin
QFactoryLoader::QFactoryLoader() looking at "/usr/bin/xfontsel"
"Failed to extract plugin meta data from '/usr/bin/xfontsel'" 
         not a plugin
QFactoryLoader::QFactoryLoader() looking at "/usr/bin/xgamma"
"Failed to extract plugin meta data from '/usr/bin/xgamma'" 
         not a plugin
QFactoryLoader::QFactoryLoader() looking at "/usr/bin/xgc"
"Failed to extract plugin meta data from '/usr/bin/xgc'" 
         not a plugin
QFactoryLoader::QFactoryLoader() looking at "/usr/bin/xhost"
"Failed to extract plugin meta data from '/usr/bin/xhost'" 
         not a plugin
QFactoryLoader::QFactoryLoader() looking at "/usr/bin/xinit"
"Failed to extract plugin meta data from '/usr/bin/xinit'" 
         not a plugin
QFactoryLoader::QFactoryLoader() looking at "/usr/bin/xinput"
"Failed to extract plugin meta data from '/usr/bin/xinput'" 
         not a plugin
QFactoryLoader::QFactoryLoader() looking at "/usr/bin/xkbbell"
"Failed to extract plugin meta data from '/usr/bin/xkbbell'" 
         not a plugin
QFactoryLoader::QFactoryLoader() looking at "/usr/bin/xkbcomp"
"Failed to extract plugin meta data from '/usr/bin/xkbcomp'" 
         not a plugin
QFactoryLoader::QFactoryLoader() looking at "/usr/bin/xkbevd"
"Failed to extract plugin meta data from '/usr/bin/xkbevd'" 
         not a plugin
QFactoryLoader::QFactoryLoader() looking at "/usr/bin/xkbprint"
"Failed to extract plugin meta data from '/usr/bin/xkbprint'" 
         not a plugin
QFactoryLoader::QFactoryLoader() looking at "/usr/bin/xkbvleds"
"Failed to extract plugin meta data from '/usr/bin/xkbvleds'" 
         not a plugin
QFactoryLoader::QFactoryLoader() looking at "/usr/bin/xkbwatch"
"Failed to extract plugin meta data from '/usr/bin/xkbwatch'" 
         not a plugin
QFactoryLoader::QFactoryLoader() looking at "/usr/bin/xkeystone"
QElfParser: '/usr/bin/xkeystone' is not an ELF object
"'/usr/bin/xkeystone' is not an ELF object" 
         not a plugin
QFactoryLoader::QFactoryLoader() looking at "/usr/bin/xkill"
"Failed to extract plugin meta data from '/usr/bin/xkill'" 
         not a plugin
QFactoryLoader::QFactoryLoader() looking at "/usr/bin/xload"
"Failed to extract plugin meta data from '/usr/bin/xload'" 
         not a plugin
QFactoryLoader::QFactoryLoader() looking at "/usr/bin/xloadimage"
"Failed to extract plugin meta data from '/usr/bin/xloadimage'" 
         not a plugin
QFactoryLoader::QFactoryLoader() looking at "/usr/bin/xlogo"
"Failed to extract plugin meta data from '/usr/bin/xlogo'" 
         not a plugin
QFactoryLoader::QFactoryLoader() looking at "/usr/bin/xlsatoms"
"Failed to extract plugin meta data from '/usr/bin/xlsatoms'" 
         not a plugin
QFactoryLoader::QFactoryLoader() looking at "/usr/bin/xlsclients"
"Failed to extract plugin meta data from '/usr/bin/xlsclients'" 
         not a plugin
QFactoryLoader::QFactoryLoader() looking at "/usr/bin/xlsfonts"
"Failed to extract plugin meta data from '/usr/bin/xlsfonts'" 
         not a plugin
QFactoryLoader::QFactoryLoader() looking at "/usr/bin/xmag"
"Failed to extract plugin meta data from '/usr/bin/xmag'" 
         not a plugin
QFactoryLoader::QFactoryLoader() looking at "/usr/bin/xman"
"Failed to extract plugin meta data from '/usr/bin/xman'" 
         not a plugin
QFactoryLoader::QFactoryLoader() looking at "/usr/bin/xmessage"
"Failed to extract plugin meta data from '/usr/bin/xmessage'" 
         not a plugin
QFactoryLoader::QFactoryLoader() looking at "/usr/bin/xml2-config"
QElfParser: '/usr/bin/xml2-config' is not an ELF object
"'/usr/bin/xml2-config' is not an ELF object" 
         not a plugin
QFactoryLoader::QFactoryLoader() looking at "/usr/bin/xmlpatterns"
"Failed to extract plugin meta data from '/usr/bin/qtchooser'" 
         not a plugin
QFactoryLoader::QFactoryLoader() looking at "/usr/bin/xmlpatternsvalidator"
"Failed to extract plugin meta data from '/usr/bin/qtchooser'" 
         not a plugin
QFactoryLoader::QFactoryLoader() looking at "/usr/bin/xmodmap"
"Failed to extract plugin meta data from '/usr/bin/xmodmap'" 
         not a plugin
QFactoryLoader::QFactoryLoader() looking at "/usr/bin/xmore"
"Failed to extract plugin meta data from '/usr/bin/xmore'" 
         not a plugin
QFactoryLoader::QFactoryLoader() looking at "/usr/bin/Xorg"
QElfParser: '/usr/bin/Xorg' is not an ELF object
"'/usr/bin/Xorg' is not an ELF object" 
         not a plugin
QFactoryLoader::QFactoryLoader() looking at "/usr/bin/xprop"
"Failed to extract plugin meta data from '/usr/bin/xprop'" 
         not a plugin
QFactoryLoader::QFactoryLoader() looking at "/usr/bin/xrandr"
"Failed to extract plugin meta data from '/usr/bin/xrandr'" 
         not a plugin
QFactoryLoader::QFactoryLoader() looking at "/usr/bin/xrdb"
"Failed to extract plugin meta data from '/usr/bin/xrdb'" 
         not a plugin
QFactoryLoader::QFactoryLoader() looking at "/usr/bin/xrefresh"
"Failed to extract plugin meta data from '/usr/bin/xrefresh'" 
         not a plugin
QFactoryLoader::QFactoryLoader() looking at "/usr/bin/xset"
"Failed to extract plugin meta data from '/usr/bin/xset'" 
         not a plugin
QFactoryLoader::QFactoryLoader() looking at "/usr/bin/xsetbg"
"Failed to extract plugin meta data from '/usr/bin/xloadimage'" 
         not a plugin
QFactoryLoader::QFactoryLoader() looking at "/usr/bin/xsetmode"
"Failed to extract plugin meta data from '/usr/bin/xsetmode'" 
         not a plugin
QFactoryLoader::QFactoryLoader() looking at "/usr/bin/xsetpointer"
"Failed to extract plugin meta data from '/usr/bin/xsetpointer'" 
         not a plugin
QFactoryLoader::QFactoryLoader() looking at "/usr/bin/xsetroot"
"Failed to extract plugin meta data from '/usr/bin/xsetroot'" 
         not a plugin
QFactoryLoader::QFactoryLoader() looking at "/usr/bin/xsetwacom"
"Failed to extract plugin meta data from '/usr/bin/xsetwacom'" 
         not a plugin
QFactoryLoader::QFactoryLoader() looking at "/usr/bin/xsm"
"Failed to extract plugin meta data from '/usr/bin/xsm'" 
         not a plugin
QFactoryLoader::QFactoryLoader() looking at "/usr/bin/xstdcmap"
"Failed to extract plugin meta data from '/usr/bin/xstdcmap'" 
         not a plugin
QFactoryLoader::QFactoryLoader() looking at "/usr/bin/xsubpp"
QElfParser: '/usr/bin/xsubpp' is not an ELF object
"'/usr/bin/xsubpp' is not an ELF object" 
         not a plugin
QFactoryLoader::QFactoryLoader() looking at "/usr/bin/xterm"
"Failed to extract plugin meta data from '/usr/bin/xterm'" 
         not a plugin
QFactoryLoader::QFactoryLoader() looking at "/usr/bin/xtest"
"Failed to extract plugin meta data from '/usr/bin/xtest'" 
         not a plugin
QFactoryLoader::QFactoryLoader() looking at "/usr/bin/Xvfb"
"Failed to extract plugin meta data from '/usr/bin/Xvfb'" 
         not a plugin
QFactoryLoader::QFactoryLoader() looking at "/usr/bin/xvfb-run"
QElfParser: '/usr/bin/xvfb-run' is not an ELF object
"'/usr/bin/xvfb-run' is not an ELF object" 
         not a plugin
QFactoryLoader::QFactoryLoader() looking at "/usr/bin/xvidtune"
"Failed to extract plugin meta data from '/usr/bin/xvidtune'" 
         not a plugin
QFactoryLoader::QFactoryLoader() looking at "/usr/bin/xview"
"Failed to extract plugin meta data from '/usr/bin/xloadimage'" 
         not a plugin
QFactoryLoader::QFactoryLoader() looking at "/usr/bin/xvinfo"
"Failed to extract plugin meta data from '/usr/bin/xvinfo'" 
         not a plugin
QFactoryLoader::QFactoryLoader() looking at "/usr/bin/Xwayland"
"Failed to extract plugin meta data from '/usr/bin/Xwayland'" 
         not a plugin
QFactoryLoader::QFactoryLoader() looking at "/usr/bin/xwd"
"Failed to extract plugin meta data from '/usr/bin/xwd'" 
         not a plugin
QFactoryLoader::QFactoryLoader() looking at "/usr/bin/xwininfo"
"Failed to extract plugin meta data from '/usr/bin/xwininfo'" 
         not a plugin
QFactoryLoader::QFactoryLoader() looking at "/usr/bin/xwud"
"Failed to extract plugin meta data from '/usr/bin/xwud'" 
         not a plugin
QFactoryLoader::QFactoryLoader() looking at "/usr/bin/xxd"
"Failed to extract plugin meta data from '/usr/bin/xxd'" 
         not a plugin
QFactoryLoader::QFactoryLoader() looking at "/usr/bin/xz"
"Failed to extract plugin meta data from '/usr/bin/xz'" 
         not a plugin
QFactoryLoader::QFactoryLoader() looking at "/usr/bin/xzcat"
"Failed to extract plugin meta data from '/usr/bin/xz'" 
         not a plugin
QFactoryLoader::QFactoryLoader() looking at "/usr/bin/xzcmp"
QElfParser: '/usr/bin/xzdiff' is not an ELF object
"'/usr/bin/xzdiff' is not an ELF object" 
         not a plugin
QFactoryLoader::QFactoryLoader() looking at "/usr/bin/xzdiff"
QElfParser: '/usr/bin/xzdiff' is not an ELF object
"'/usr/bin/xzdiff' is not an ELF object" 
         not a plugin
QFactoryLoader::QFactoryLoader() looking at "/usr/bin/xzegrep"
QElfParser: '/usr/bin/xzgrep' is not an ELF object
"'/usr/bin/xzgrep' is not an ELF object" 
         not a plugin
QFactoryLoader::QFactoryLoader() looking at "/usr/bin/xzfgrep"
QElfParser: '/usr/bin/xzgrep' is not an ELF object
"'/usr/bin/xzgrep' is not an ELF object" 
         not a plugin
QFactoryLoader::QFactoryLoader() looking at "/usr/bin/xzgrep"
QElfParser: '/usr/bin/xzgrep' is not an ELF object
"'/usr/bin/xzgrep' is not an ELF object" 
         not a plugin
QFactoryLoader::QFactoryLoader() looking at "/usr/bin/xzless"
QElfParser: '/usr/bin/xzless' is not an ELF object
"'/usr/bin/xzless' is not an ELF object" 
         not a plugin
QFactoryLoader::QFactoryLoader() looking at "/usr/bin/xzmore"
QElfParser: '/usr/bin/xzmore' is not an ELF object
"'/usr/bin/xzmore' is not an ELF object" 
         not a plugin
QFactoryLoader::QFactoryLoader() looking at "/usr/bin/yacc"
QElfParser: '/usr/bin/bison.yacc' is not an ELF object
"'/usr/bin/bison.yacc' is not an ELF object" 
         not a plugin
QFactoryLoader::QFactoryLoader() looking at "/usr/bin/yelp"
"Failed to extract plugin meta data from '/usr/bin/yelp'" 
         not a plugin
QFactoryLoader::QFactoryLoader() looking at "/usr/bin/yes"
"Failed to extract plugin meta data from '/usr/bin/yes'" 
         not a plugin
QFactoryLoader::QFactoryLoader() looking at "/usr/bin/ypdomainname"
"Failed to extract plugin meta data from '/usr/bin/hostname'" 
         not a plugin
QFactoryLoader::QFactoryLoader() looking at "/usr/bin/zcat"
QElfParser: '/usr/bin/zcat' is not an ELF object
"'/usr/bin/zcat' is not an ELF object" 
         not a plugin
QFactoryLoader::QFactoryLoader() looking at "/usr/bin/zcmp"
QElfParser: '/usr/bin/zcmp' is not an ELF object
"'/usr/bin/zcmp' is not an ELF object" 
         not a plugin
QFactoryLoader::QFactoryLoader() looking at "/usr/bin/zdiff"
QElfParser: '/usr/bin/zdiff' is not an ELF object
"'/usr/bin/zdiff' is not an ELF object" 
         not a plugin
QFactoryLoader::QFactoryLoader() looking at "/usr/bin/zdump"
"Failed to extract plugin meta data from '/usr/bin/zdump'" 
         not a plugin
QFactoryLoader::QFactoryLoader() looking at "/usr/bin/zegrep"
QElfParser: '/usr/bin/zegrep' is not an ELF object (file too small)
"'/usr/bin/zegrep' is not an ELF object (file too small)" 
         not a plugin
QFactoryLoader::QFactoryLoader() looking at "/usr/bin/zenity"
"Failed to extract plugin meta data from '/usr/bin/zenity'" 
         not a plugin
QFactoryLoader::QFactoryLoader() looking at "/usr/bin/zfgrep"
QElfParser: '/usr/bin/zfgrep' is not an ELF object (file too small)
"'/usr/bin/zfgrep' is not an ELF object (file too small)" 
         not a plugin
QFactoryLoader::QFactoryLoader() looking at "/usr/bin/zforce"
QElfParser: '/usr/bin/zforce' is not an ELF object
"'/usr/bin/zforce' is not an ELF object" 
         not a plugin
QFactoryLoader::QFactoryLoader() looking at "/usr/bin/zgrep"
QElfParser: '/usr/bin/zgrep' is not an ELF object
"'/usr/bin/zgrep' is not an ELF object" 
         not a plugin
QFactoryLoader::QFactoryLoader() looking at "/usr/bin/zip"
"Failed to extract plugin meta data from '/usr/bin/zip'" 
         not a plugin
QFactoryLoader::QFactoryLoader() looking at "/usr/bin/zipcloak"
"Failed to extract plugin meta data from '/usr/bin/zipcloak'" 
         not a plugin
QFactoryLoader::QFactoryLoader() looking at "/usr/bin/zipdetails"
QElfParser: '/usr/bin/zipdetails' is not an ELF object
"'/usr/bin/zipdetails' is not an ELF object" 
         not a plugin
QFactoryLoader::QFactoryLoader() looking at "/usr/bin/zipgrep"
QElfParser: '/usr/bin/zipgrep' is not an ELF object
"'/usr/bin/zipgrep' is not an ELF object" 
         not a plugin
QFactoryLoader::QFactoryLoader() looking at "/usr/bin/zipinfo"
"Failed to extract plugin meta data from '/usr/bin/zipinfo'" 
         not a plugin
QFactoryLoader::QFactoryLoader() looking at "/usr/bin/zipnote"
"Failed to extract plugin meta data from '/usr/bin/zipnote'" 
         not a plugin
QFactoryLoader::QFactoryLoader() looking at "/usr/bin/zipsplit"
"Failed to extract plugin meta data from '/usr/bin/zipsplit'" 
         not a plugin
QFactoryLoader::QFactoryLoader() looking at "/usr/bin/zless"
QElfParser: '/usr/bin/zless' is not an ELF object
"'/usr/bin/zless' is not an ELF object" 
         not a plugin
QFactoryLoader::QFactoryLoader() looking at "/usr/bin/zmore"
QElfParser: '/usr/bin/zmore' is not an ELF object
"'/usr/bin/zmore' is not an ELF object" 
         not a plugin
QFactoryLoader::QFactoryLoader() looking at "/usr/bin/znew"
QElfParser: '/usr/bin/znew' is not an ELF object
"'/usr/bin/znew' is not an ELF object" 
         not a plugin
QFactoryLoader::QFactoryLoader() checking directory path "/home/aharonijetson1/Desktop/imaan-dev/STIMViewer/venv/lib/python3.8/site-packages/cv2/qt/plugins/platforms" ...
QFactoryLoader::QFactoryLoader() looking at "/home/aharonijetson1/Desktop/imaan-dev/STIMViewer/venv/lib/python3.8/site-packages/cv2/qt/plugins/platforms/libqxcb.so"
Found metadata in lib /home/aharonijetson1/Desktop/imaan-dev/STIMViewer/venv/lib/python3.8/site-packages/cv2/qt/plugins/platforms/libqxcb.so, metadata=
{
    "IID": "org.qt-project.Qt.QPA.QPlatformIntegrationFactoryInterface.5.3",
    "MetaData": {
        "Keys": [
            "xcb"
        ]
    },
    "archreq": 0,
    "className": "QXcbIntegrationPlugin",
    "debug": false,
    "version": 331520
}


In /home/aharonijetson1/Desktop/imaan-dev/STIMViewer/venv/lib/python3.8/site-packages/cv2/qt/plugins/platforms/libqxcb.so:
  Plugin uses incompatible Qt library (5.15.0) [release]
"The plugin '/home/aharonijetson1/Desktop/imaan-dev/STIMViewer/venv/lib/python3.8/site-packages/cv2/qt/plugins/platforms/libqxcb.so' uses incompatible Qt library. (5.15.0) [release]" 
         not a plugin
QFactoryLoader::QFactoryLoader() checking directory path "/usr/lib/aarch64-linux-gnu/qt5/plugins/platforms" ...
QFactoryLoader::QFactoryLoader() looking at "/usr/lib/aarch64-linux-gnu/qt5/plugins/platforms/libqeglfs.so"
Found metadata in lib /usr/lib/aarch64-linux-gnu/qt5/plugins/platforms/libqeglfs.so, metadata=
{
    "IID": "org.qt-project.Qt.QPA.QPlatformIntegrationFactoryInterface.5.3",
    "MetaData": {
        "Keys": [
            "eglfs"
        ]
    },
    "archreq": 0,
    "className": "QEglFSIntegrationPlugin",
    "debug": false,
    "version": 330752
}


Got keys from plugin meta data ("eglfs")
QFactoryLoader::QFactoryLoader() looking at "/usr/lib/aarch64-linux-gnu/qt5/plugins/platforms/libqlinuxfb.so"
Found metadata in lib /usr/lib/aarch64-linux-gnu/qt5/plugins/platforms/libqlinuxfb.so, metadata=
{
    "IID": "org.qt-project.Qt.QPA.QPlatformIntegrationFactoryInterface.5.3",
    "MetaData": {
        "Keys": [
            "linuxfb"
        ]
    },
    "archreq": 0,
    "className": "QLinuxFbIntegrationPlugin",
    "debug": false,
    "version": 330752
}


Got keys from plugin meta data ("linuxfb")
QFactoryLoader::QFactoryLoader() looking at "/usr/lib/aarch64-linux-gnu/qt5/plugins/platforms/libqminimal.so"
Found metadata in lib /usr/lib/aarch64-linux-gnu/qt5/plugins/platforms/libqminimal.so, metadata=
{
    "IID": "org.qt-project.Qt.QPA.QPlatformIntegrationFactoryInterface.5.3",
    "MetaData": {
        "Keys": [
            "minimal"
        ]
    },
    "archreq": 0,
    "className": "QMinimalIntegrationPlugin",
    "debug": false,
    "version": 330752
}


Got keys from plugin meta data ("minimal")
QFactoryLoader::QFactoryLoader() looking at "/usr/lib/aarch64-linux-gnu/qt5/plugins/platforms/libqminimalegl.so"
Found metadata in lib /usr/lib/aarch64-linux-gnu/qt5/plugins/platforms/libqminimalegl.so, metadata=
{
    "IID": "org.qt-project.Qt.QPA.QPlatformIntegrationFactoryInterface.5.3",
    "MetaData": {
        "Keys": [
            "minimalegl"
        ]
    },
    "archreq": 0,
    "className": "QMinimalEglIntegrationPlugin",
    "debug": false,
    "version": 330752
}


Got keys from plugin meta data ("minimalegl")
QFactoryLoader::QFactoryLoader() looking at "/usr/lib/aarch64-linux-gnu/qt5/plugins/platforms/libqoffscreen.so"
Found metadata in lib /usr/lib/aarch64-linux-gnu/qt5/plugins/platforms/libqoffscreen.so, metadata=
{
    "IID": "org.qt-project.Qt.QPA.QPlatformIntegrationFactoryInterface.5.3",
    "MetaData": {
        "Keys": [
            "offscreen"
        ]
    },
    "archreq": 0,
    "className": "QOffscreenIntegrationPlugin",
    "debug": false,
    "version": 330752
}


Got keys from plugin meta data ("offscreen")
QFactoryLoader::QFactoryLoader() looking at "/usr/lib/aarch64-linux-gnu/qt5/plugins/platforms/libqvnc.so"
Found metadata in lib /usr/lib/aarch64-linux-gnu/qt5/plugins/platforms/libqvnc.so, metadata=
{
    "IID": "org.qt-project.Qt.QPA.QPlatformIntegrationFactoryInterface.5.3",
    "MetaData": {
        "Keys": [
            "vnc"
        ]
    },
    "archreq": 0,
    "className": "QVncIntegrationPlugin",
    "debug": false,
    "version": 330752
}


Got keys from plugin meta data ("vnc")
QFactoryLoader::QFactoryLoader() looking at "/usr/lib/aarch64-linux-gnu/qt5/plugins/platforms/libqwayland-egl.so"
Found metadata in lib /usr/lib/aarch64-linux-gnu/qt5/plugins/platforms/libqwayland-egl.so, metadata=
{
    "IID": "org.qt-project.Qt.QPA.QPlatformIntegrationFactoryInterface.5.3",
    "MetaData": {
        "Keys": [
            "wayland-egl"
        ]
    },
    "archreq": 0,
    "className": "QWaylandEglPlatformIntegrationPlugin",
    "debug": false,
    "version": 330752
}


Got keys from plugin meta data ("wayland-egl")
QFactoryLoader::QFactoryLoader() looking at "/usr/lib/aarch64-linux-gnu/qt5/plugins/platforms/libqwayland-generic.so"
Found metadata in lib /usr/lib/aarch64-linux-gnu/qt5/plugins/platforms/libqwayland-generic.so, metadata=
{
    "IID": "org.qt-project.Qt.QPA.QPlatformIntegrationFactoryInterface.5.3",
    "MetaData": {
        "Keys": [
            "wayland"
        ]
    },
    "archreq": 0,
    "className": "QWaylandIntegrationPlugin",
    "debug": false,
    "version": 330752
}


Got keys from plugin meta data ("wayland")
QFactoryLoader::QFactoryLoader() looking at "/usr/lib/aarch64-linux-gnu/qt5/plugins/platforms/libqwayland-xcomposite-egl.so"
Found metadata in lib /usr/lib/aarch64-linux-gnu/qt5/plugins/platforms/libqwayland-xcomposite-egl.so, metadata=
{
    "IID": "org.qt-project.Qt.QPA.QPlatformIntegrationFactoryInterface.5.3",
    "MetaData": {
        "Keys": [
            "wayland-xcomposite-egl"
        ]
    },
    "archreq": 0,
    "className": "QWaylandXCompositeEglPlatformIntegrationPlugin",
    "debug": false,
    "version": 330752
}


Got keys from plugin meta data ("wayland-xcomposite-egl")
QFactoryLoader::QFactoryLoader() looking at "/usr/lib/aarch64-linux-gnu/qt5/plugins/platforms/libqwayland-xcomposite-glx.so"
Found metadata in lib /usr/lib/aarch64-linux-gnu/qt5/plugins/platforms/libqwayland-xcomposite-glx.so, metadata=
{
    "IID": "org.qt-project.Qt.QPA.QPlatformIntegrationFactoryInterface.5.3",
    "MetaData": {
        "Keys": [
            "wayland-xcomposite-glx"
        ]
    },
    "archreq": 0,
    "className": "QWaylandXCompositeGlxPlatformIntegrationPlugin",
    "debug": false,
    "version": 330752
}


Got keys from plugin meta data ("wayland-xcomposite-glx")
QFactoryLoader::QFactoryLoader() looking at "/usr/lib/aarch64-linux-gnu/qt5/plugins/platforms/libqxcb.so"
Found metadata in lib /usr/lib/aarch64-linux-gnu/qt5/plugins/platforms/libqxcb.so, metadata=
{
    "IID": "org.qt-project.Qt.QPA.QPlatformIntegrationFactoryInterface.5.3",
    "MetaData": {
        "Keys": [
            "xcb"
        ]
    },
    "archreq": 0,
    "className": "QXcbIntegrationPlugin",
    "debug": false,
    "version": 330752
}


Got keys from plugin meta data ("xcb")
QFactoryLoader::QFactoryLoader() checking directory path "/usr/bin/platforms" ...
loaded library "/usr/lib/aarch64-linux-gnu/qt5/plugins/platforms/libqxcb.so"
loaded library "Xcursor"
QFactoryLoader::QFactoryLoader() checking directory path "/home/aharonijetson1/Desktop/imaan-dev/STIMViewer/venv/lib/python3.8/site-packages/cv2/qt/plugins" ...
QFactoryLoader::QFactoryLoader() checking directory path "/usr/lib/aarch64-linux-gnu/qt5/plugins" ...
QFactoryLoader::QFactoryLoader() checking directory path "/usr/bin" ...
QFactoryLoader::QFactoryLoader() looking at "/usr/bin/2to3-2.7"
QElfParser: '/usr/bin/2to3-2.7' is not an ELF object
"'/usr/bin/2to3-2.7' is not an ELF object" 
         not a plugin
QFactoryLoader::QFactoryLoader() looking at "/usr/bin/["
"Failed to extract plugin meta data from '/usr/bin/['" 
         not a plugin
QFactoryLoader::QFactoryLoader() looking at "/usr/bin/aa-enabled"
"Failed to extract plugin meta data from '/usr/bin/aa-enabled'" 
         not a plugin
QFactoryLoader::QFactoryLoader() looking at "/usr/bin/aa-exec"
"Failed to extract plugin meta data from '/usr/bin/aa-exec'" 
         not a plugin
QFactoryLoader::QFactoryLoader() looking at "/usr/bin/aarch64-linux-gnu-addr2line"
"Failed to extract plugin meta data from '/usr/bin/aarch64-linux-gnu-addr2line'" 
         not a plugin
QFactoryLoader::QFactoryLoader() looking at "/usr/bin/aarch64-linux-gnu-ar"
"Failed to extract plugin meta data from '/usr/bin/aarch64-linux-gnu-ar'" 
         not a plugin
QFactoryLoader::QFactoryLoader() looking at "/usr/bin/aarch64-linux-gnu-as"
"Failed to extract plugin meta data from '/usr/bin/aarch64-linux-gnu-as'" 
         not a plugin
QFactoryLoader::QFactoryLoader() looking at "/usr/bin/aarch64-linux-gnu-c++filt"
"Failed to extract plugin meta data from '/usr/bin/aarch64-linux-gnu-c++filt'" 
         not a plugin
QFactoryLoader::QFactoryLoader() looking at "/usr/bin/aarch64-linux-gnu-cpp"
"Failed to extract plugin meta data from '/usr/bin/aarch64-linux-gnu-cpp-9'" 
         not a plugin
QFactoryLoader::QFactoryLoader() looking at "/usr/bin/aarch64-linux-gnu-cpp-9"
"Failed to extract plugin meta data from '/usr/bin/aarch64-linux-gnu-cpp-9'" 
         not a plugin
QFactoryLoader::QFactoryLoader() looking at "/usr/bin/aarch64-linux-gnu-dwp"
"Failed to extract plugin meta data from '/usr/bin/aarch64-linux-gnu-dwp'" 
         not a plugin
QFactoryLoader::QFactoryLoader() looking at "/usr/bin/aarch64-linux-gnu-elfedit"
"Failed to extract plugin meta data from '/usr/bin/aarch64-linux-gnu-elfedit'" 
         not a plugin
QFactoryLoader::QFactoryLoader() looking at "/usr/bin/aarch64-linux-gnu-g++"
"Failed to extract plugin meta data from '/usr/bin/aarch64-linux-gnu-g++-9'" 
         not a plugin
QFactoryLoader::QFactoryLoader() looking at "/usr/bin/aarch64-linux-gnu-g++-9"
"Failed to extract plugin meta data from '/usr/bin/aarch64-linux-gnu-g++-9'" 
         not a plugin
QFactoryLoader::QFactoryLoader() looking at "/usr/bin/aarch64-linux-gnu-gcc"
"Failed to extract plugin meta data from '/usr/bin/aarch64-linux-gnu-gcc-9'" 
         not a plugin
QFactoryLoader::QFactoryLoader() looking at "/usr/bin/aarch64-linux-gnu-gcc-9"
"Failed to extract plugin meta data from '/usr/bin/aarch64-linux-gnu-gcc-9'" 
         not a plugin
QFactoryLoader::QFactoryLoader() looking at "/usr/bin/aarch64-linux-gnu-gcc-ar"
"Failed to extract plugin meta data from '/usr/bin/aarch64-linux-gnu-gcc-ar-9'" 
         not a plugin
QFactoryLoader::QFactoryLoader() looking at "/usr/bin/aarch64-linux-gnu-gcc-ar-9"
"Failed to extract plugin meta data from '/usr/bin/aarch64-linux-gnu-gcc-ar-9'" 
         not a plugin
QFactoryLoader::QFactoryLoader() looking at "/usr/bin/aarch64-linux-gnu-gcc-nm"
"Failed to extract plugin meta data from '/usr/bin/aarch64-linux-gnu-gcc-nm-9'" 
         not a plugin
QFactoryLoader::QFactoryLoader() looking at "/usr/bin/aarch64-linux-gnu-gcc-nm-9"
"Failed to extract plugin meta data from '/usr/bin/aarch64-linux-gnu-gcc-nm-9'" 
         not a plugin
QFactoryLoader::QFactoryLoader() looking at "/usr/bin/aarch64-linux-gnu-gcc-ranlib"
"Failed to extract plugin meta data from '/usr/bin/aarch64-linux-gnu-gcc-ranlib-9'" 
         not a plugin
QFactoryLoader::QFactoryLoader() looking at "/usr/bin/aarch64-linux-gnu-gcc-ranlib-9"
"Failed to extract plugin meta data from '/usr/bin/aarch64-linux-gnu-gcc-ranlib-9'" 
         not a plugin
QFactoryLoader::QFactoryLoader() looking at "/usr/bin/aarch64-linux-gnu-gcov"
"Failed to extract plugin meta data from '/usr/bin/aarch64-linux-gnu-gcov-9'" 
         not a plugin
QFactoryLoader::QFactoryLoader() looking at "/usr/bin/aarch64-linux-gnu-gcov-9"
"Failed to extract plugin meta data from '/usr/bin/aarch64-linux-gnu-gcov-9'" 
         not a plugin
QFactoryLoader::QFactoryLoader() looking at "/usr/bin/aarch64-linux-gnu-gcov-dump"
"Failed to extract plugin meta data from '/usr/bin/aarch64-linux-gnu-gcov-dump-9'" 
         not a plugin
QFactoryLoader::QFactoryLoader() looking at "/usr/bin/aarch64-linux-gnu-gcov-dump-9"
"Failed to extract plugin meta data from '/usr/bin/aarch64-linux-gnu-gcov-dump-9'" 
         not a plugin
QFactoryLoader::QFactoryLoader() looking at "/usr/bin/aarch64-linux-gnu-gcov-tool"
"Failed to extract plugin meta data from '/usr/bin/aarch64-linux-gnu-gcov-tool-9'" 
         not a plugin
QFactoryLoader::QFactoryLoader() looking at "/usr/bin/aarch64-linux-gnu-gcov-tool-9"
"Failed to extract plugin meta data from '/usr/bin/aarch64-linux-gnu-gcov-tool-9'" 
         not a plugin
QFactoryLoader::QFactoryLoader() looking at "/usr/bin/aarch64-linux-gnu-gfortran"
"Failed to extract plugin meta data from '/usr/bin/aarch64-linux-gnu-gfortran-9'" 
         not a plugin
QFactoryLoader::QFactoryLoader() looking at "/usr/bin/aarch64-linux-gnu-gfortran-9"
"Failed to extract plugin meta data from '/usr/bin/aarch64-linux-gnu-gfortran-9'" 
         not a plugin
QFactoryLoader::QFactoryLoader() looking at "/usr/bin/aarch64-linux-gnu-gold"
"Failed to extract plugin meta data from '/usr/bin/aarch64-linux-gnu-ld.gold'" 
         not a plugin
QFactoryLoader::QFactoryLoader() looking at "/usr/bin/aarch64-linux-gnu-gprof"
"Failed to extract plugin meta data from '/usr/bin/aarch64-linux-gnu-gprof'" 
         not a plugin
QFactoryLoader::QFactoryLoader() looking at "/usr/bin/aarch64-linux-gnu-ld"
"Failed to extract plugin meta data from '/usr/bin/aarch64-linux-gnu-ld.bfd'" 
         not a plugin
QFactoryLoader::QFactoryLoader() looking at "/usr/bin/aarch64-linux-gnu-ld.bfd"
"Failed to extract plugin meta data from '/usr/bin/aarch64-linux-gnu-ld.bfd'" 
         not a plugin
QFactoryLoader::QFactoryLoader() looking at "/usr/bin/aarch64-linux-gnu-ld.gold"
"Failed to extract plugin meta data from '/usr/bin/aarch64-linux-gnu-ld.gold'" 
         not a plugin
QFactoryLoader::QFactoryLoader() looking at "/usr/bin/aarch64-linux-gnu-nm"
"Failed to extract plugin meta data from '/usr/bin/aarch64-linux-gnu-nm'" 
         not a plugin
QFactoryLoader::QFactoryLoader() looking at "/usr/bin/aarch64-linux-gnu-objcopy"
"Failed to extract plugin meta data from '/usr/bin/aarch64-linux-gnu-objcopy'" 
         not a plugin
QFactoryLoader::QFactoryLoader() looking at "/usr/bin/aarch64-linux-gnu-objdump"
"Failed to extract plugin meta data from '/usr/bin/aarch64-linux-gnu-objdump'" 
         not a plugin
QFactoryLoader::QFactoryLoader() looking at "/usr/bin/aarch64-linux-gnu-pkg-config"
QElfParser: '/usr/share/pkg-config-crosswrapper' is not an ELF object
"'/usr/share/pkg-config-crosswrapper' is not an ELF object" 
         not a plugin
QFactoryLoader::QFactoryLoader() looking at "/usr/bin/aarch64-linux-gnu-python3-config"
QElfParser: '/usr/bin/aarch64-linux-gnu-python3.8-config' is not an ELF object
"'/usr/bin/aarch64-linux-gnu-python3.8-config' is not an ELF object" 
         not a plugin
QFactoryLoader::QFactoryLoader() looking at "/usr/bin/aarch64-linux-gnu-python3.8-config"
QElfParser: '/usr/bin/aarch64-linux-gnu-python3.8-config' is not an ELF object
"'/usr/bin/aarch64-linux-gnu-python3.8-config' is not an ELF object" 
         not a plugin
QFactoryLoader::QFactoryLoader() looking at "/usr/bin/aarch64-linux-gnu-qmake"
QElfParser: '/usr/bin/aarch64-linux-gnu-qmake' is not an ELF object
"'/usr/bin/aarch64-linux-gnu-qmake' is not an ELF object" 
         not a plugin
QFactoryLoader::QFactoryLoader() looking at "/usr/bin/aarch64-linux-gnu-ranlib"
"Failed to extract plugin meta data from '/usr/bin/aarch64-linux-gnu-ranlib'" 
         not a plugin
QFactoryLoader::QFactoryLoader() looking at "/usr/bin/aarch64-linux-gnu-readelf"
"Failed to extract plugin meta data from '/usr/bin/aarch64-linux-gnu-readelf'" 
         not a plugin
QFactoryLoader::QFactoryLoader() looking at "/usr/bin/aarch64-linux-gnu-run"
"Failed to extract plugin meta data from '/usr/bin/aarch64-linux-gnu-run'" 
         not a plugin
QFactoryLoader::QFactoryLoader() looking at "/usr/bin/aarch64-linux-gnu-size"
"Failed to extract plugin meta data from '/usr/bin/aarch64-linux-gnu-size'" 
         not a plugin
QFactoryLoader::QFactoryLoader() looking at "/usr/bin/aarch64-linux-gnu-strings"
"Failed to extract plugin meta data from '/usr/bin/aarch64-linux-gnu-strings'" 
         not a plugin
QFactoryLoader::QFactoryLoader() looking at "/usr/bin/aarch64-linux-gnu-strip"
"Failed to extract plugin meta data from '/usr/bin/aarch64-linux-gnu-strip'" 
         not a plugin
QFactoryLoader::QFactoryLoader() looking at "/usr/bin/aarch64-unknown-linux-gnu-pkg-config"
"Failed to extract plugin meta data from '/usr/bin/aarch64-unknown-linux-gnu-pkg-config'" 
         not a plugin
QFactoryLoader::QFactoryLoader() looking at "/usr/bin/aclocal"
QElfParser: '/usr/bin/aclocal-1.16' is not an ELF object
"'/usr/bin/aclocal-1.16' is not an ELF object" 
         not a plugin
QFactoryLoader::QFactoryLoader() looking at "/usr/bin/aclocal-1.16"
QElfParser: '/usr/bin/aclocal-1.16' is not an ELF object
"'/usr/bin/aclocal-1.16' is not an ELF object" 
         not a plugin
QFactoryLoader::QFactoryLoader() looking at "/usr/bin/aconnect"
"Failed to extract plugin meta data from '/usr/bin/aconnect'" 
         not a plugin
QFactoryLoader::QFactoryLoader() looking at "/usr/bin/add-apt-repository"
QElfParser: '/usr/bin/add-apt-repository' is not an ELF object
"'/usr/bin/add-apt-repository' is not an ELF object" 
         not a plugin
QFactoryLoader::QFactoryLoader() looking at "/usr/bin/addpart"
"Failed to extract plugin meta data from '/usr/bin/addpart'" 
         not a plugin
QFactoryLoader::QFactoryLoader() looking at "/usr/bin/addr2line"
"Failed to extract plugin meta data from '/usr/bin/aarch64-linux-gnu-addr2line'" 
         not a plugin
QFactoryLoader::QFactoryLoader() looking at "/usr/bin/alsabat"
"Failed to extract plugin meta data from '/usr/bin/alsabat'" 
         not a plugin
QFactoryLoader::QFactoryLoader() looking at "/usr/bin/alsaloop"
"Failed to extract plugin meta data from '/usr/bin/alsaloop'" 
         not a plugin
QFactoryLoader::QFactoryLoader() looking at "/usr/bin/alsamixer"
"Failed to extract plugin meta data from '/usr/bin/alsamixer'" 
         not a plugin
QFactoryLoader::QFactoryLoader() looking at "/usr/bin/alsatplg"
"Failed to extract plugin meta data from '/usr/bin/alsatplg'" 
         not a plugin
QFactoryLoader::QFactoryLoader() looking at "/usr/bin/alsaucm"
"Failed to extract plugin meta data from '/usr/bin/alsaucm'" 
         not a plugin
QFactoryLoader::QFactoryLoader() looking at "/usr/bin/amidi"
"Failed to extract plugin meta data from '/usr/bin/amidi'" 
         not a plugin
QFactoryLoader::QFactoryLoader() looking at "/usr/bin/amixer"
"Failed to extract plugin meta data from '/usr/bin/amixer'" 
         not a plugin
QFactoryLoader::QFactoryLoader() looking at "/usr/bin/apg"
QElfParser: '/usr/bin/apg' is not an ELF object
"'/usr/bin/apg' is not an ELF object" 
         not a plugin
QFactoryLoader::QFactoryLoader() looking at "/usr/bin/apgbfm"
"Failed to extract plugin meta data from '/usr/bin/apgbfm'" 
         not a plugin
QFactoryLoader::QFactoryLoader() looking at "/usr/bin/aplay"
"Failed to extract plugin meta data from '/usr/bin/aplay'" 
         not a plugin
QFactoryLoader::QFactoryLoader() looking at "/usr/bin/aplaymidi"
"Failed to extract plugin meta data from '/usr/bin/aplaymidi'" 
         not a plugin
QFactoryLoader::QFactoryLoader() looking at "/usr/bin/apport-bug"
QElfParser: '/usr/bin/apport-bug' is not an ELF object
"'/usr/bin/apport-bug' is not an ELF object" 
         not a plugin
QFactoryLoader::QFactoryLoader() looking at "/usr/bin/apport-cli"
QElfParser: '/usr/bin/apport-cli' is not an ELF object
"'/usr/bin/apport-cli' is not an ELF object" 
         not a plugin
QFactoryLoader::QFactoryLoader() looking at "/usr/bin/apport-collect"
QElfParser: '/usr/bin/apport-bug' is not an ELF object
"'/usr/bin/apport-bug' is not an ELF object" 
         not a plugin
QFactoryLoader::QFactoryLoader() looking at "/usr/bin/apport-unpack"
QElfParser: '/usr/bin/apport-unpack' is not an ELF object
"'/usr/bin/apport-unpack' is not an ELF object" 
         not a plugin
QFactoryLoader::QFactoryLoader() looking at "/usr/bin/appres"
"Failed to extract plugin meta data from '/usr/bin/appres'" 
         not a plugin
QFactoryLoader::QFactoryLoader() looking at "/usr/bin/appstreamcli"
"Failed to extract plugin meta data from '/usr/bin/appstreamcli'" 
         not a plugin
QFactoryLoader::QFactoryLoader() looking at "/usr/bin/apropos"
"Failed to extract plugin meta data from '/usr/bin/whatis'" 
         not a plugin
QFactoryLoader::QFactoryLoader() looking at "/usr/bin/apt"
"Failed to extract plugin meta data from '/usr/bin/apt'" 
         not a plugin
QFactoryLoader::QFactoryLoader() looking at "/usr/bin/apt-add-repository"
QElfParser: '/usr/bin/add-apt-repository' is not an ELF object
"'/usr/bin/add-apt-repository' is not an ELF object" 
         not a plugin
QFactoryLoader::QFactoryLoader() looking at "/usr/bin/apt-cache"
"Failed to extract plugin meta data from '/usr/bin/apt-cache'" 
         not a plugin
QFactoryLoader::QFactoryLoader() looking at "/usr/bin/apt-cdrom"
"Failed to extract plugin meta data from '/usr/bin/apt-cdrom'" 
         not a plugin
QFactoryLoader::QFactoryLoader() looking at "/usr/bin/apt-config"
"Failed to extract plugin meta data from '/usr/bin/apt-config'" 
         not a plugin
QFactoryLoader::QFactoryLoader() looking at "/usr/bin/apt-extracttemplates"
"Failed to extract plugin meta data from '/usr/bin/apt-extracttemplates'" 
         not a plugin
QFactoryLoader::QFactoryLoader() looking at "/usr/bin/apt-ftparchive"
"Failed to extract plugin meta data from '/usr/bin/apt-ftparchive'" 
         not a plugin
QFactoryLoader::QFactoryLoader() looking at "/usr/bin/apt-get"
"Failed to extract plugin meta data from '/usr/bin/apt-get'" 
         not a plugin
QFactoryLoader::QFactoryLoader() looking at "/usr/bin/apt-key"
QElfParser: '/usr/bin/apt-key' is not an ELF object
"'/usr/bin/apt-key' is not an ELF object" 
         not a plugin
QFactoryLoader::QFactoryLoader() looking at "/usr/bin/apt-mark"
"Failed to extract plugin meta data from '/usr/bin/apt-mark'" 
         not a plugin
QFactoryLoader::QFactoryLoader() looking at "/usr/bin/apt-sortpkgs"
"Failed to extract plugin meta data from '/usr/bin/apt-sortpkgs'" 
         not a plugin
QFactoryLoader::QFactoryLoader() looking at "/usr/bin/aptdcon"
QElfParser: '/usr/bin/aptdcon' is not an ELF object
"'/usr/bin/aptdcon' is not an ELF object" 
         not a plugin
QFactoryLoader::QFactoryLoader() looking at "/usr/bin/apturl"
QElfParser: '/usr/bin/apturl' is not an ELF object
"'/usr/bin/apturl' is not an ELF object" 
         not a plugin
QFactoryLoader::QFactoryLoader() looking at "/usr/bin/apturl-gtk"
QElfParser: '/usr/bin/apturl-gtk' is not an ELF object
"'/usr/bin/apturl-gtk' is not an ELF object" 
         not a plugin
QFactoryLoader::QFactoryLoader() looking at "/usr/bin/ar"
"Failed to extract plugin meta data from '/usr/bin/aarch64-linux-gnu-ar'" 
         not a plugin
QFactoryLoader::QFactoryLoader() looking at "/usr/bin/arch"
"Failed to extract plugin meta data from '/usr/bin/arch'" 
         not a plugin
QFactoryLoader::QFactoryLoader() looking at "/usr/bin/arecord"
"Failed to extract plugin meta data from '/usr/bin/aplay'" 
         not a plugin
QFactoryLoader::QFactoryLoader() looking at "/usr/bin/arecordmidi"
"Failed to extract plugin meta data from '/usr/bin/arecordmidi'" 
         not a plugin
QFactoryLoader::QFactoryLoader() looking at "/usr/bin/as"
"Failed to extract plugin meta data from '/usr/bin/aarch64-linux-gnu-as'" 
         not a plugin
QFactoryLoader::QFactoryLoader() looking at "/usr/bin/asc2log"
"Failed to extract plugin meta data from '/usr/bin/asc2log'" 
         not a plugin
QFactoryLoader::QFactoryLoader() looking at "/usr/bin/aseqdump"
"Failed to extract plugin meta data from '/usr/bin/aseqdump'" 
         not a plugin
QFactoryLoader::QFactoryLoader() looking at "/usr/bin/aseqnet"
"Failed to extract plugin meta data from '/usr/bin/aseqnet'" 
         not a plugin
QFactoryLoader::QFactoryLoader() looking at "/usr/bin/aspell"
"Failed to extract plugin meta data from '/usr/bin/aspell'" 
         not a plugin
QFactoryLoader::QFactoryLoader() looking at "/usr/bin/aspell-import"
QElfParser: '/usr/bin/aspell-import' is not an ELF object
"'/usr/bin/aspell-import' is not an ELF object" 
         not a plugin
QFactoryLoader::QFactoryLoader() looking at "/usr/bin/assistant"
"Failed to extract plugin meta data from '/usr/bin/qtchooser'" 
         not a plugin
QFactoryLoader::QFactoryLoader() looking at "/usr/bin/atobm"
"Failed to extract plugin meta data from '/usr/bin/atobm'" 
         not a plugin
QFactoryLoader::QFactoryLoader() looking at "/usr/bin/autoconf"
QElfParser: '/usr/bin/autoconf' is not an ELF object
"'/usr/bin/autoconf' is not an ELF object" 
         not a plugin
QFactoryLoader::QFactoryLoader() looking at "/usr/bin/autoheader"
QElfParser: '/usr/bin/autoheader' is not an ELF object
"'/usr/bin/autoheader' is not an ELF object" 
         not a plugin
QFactoryLoader::QFactoryLoader() looking at "/usr/bin/autom4te"
QElfParser: '/usr/bin/autom4te' is not an ELF object
"'/usr/bin/autom4te' is not an ELF object" 
         not a plugin
QFactoryLoader::QFactoryLoader() looking at "/usr/bin/automake"
QElfParser: '/usr/bin/automake-1.16' is not an ELF object
"'/usr/bin/automake-1.16' is not an ELF object" 
         not a plugin
QFactoryLoader::QFactoryLoader() looking at "/usr/bin/automake-1.16"
QElfParser: '/usr/bin/automake-1.16' is not an ELF object
"'/usr/bin/automake-1.16' is not an ELF object" 
         not a plugin
QFactoryLoader::QFactoryLoader() looking at "/usr/bin/autoreconf"
QElfParser: '/usr/bin/autoreconf' is not an ELF object
"'/usr/bin/autoreconf' is not an ELF object" 
         not a plugin
QFactoryLoader::QFactoryLoader() looking at "/usr/bin/autoscan"
QElfParser: '/usr/bin/autoscan' is not an ELF object
"'/usr/bin/autoscan' is not an ELF object" 
         not a plugin
QFactoryLoader::QFactoryLoader() looking at "/usr/bin/autoupdate"
QElfParser: '/usr/bin/autoupdate' is not an ELF object
"'/usr/bin/autoupdate' is not an ELF object" 
         not a plugin
QFactoryLoader::QFactoryLoader() looking at "/usr/bin/avahi-browse"
"Failed to extract plugin meta data from '/usr/bin/avahi-browse'" 
         not a plugin
QFactoryLoader::QFactoryLoader() looking at "/usr/bin/avahi-browse-domains"
"Failed to extract plugin meta data from '/usr/bin/avahi-browse'" 
         not a plugin
QFactoryLoader::QFactoryLoader() looking at "/usr/bin/avahi-publish"
"Failed to extract plugin meta data from '/usr/bin/avahi-publish'" 
         not a plugin
QFactoryLoader::QFactoryLoader() looking at "/usr/bin/avahi-publish-address"
"Failed to extract plugin meta data from '/usr/bin/avahi-publish'" 
         not a plugin
QFactoryLoader::QFactoryLoader() looking at "/usr/bin/avahi-publish-service"
"Failed to extract plugin meta data from '/usr/bin/avahi-publish'" 
         not a plugin
QFactoryLoader::QFactoryLoader() looking at "/usr/bin/avahi-resolve"
"Failed to extract plugin meta data from '/usr/bin/avahi-resolve'" 
         not a plugin
QFactoryLoader::QFactoryLoader() looking at "/usr/bin/avahi-resolve-address"
"Failed to extract plugin meta data from '/usr/bin/avahi-resolve'" 
         not a plugin
QFactoryLoader::QFactoryLoader() looking at "/usr/bin/avahi-resolve-host-name"
"Failed to extract plugin meta data from '/usr/bin/avahi-resolve'" 
         not a plugin
QFactoryLoader::QFactoryLoader() looking at "/usr/bin/avahi-set-host-name"
"Failed to extract plugin meta data from '/usr/bin/avahi-set-host-name'" 
         not a plugin
QFactoryLoader::QFactoryLoader() looking at "/usr/bin/awk"
"Failed to extract plugin meta data from '/usr/bin/mawk'" 
         not a plugin
QFactoryLoader::QFactoryLoader() looking at "/usr/bin/axfer"
"Failed to extract plugin meta data from '/usr/bin/axfer'" 
         not a plugin
QFactoryLoader::QFactoryLoader() looking at "/usr/bin/b2sum"
"Failed to extract plugin meta data from '/usr/bin/b2sum'" 
         not a plugin
QFactoryLoader::QFactoryLoader() looking at "/usr/bin/baobab"
"Failed to extract plugin meta data from '/usr/bin/baobab'" 
         not a plugin
QFactoryLoader::QFactoryLoader() looking at "/usr/bin/base32"
"Failed to extract plugin meta data from '/usr/bin/base32'" 
         not a plugin
QFactoryLoader::QFactoryLoader() looking at "/usr/bin/base64"
"Failed to extract plugin meta data from '/usr/bin/base64'" 
         not a plugin
QFactoryLoader::QFactoryLoader() looking at "/usr/bin/basename"
"Failed to extract plugin meta data from '/usr/bin/basename'" 
         not a plugin
QFactoryLoader::QFactoryLoader() looking at "/usr/bin/bash"
"Failed to extract plugin meta data from '/usr/bin/bash'" 
         not a plugin
QFactoryLoader::QFactoryLoader() looking at "/usr/bin/bashbug"
QElfParser: '/usr/bin/bashbug' is not an ELF object
"'/usr/bin/bashbug' is not an ELF object" 
         not a plugin
QFactoryLoader::QFactoryLoader() looking at "/usr/bin/bc"
"Failed to extract plugin meta data from '/usr/bin/bc'" 
         not a plugin
QFactoryLoader::QFactoryLoader() looking at "/usr/bin/bccmd"
"Failed to extract plugin meta data from '/usr/bin/bccmd'" 
         not a plugin
QFactoryLoader::QFactoryLoader() looking at "/usr/bin/bcmserver"
"Failed to extract plugin meta data from '/usr/bin/bcmserver'" 
         not a plugin
QFactoryLoader::QFactoryLoader() looking at "/usr/bin/bdftopcf"
"Failed to extract plugin meta data from '/usr/bin/bdftopcf'" 
         not a plugin
QFactoryLoader::QFactoryLoader() looking at "/usr/bin/bdftruncate"
"Failed to extract plugin meta data from '/usr/bin/bdftruncate'" 
         not a plugin
QFactoryLoader::QFactoryLoader() looking at "/usr/bin/bison"
"Failed to extract plugin meta data from '/usr/bin/bison'" 
         not a plugin
QFactoryLoader::QFactoryLoader() looking at "/usr/bin/bison.yacc"
QElfParser: '/usr/bin/bison.yacc' is not an ELF object
"'/usr/bin/bison.yacc' is not an ELF object" 
         not a plugin
QFactoryLoader::QFactoryLoader() looking at "/usr/bin/bitmap"
"Failed to extract plugin meta data from '/usr/bin/bitmap'" 
         not a plugin
QFactoryLoader::QFactoryLoader() looking at "/usr/bin/bluemoon"
"Failed to extract plugin meta data from '/usr/bin/bluemoon'" 
         not a plugin
QFactoryLoader::QFactoryLoader() looking at "/usr/bin/bluetooth-sendto"
"Failed to extract plugin meta data from '/usr/bin/bluetooth-sendto'" 
         not a plugin
QFactoryLoader::QFactoryLoader() looking at "/usr/bin/bluetoothctl"
"Failed to extract plugin meta data from '/usr/bin/bluetoothctl'" 
         not a plugin
QFactoryLoader::QFactoryLoader() looking at "/usr/bin/bmtoa"
"Failed to extract plugin meta data from '/usr/bin/bmtoa'" 
         not a plugin
QFactoryLoader::QFactoryLoader() looking at "/usr/bin/boltctl"
"Failed to extract plugin meta data from '/usr/bin/boltctl'" 
         not a plugin
QFactoryLoader::QFactoryLoader() looking at "/usr/bin/bootctl"
"Failed to extract plugin meta data from '/usr/bin/bootctl'" 
         not a plugin
QFactoryLoader::QFactoryLoader() looking at "/usr/bin/brltty"
"Failed to extract plugin meta data from '/usr/bin/brltty'" 
         not a plugin
QFactoryLoader::QFactoryLoader() looking at "/usr/bin/brltty-ctb"
"Failed to extract plugin meta data from '/usr/bin/brltty-ctb'" 
         not a plugin
QFactoryLoader::QFactoryLoader() looking at "/usr/bin/brltty-trtxt"
"Failed to extract plugin meta data from '/usr/bin/brltty-trtxt'" 
         not a plugin
QFactoryLoader::QFactoryLoader() looking at "/usr/bin/brltty-ttb"
"Failed to extract plugin meta data from '/usr/bin/brltty-ttb'" 
         not a plugin
QFactoryLoader::QFactoryLoader() looking at "/usr/bin/browse"
QElfParser: '/usr/bin/xdg-open' is not an ELF object
"'/usr/bin/xdg-open' is not an ELF object" 
         not a plugin
QFactoryLoader::QFactoryLoader() looking at "/usr/bin/bsd-from"
"Failed to extract plugin meta data from '/usr/bin/bsd-from'" 
         not a plugin
QFactoryLoader::QFactoryLoader() looking at "/usr/bin/bsd-write"
"Failed to extract plugin meta data from '/usr/bin/bsd-write'" 
         not a plugin
QFactoryLoader::QFactoryLoader() looking at "/usr/bin/btattach"
"Failed to extract plugin meta data from '/usr/bin/btattach'" 
         not a plugin
QFactoryLoader::QFactoryLoader() looking at "/usr/bin/btmgmt"
"Failed to extract plugin meta data from '/usr/bin/btmgmt'" 
         not a plugin
QFactoryLoader::QFactoryLoader() looking at "/usr/bin/btmon"
"Failed to extract plugin meta data from '/usr/bin/btmon'" 
         not a plugin
QFactoryLoader::QFactoryLoader() looking at "/usr/bin/bunzip2"
"Failed to extract plugin meta data from '/usr/bin/bunzip2'" 
         not a plugin
QFactoryLoader::QFactoryLoader() looking at "/usr/bin/busctl"
"Failed to extract plugin meta data from '/usr/bin/busctl'" 
         not a plugin
QFactoryLoader::QFactoryLoader() looking at "/usr/bin/busybox"
"Failed to extract plugin meta data from '/usr/bin/busybox'" 
         not a plugin
QFactoryLoader::QFactoryLoader() looking at "/usr/bin/bwrap"
"Failed to extract plugin meta data from '/usr/bin/bwrap'" 
         not a plugin
QFactoryLoader::QFactoryLoader() looking at "/usr/bin/bzcat"
"Failed to extract plugin meta data from '/usr/bin/bzcat'" 
         not a plugin
QFactoryLoader::QFactoryLoader() looking at "/usr/bin/bzcmp"
QElfParser: '/usr/bin/bzdiff' is not an ELF object
"'/usr/bin/bzdiff' is not an ELF object" 
         not a plugin
QFactoryLoader::QFactoryLoader() looking at "/usr/bin/bzdiff"
QElfParser: '/usr/bin/bzdiff' is not an ELF object
"'/usr/bin/bzdiff' is not an ELF object" 
         not a plugin
QFactoryLoader::QFactoryLoader() looking at "/usr/bin/bzegrep"
QElfParser: '/usr/bin/bzgrep' is not an ELF object
"'/usr/bin/bzgrep' is not an ELF object" 
         not a plugin
QFactoryLoader::QFactoryLoader() looking at "/usr/bin/bzexe"
QElfParser: '/usr/bin/bzexe' is not an ELF object
"'/usr/bin/bzexe' is not an ELF object" 
         not a plugin
QFactoryLoader::QFactoryLoader() looking at "/usr/bin/bzfgrep"
QElfParser: '/usr/bin/bzgrep' is not an ELF object
"'/usr/bin/bzgrep' is not an ELF object" 
         not a plugin
QFactoryLoader::QFactoryLoader() looking at "/usr/bin/bzgrep"
QElfParser: '/usr/bin/bzgrep' is not an ELF object
"'/usr/bin/bzgrep' is not an ELF object" 
         not a plugin
QFactoryLoader::QFactoryLoader() looking at "/usr/bin/bzip2"
"Failed to extract plugin meta data from '/usr/bin/bzip2'" 
         not a plugin
QFactoryLoader::QFactoryLoader() looking at "/usr/bin/bzip2recover"
"Failed to extract plugin meta data from '/usr/bin/bzip2recover'" 
         not a plugin
QFactoryLoader::QFactoryLoader() looking at "/usr/bin/bzless"
QElfParser: '/usr/bin/bzmore' is not an ELF object
"'/usr/bin/bzmore' is not an ELF object" 
         not a plugin
QFactoryLoader::QFactoryLoader() looking at "/usr/bin/bzmore"
QElfParser: '/usr/bin/bzmore' is not an ELF object
"'/usr/bin/bzmore' is not an ELF object" 
         not a plugin
QFactoryLoader::QFactoryLoader() looking at "/usr/bin/c++"
"Failed to extract plugin meta data from '/usr/bin/aarch64-linux-gnu-g++-9'" 
         not a plugin
QFactoryLoader::QFactoryLoader() looking at "/usr/bin/c++filt"
"Failed to extract plugin meta data from '/usr/bin/aarch64-linux-gnu-c++filt'" 
         not a plugin
QFactoryLoader::QFactoryLoader() looking at "/usr/bin/c89"
QElfParser: '/usr/bin/c89-gcc' is not an ELF object
"'/usr/bin/c89-gcc' is not an ELF object" 
         not a plugin
QFactoryLoader::QFactoryLoader() looking at "/usr/bin/c89-gcc"
QElfParser: '/usr/bin/c89-gcc' is not an ELF object
"'/usr/bin/c89-gcc' is not an ELF object" 
         not a plugin
QFactoryLoader::QFactoryLoader() looking at "/usr/bin/c99"
QElfParser: '/usr/bin/c99-gcc' is not an ELF object
"'/usr/bin/c99-gcc' is not an ELF object" 
         not a plugin
QFactoryLoader::QFactoryLoader() looking at "/usr/bin/c99-gcc"
QElfParser: '/usr/bin/c99-gcc' is not an ELF object
"'/usr/bin/c99-gcc' is not an ELF object" 
         not a plugin
QFactoryLoader::QFactoryLoader() looking at "/usr/bin/c_rehash"
QElfParser: '/usr/bin/c_rehash' is not an ELF object
"'/usr/bin/c_rehash' is not an ELF object" 
         not a plugin
QFactoryLoader::QFactoryLoader() looking at "/usr/bin/cal"
"Failed to extract plugin meta data from '/usr/bin/ncal'" 
         not a plugin
QFactoryLoader::QFactoryLoader() looking at "/usr/bin/calendar"
"Failed to extract plugin meta data from '/usr/bin/calendar'" 
         not a plugin
QFactoryLoader::QFactoryLoader() looking at "/usr/bin/calibrate_ppa"
"Failed to extract plugin meta data from '/usr/bin/calibrate_ppa'" 
         not a plugin
QFactoryLoader::QFactoryLoader() looking at "/usr/bin/can-calc-bit-timing"
"Failed to extract plugin meta data from '/usr/bin/can-calc-bit-timing'" 
         not a plugin
QFactoryLoader::QFactoryLoader() looking at "/usr/bin/canberra-gtk-play"
"Failed to extract plugin meta data from '/usr/bin/canberra-gtk-play'" 
         not a plugin
QFactoryLoader::QFactoryLoader() looking at "/usr/bin/canbusload"
"Failed to extract plugin meta data from '/usr/bin/canbusload'" 
         not a plugin
QFactoryLoader::QFactoryLoader() looking at "/usr/bin/candump"
"Failed to extract plugin meta data from '/usr/bin/candump'" 
         not a plugin
QFactoryLoader::QFactoryLoader() looking at "/usr/bin/canfdtest"
"Failed to extract plugin meta data from '/usr/bin/canfdtest'" 
         not a plugin
QFactoryLoader::QFactoryLoader() looking at "/usr/bin/cangen"
"Failed to extract plugin meta data from '/usr/bin/cangen'" 
         not a plugin
QFactoryLoader::QFactoryLoader() looking at "/usr/bin/cangw"
"Failed to extract plugin meta data from '/usr/bin/cangw'" 
         not a plugin
QFactoryLoader::QFactoryLoader() looking at "/usr/bin/canlogserver"
"Failed to extract plugin meta data from '/usr/bin/canlogserver'" 
         not a plugin
QFactoryLoader::QFactoryLoader() looking at "/usr/bin/canplayer"
"Failed to extract plugin meta data from '/usr/bin/canplayer'" 
         not a plugin
QFactoryLoader::QFactoryLoader() looking at "/usr/bin/cansend"
"Failed to extract plugin meta data from '/usr/bin/cansend'" 
         not a plugin
QFactoryLoader::QFactoryLoader() looking at "/usr/bin/cansniffer"
"Failed to extract plugin meta data from '/usr/bin/cansniffer'" 
         not a plugin
QFactoryLoader::QFactoryLoader() looking at "/usr/bin/captoinfo"
"Failed to extract plugin meta data from '/usr/bin/tic'" 
         not a plugin
QFactoryLoader::QFactoryLoader() looking at "/usr/bin/cat"
"Failed to extract plugin meta data from '/usr/bin/cat'" 
         not a plugin
QFactoryLoader::QFactoryLoader() looking at "/usr/bin/catchsegv"
QElfParser: '/usr/bin/catchsegv' is not an ELF object
"'/usr/bin/catchsegv' is not an ELF object" 
         not a plugin
QFactoryLoader::QFactoryLoader() looking at "/usr/bin/catman"
"Failed to extract plugin meta data from '/usr/bin/catman'" 
         not a plugin
QFactoryLoader::QFactoryLoader() looking at "/usr/bin/cautious-launcher"
QElfParser: '/usr/bin/cautious-launcher' is not an ELF object
"'/usr/bin/cautious-launcher' is not an ELF object" 
         not a plugin
QFactoryLoader::QFactoryLoader() looking at "/usr/bin/cc"
"Failed to extract plugin meta data from '/usr/bin/aarch64-linux-gnu-gcc-9'" 
         not a plugin
QFactoryLoader::QFactoryLoader() looking at "/usr/bin/cct"
"Failed to extract plugin meta data from '/usr/bin/cct'" 
         not a plugin
QFactoryLoader::QFactoryLoader() looking at "/usr/bin/cd-create-profile"
"Failed to extract plugin meta data from '/usr/bin/cd-create-profile'" 
         not a plugin
QFactoryLoader::QFactoryLoader() looking at "/usr/bin/cd-fix-profile"
"Failed to extract plugin meta data from '/usr/bin/cd-fix-profile'" 
         not a plugin
QFactoryLoader::QFactoryLoader() looking at "/usr/bin/cd-iccdump"
"Failed to extract plugin meta data from '/usr/bin/cd-iccdump'" 
         not a plugin
QFactoryLoader::QFactoryLoader() looking at "/usr/bin/cd-it8"
"Failed to extract plugin meta data from '/usr/bin/cd-it8'" 
         not a plugin
QFactoryLoader::QFactoryLoader() looking at "/usr/bin/cert-sync"
QElfParser: '/usr/bin/cert-sync' is not an ELF object
"'/usr/bin/cert-sync' is not an ELF object" 
         not a plugin
QFactoryLoader::QFactoryLoader() looking at "/usr/bin/chacl"
"Failed to extract plugin meta data from '/usr/bin/chacl'" 
         not a plugin
QFactoryLoader::QFactoryLoader() looking at "/usr/bin/chage"
"Failed to extract plugin meta data from '/usr/bin/chage'" 
         not a plugin
QFactoryLoader::QFactoryLoader() looking at "/usr/bin/chardet3"
QElfParser: '/usr/bin/chardetect3' is not an ELF object
"'/usr/bin/chardetect3' is not an ELF object" 
         not a plugin
QFactoryLoader::QFactoryLoader() looking at "/usr/bin/chardetect3"
QElfParser: '/usr/bin/chardetect3' is not an ELF object
"'/usr/bin/chardetect3' is not an ELF object" 
         not a plugin
QFactoryLoader::QFactoryLoader() looking at "/usr/bin/chattr"
"Failed to extract plugin meta data from '/usr/bin/chattr'" 
         not a plugin
QFactoryLoader::QFactoryLoader() looking at "/usr/bin/chcon"
"Failed to extract plugin meta data from '/usr/bin/chcon'" 
         not a plugin
QFactoryLoader::QFactoryLoader() looking at "/usr/bin/check-language-support"
QElfParser: '/usr/bin/check-language-support' is not an ELF object
"'/usr/bin/check-language-support' is not an ELF object" 
         not a plugin
QFactoryLoader::QFactoryLoader() looking at "/usr/bin/cheese"
"Failed to extract plugin meta data from '/usr/bin/cheese'" 
         not a plugin
QFactoryLoader::QFactoryLoader() looking at "/usr/bin/chfn"
"Failed to extract plugin meta data from '/usr/bin/chfn'" 
         not a plugin
QFactoryLoader::QFactoryLoader() looking at "/usr/bin/chgrp"
"Failed to extract plugin meta data from '/usr/bin/chgrp'" 
         not a plugin
QFactoryLoader::QFactoryLoader() looking at "/usr/bin/chmod"
"Failed to extract plugin meta data from '/usr/bin/chmod'" 
         not a plugin
QFactoryLoader::QFactoryLoader() looking at "/usr/bin/choom"
"Failed to extract plugin meta data from '/usr/bin/choom'" 
         not a plugin
QFactoryLoader::QFactoryLoader() looking at "/usr/bin/chown"
"Failed to extract plugin meta data from '/usr/bin/chown'" 
         not a plugin
QFactoryLoader::QFactoryLoader() looking at "/usr/bin/chrt"
"Failed to extract plugin meta data from '/usr/bin/chrt'" 
         not a plugin
QFactoryLoader::QFactoryLoader() looking at "/usr/bin/chsh"
"Failed to extract plugin meta data from '/usr/bin/chsh'" 
         not a plugin
QFactoryLoader::QFactoryLoader() looking at "/usr/bin/chvt"
"Failed to extract plugin meta data from '/usr/bin/chvt'" 
         not a plugin
QFactoryLoader::QFactoryLoader() looking at "/usr/bin/ciptool"
"Failed to extract plugin meta data from '/usr/bin/ciptool'" 
         not a plugin
QFactoryLoader::QFactoryLoader() looking at "/usr/bin/ckbcomp"
QElfParser: '/usr/bin/ckbcomp' is not an ELF object
"'/usr/bin/ckbcomp' is not an ELF object" 
         not a plugin
QFactoryLoader::QFactoryLoader() looking at "/usr/bin/cksum"
"Failed to extract plugin meta data from '/usr/bin/cksum'" 
         not a plugin
QFactoryLoader::QFactoryLoader() looking at "/usr/bin/clear"
"Failed to extract plugin meta data from '/usr/bin/clear'" 
         not a plugin
QFactoryLoader::QFactoryLoader() looking at "/usr/bin/clear_console"
"Failed to extract plugin meta data from '/usr/bin/clear_console'" 
         not a plugin
QFactoryLoader::QFactoryLoader() looking at "/usr/bin/cli"
"Failed to extract plugin meta data from '/usr/bin/mono-sgen'" 
         not a plugin
QFactoryLoader::QFactoryLoader() looking at "/usr/bin/cli-gacutil"
QElfParser: '/usr/bin/gacutil' is not an ELF object
"'/usr/bin/gacutil' is not an ELF object" 
         not a plugin
QFactoryLoader::QFactoryLoader() looking at "/usr/bin/cmake"
"Failed to extract plugin meta data from '/usr/bin/cmake'" 
         not a plugin
QFactoryLoader::QFactoryLoader() looking at "/usr/bin/cmp"
"Failed to extract plugin meta data from '/usr/bin/cmp'" 
         not a plugin
QFactoryLoader::QFactoryLoader() looking at "/usr/bin/code"
QElfParser: '/usr/share/code/bin/code' is not an ELF object
"'/usr/share/code/bin/code' is not an ELF object" 
         not a plugin
QFactoryLoader::QFactoryLoader() looking at "/usr/bin/codepage"
"Failed to extract plugin meta data from '/usr/bin/codepage'" 
         not a plugin
QFactoryLoader::QFactoryLoader() looking at "/usr/bin/col"
"Failed to extract plugin meta data from '/usr/bin/col'" 
         not a plugin
QFactoryLoader::QFactoryLoader() looking at "/usr/bin/colcrt"
"Failed to extract plugin meta data from '/usr/bin/colcrt'" 
         not a plugin
QFactoryLoader::QFactoryLoader() looking at "/usr/bin/colormgr"
"Failed to extract plugin meta data from '/usr/bin/colormgr'" 
         not a plugin
QFactoryLoader::QFactoryLoader() looking at "/usr/bin/colrm"
"Failed to extract plugin meta data from '/usr/bin/colrm'" 
         not a plugin
QFactoryLoader::QFactoryLoader() looking at "/usr/bin/column"
"Failed to extract plugin meta data from '/usr/bin/column'" 
         not a plugin
QFactoryLoader::QFactoryLoader() looking at "/usr/bin/comm"
"Failed to extract plugin meta data from '/usr/bin/comm'" 
         not a plugin
QFactoryLoader::QFactoryLoader() looking at "/usr/bin/compose"
QElfParser: '/usr/bin/run-mailcap' is not an ELF object
"'/usr/bin/run-mailcap' is not an ELF object" 
         not a plugin
QFactoryLoader::QFactoryLoader() looking at "/usr/bin/convert-dtsv0"
"Failed to extract plugin meta data from '/usr/bin/convert-dtsv0'" 
         not a plugin
QFactoryLoader::QFactoryLoader() looking at "/usr/bin/corelist"
QElfParser: '/usr/bin/corelist' is not an ELF object
"'/usr/bin/corelist' is not an ELF object" 
         not a plugin
QFactoryLoader::QFactoryLoader() looking at "/usr/bin/cp"
"Failed to extract plugin meta data from '/usr/bin/cp'" 
         not a plugin
QFactoryLoader::QFactoryLoader() looking at "/usr/bin/cpack"
"Failed to extract plugin meta data from '/usr/bin/cpack'" 
         not a plugin
QFactoryLoader::QFactoryLoader() looking at "/usr/bin/cpan"
QElfParser: '/usr/bin/cpan' is not an ELF object
"'/usr/bin/cpan' is not an ELF object" 
         not a plugin
QFactoryLoader::QFactoryLoader() looking at "/usr/bin/cpan5.30-aarch64-linux-gnu"
QElfParser: '/usr/bin/cpan5.30-aarch64-linux-gnu' is not an ELF object
"'/usr/bin/cpan5.30-aarch64-linux-gnu' is not an ELF object" 
         not a plugin
QFactoryLoader::QFactoryLoader() looking at "/usr/bin/cpio"
"Failed to extract plugin meta data from '/usr/bin/cpio'" 
         not a plugin
QFactoryLoader::QFactoryLoader() looking at "/usr/bin/cpp"
"Failed to extract plugin meta data from '/usr/bin/aarch64-linux-gnu-cpp-9'" 
         not a plugin
QFactoryLoader::QFactoryLoader() looking at "/usr/bin/cpp-9"
"Failed to extract plugin meta data from '/usr/bin/aarch64-linux-gnu-cpp-9'" 
         not a plugin
QFactoryLoader::QFactoryLoader() looking at "/usr/bin/crontab"
"Failed to extract plugin meta data from '/usr/bin/crontab'" 
         not a plugin
QFactoryLoader::QFactoryLoader() looking at "/usr/bin/cs2cs"
"Failed to extract plugin meta data from '/usr/bin/cs2cs'" 
         not a plugin
QFactoryLoader::QFactoryLoader() looking at "/usr/bin/csplit"
"Failed to extract plugin meta data from '/usr/bin/csplit'" 
         not a plugin
QFactoryLoader::QFactoryLoader() looking at "/usr/bin/ctags"
"Failed to extract plugin meta data from '/usr/bin/ctags.emacs'" 
         not a plugin
QFactoryLoader::QFactoryLoader() looking at "/usr/bin/ctags.emacs"
"Failed to extract plugin meta data from '/usr/bin/ctags.emacs'" 
         not a plugin
QFactoryLoader::QFactoryLoader() looking at "/usr/bin/ctest"
"Failed to extract plugin meta data from '/usr/bin/ctest'" 
         not a plugin
QFactoryLoader::QFactoryLoader() looking at "/usr/bin/ctstat"
"Failed to extract plugin meta data from '/usr/bin/lnstat'" 
         not a plugin
QFactoryLoader::QFactoryLoader() looking at "/usr/bin/curl"
"Failed to extract plugin meta data from '/usr/bin/curl'" 
         not a plugin
QFactoryLoader::QFactoryLoader() looking at "/usr/bin/cut"
"Failed to extract plugin meta data from '/usr/bin/cut'" 
         not a plugin
QFactoryLoader::QFactoryLoader() looking at "/usr/bin/cvlc"
QElfParser: '/usr/bin/cvlc' is not an ELF object (file too small)
"'/usr/bin/cvlc' is not an ELF object (file too small)" 
         not a plugin
QFactoryLoader::QFactoryLoader() looking at "/usr/bin/cvt"
"Failed to extract plugin meta data from '/usr/bin/cvt'" 
         not a plugin
QFactoryLoader::QFactoryLoader() looking at "/usr/bin/cvtsudoers"
"Failed to extract plugin meta data from '/usr/bin/cvtsudoers'" 
         not a plugin
QFactoryLoader::QFactoryLoader() looking at "/usr/bin/dash"
"Failed to extract plugin meta data from '/usr/bin/dash'" 
         not a plugin
QFactoryLoader::QFactoryLoader() looking at "/usr/bin/date"
"Failed to extract plugin meta data from '/usr/bin/date'" 
         not a plugin
QFactoryLoader::QFactoryLoader() looking at "/usr/bin/dbus-binding-tool"
"Failed to extract plugin meta data from '/usr/bin/dbus-binding-tool'" 
         not a plugin
QFactoryLoader::QFactoryLoader() looking at "/usr/bin/dbus-cleanup-sockets"
"Failed to extract plugin meta data from '/usr/bin/dbus-cleanup-sockets'" 
         not a plugin
QFactoryLoader::QFactoryLoader() looking at "/usr/bin/dbus-daemon"
"Failed to extract plugin meta data from '/usr/bin/dbus-daemon'" 
         not a plugin
QFactoryLoader::QFactoryLoader() looking at "/usr/bin/dbus-launch"
"Failed to extract plugin meta data from '/usr/bin/dbus-launch'" 
         not a plugin
QFactoryLoader::QFactoryLoader() looking at "/usr/bin/dbus-monitor"
"Failed to extract plugin meta data from '/usr/bin/dbus-monitor'" 
         not a plugin
QFactoryLoader::QFactoryLoader() looking at "/usr/bin/dbus-run-session"
"Failed to extract plugin meta data from '/usr/bin/dbus-run-session'" 
         not a plugin
QFactoryLoader::QFactoryLoader() looking at "/usr/bin/dbus-send"
"Failed to extract plugin meta data from '/usr/bin/dbus-send'" 
         not a plugin
QFactoryLoader::QFactoryLoader() looking at "/usr/bin/dbus-update-activation-environment"
"Failed to extract plugin meta data from '/usr/bin/dbus-update-activation-environment'" 
         not a plugin
QFactoryLoader::QFactoryLoader() looking at "/usr/bin/dbus-uuidgen"
"Failed to extract plugin meta data from '/usr/bin/dbus-uuidgen'" 
         not a plugin
QFactoryLoader::QFactoryLoader() looking at "/usr/bin/dbxtool"
"Failed to extract plugin meta data from '/usr/bin/dbxtool'" 
         not a plugin
QFactoryLoader::QFactoryLoader() looking at "/usr/bin/dconf"
"Failed to extract plugin meta data from '/usr/bin/dconf'" 
         not a plugin
QFactoryLoader::QFactoryLoader() looking at "/usr/bin/dd"
"Failed to extract plugin meta data from '/usr/bin/dd'" 
         not a plugin
QFactoryLoader::QFactoryLoader() looking at "/usr/bin/ddcmon"
QElfParser: '/usr/bin/ddcmon' is not an ELF object
"'/usr/bin/ddcmon' is not an ELF object" 
         not a plugin
QFactoryLoader::QFactoryLoader() looking at "/usr/bin/deallocvt"
"Failed to extract plugin meta data from '/usr/bin/deallocvt'" 
         not a plugin
QFactoryLoader::QFactoryLoader() looking at "/usr/bin/deb-systemd-helper"
QElfParser: '/usr/bin/deb-systemd-helper' is not an ELF object
"'/usr/bin/deb-systemd-helper' is not an ELF object" 
         not a plugin
QFactoryLoader::QFactoryLoader() looking at "/usr/bin/deb-systemd-invoke"
QElfParser: '/usr/bin/deb-systemd-invoke' is not an ELF object
"'/usr/bin/deb-systemd-invoke' is not an ELF object" 
         not a plugin
QFactoryLoader::QFactoryLoader() looking at "/usr/bin/debconf"
QElfParser: '/usr/bin/debconf' is not an ELF object
"'/usr/bin/debconf' is not an ELF object" 
         not a plugin
QFactoryLoader::QFactoryLoader() looking at "/usr/bin/debconf-apt-progress"
QElfParser: '/usr/bin/debconf-apt-progress' is not an ELF object
"'/usr/bin/debconf-apt-progress' is not an ELF object" 
         not a plugin
QFactoryLoader::QFactoryLoader() looking at "/usr/bin/debconf-communicate"
QElfParser: '/usr/bin/debconf-communicate' is not an ELF object
"'/usr/bin/debconf-communicate' is not an ELF object" 
         not a plugin
QFactoryLoader::QFactoryLoader() looking at "/usr/bin/debconf-copydb"
QElfParser: '/usr/bin/debconf-copydb' is not an ELF object
"'/usr/bin/debconf-copydb' is not an ELF object" 
         not a plugin
QFactoryLoader::QFactoryLoader() looking at "/usr/bin/debconf-escape"
QElfParser: '/usr/bin/debconf-escape' is not an ELF object
"'/usr/bin/debconf-escape' is not an ELF object" 
         not a plugin
QFactoryLoader::QFactoryLoader() looking at "/usr/bin/debconf-get-selections"
QElfParser: '/usr/bin/debconf-get-selections' is not an ELF object
"'/usr/bin/debconf-get-selections' is not an ELF object" 
         not a plugin
QFactoryLoader::QFactoryLoader() looking at "/usr/bin/debconf-getlang"
QElfParser: '/usr/bin/debconf-getlang' is not an ELF object
"'/usr/bin/debconf-getlang' is not an ELF object" 
         not a plugin
QFactoryLoader::QFactoryLoader() looking at "/usr/bin/debconf-loadtemplate"
QElfParser: '/usr/bin/debconf-loadtemplate' is not an ELF object
"'/usr/bin/debconf-loadtemplate' is not an ELF object" 
         not a plugin
QFactoryLoader::QFactoryLoader() looking at "/usr/bin/debconf-mergetemplate"
QElfParser: '/usr/bin/debconf-mergetemplate' is not an ELF object
"'/usr/bin/debconf-mergetemplate' is not an ELF object" 
         not a plugin
QFactoryLoader::QFactoryLoader() looking at "/usr/bin/debconf-set-selections"
QElfParser: '/usr/bin/debconf-set-selections' is not an ELF object
"'/usr/bin/debconf-set-selections' is not an ELF object" 
         not a plugin
QFactoryLoader::QFactoryLoader() looking at "/usr/bin/debconf-show"
QElfParser: '/usr/bin/debconf-show' is not an ELF object
"'/usr/bin/debconf-show' is not an ELF object" 
         not a plugin
QFactoryLoader::QFactoryLoader() looking at "/usr/bin/debian-distro-info"
"Failed to extract plugin meta data from '/usr/bin/debian-distro-info'" 
         not a plugin
QFactoryLoader::QFactoryLoader() looking at "/usr/bin/debugedit"
"Failed to extract plugin meta data from '/usr/lib/rpm/debugedit'" 
         not a plugin
QFactoryLoader::QFactoryLoader() looking at "/usr/bin/decode-dimms"
QElfParser: '/usr/bin/decode-dimms' is not an ELF object
"'/usr/bin/decode-dimms' is not an ELF object" 
         not a plugin
QFactoryLoader::QFactoryLoader() looking at "/usr/bin/decode-edid"
QElfParser: '/usr/bin/decode-edid' is not an ELF object
"'/usr/bin/decode-edid' is not an ELF object" 
         not a plugin
QFactoryLoader::QFactoryLoader() looking at "/usr/bin/decode-vaio"
QElfParser: '/usr/bin/decode-vaio' is not an ELF object
"'/usr/bin/decode-vaio' is not an ELF object" 
         not a plugin
QFactoryLoader::QFactoryLoader() looking at "/usr/bin/deja-dup"
"Failed to extract plugin meta data from '/usr/bin/deja-dup'" 
         not a plugin
QFactoryLoader::QFactoryLoader() looking at "/usr/bin/delpart"
"Failed to extract plugin meta data from '/usr/bin/delpart'" 
         not a plugin
QFactoryLoader::QFactoryLoader() looking at "/usr/bin/delv"
"Failed to extract plugin meta data from '/usr/bin/delv'" 
         not a plugin
QFactoryLoader::QFactoryLoader() looking at "/usr/bin/derb"
"Failed to extract plugin meta data from '/usr/bin/derb'" 
         not a plugin
QFactoryLoader::QFactoryLoader() looking at "/usr/bin/designer"
"Failed to extract plugin meta data from '/usr/bin/qtchooser'" 
         not a plugin
QFactoryLoader::QFactoryLoader() looking at "/usr/bin/desktop-file-edit"
"Failed to extract plugin meta data from '/usr/bin/desktop-file-install'" 
         not a plugin
QFactoryLoader::QFactoryLoader() looking at "/usr/bin/desktop-file-install"
"Failed to extract plugin meta data from '/usr/bin/desktop-file-install'" 
         not a plugin
QFactoryLoader::QFactoryLoader() looking at "/usr/bin/desktop-file-validate"
"Failed to extract plugin meta data from '/usr/bin/desktop-file-validate'" 
         not a plugin
QFactoryLoader::QFactoryLoader() looking at "/usr/bin/devdump"
"Failed to extract plugin meta data from '/usr/bin/devdump'" 
         not a plugin
QFactoryLoader::QFactoryLoader() looking at "/usr/bin/df"
"Failed to extract plugin meta data from '/usr/bin/df'" 
         not a plugin
QFactoryLoader::QFactoryLoader() looking at "/usr/bin/dfu-tool"
"Failed to extract plugin meta data from '/usr/bin/dfu-tool'" 
         not a plugin
QFactoryLoader::QFactoryLoader() looking at "/usr/bin/dh_autotools-dev_restoreconfig"
QElfParser: '/usr/bin/dh_autotools-dev_restoreconfig' is not an ELF object
"'/usr/bin/dh_autotools-dev_restoreconfig' is not an ELF object" 
         not a plugin
QFactoryLoader::QFactoryLoader() looking at "/usr/bin/dh_autotools-dev_updateconfig"
QElfParser: '/usr/bin/dh_autotools-dev_updateconfig' is not an ELF object
"'/usr/bin/dh_autotools-dev_updateconfig' is not an ELF object" 
         not a plugin
QFactoryLoader::QFactoryLoader() looking at "/usr/bin/dh_bash-completion"
QElfParser: '/usr/bin/dh_bash-completion' is not an ELF object
"'/usr/bin/dh_bash-completion' is not an ELF object" 
         not a plugin
QFactoryLoader::QFactoryLoader() looking at "/usr/bin/dh_gstscancodecs"
QElfParser: '/usr/bin/dh_gstscancodecs' is not an ELF object
"'/usr/bin/dh_gstscancodecs' is not an ELF object" 
         not a plugin
QFactoryLoader::QFactoryLoader() looking at "/usr/bin/dh_installxmlcatalogs"
QElfParser: '/usr/bin/dh_installxmlcatalogs' is not an ELF object
"'/usr/bin/dh_installxmlcatalogs' is not an ELF object" 
         not a plugin
QFactoryLoader::QFactoryLoader() looking at "/usr/bin/dh_numpy3"
QElfParser: '/usr/bin/dh_numpy3' is not an ELF object
"'/usr/bin/dh_numpy3' is not an ELF object" 
         not a plugin
QFactoryLoader::QFactoryLoader() looking at "/usr/bin/dh_perl_openssl"
QElfParser: '/usr/bin/dh_perl_openssl' is not an ELF object
"'/usr/bin/dh_perl_openssl' is not an ELF object" 
         not a plugin
QFactoryLoader::QFactoryLoader() looking at "/usr/bin/dh_python2"
QElfParser: '/usr/bin/dh_python2' is not an ELF object
"'/usr/bin/dh_python2' is not an ELF object" 
         not a plugin
QFactoryLoader::QFactoryLoader() looking at "/usr/bin/diff"
"Failed to extract plugin meta data from '/usr/bin/diff'" 
         not a plugin
QFactoryLoader::QFactoryLoader() looking at "/usr/bin/diff3"
"Failed to extract plugin meta data from '/usr/bin/diff3'" 
         not a plugin
QFactoryLoader::QFactoryLoader() looking at "/usr/bin/dig"
"Failed to extract plugin meta data from '/usr/bin/dig'" 
         not a plugin
QFactoryLoader::QFactoryLoader() looking at "/usr/bin/dir"
"Failed to extract plugin meta data from '/usr/bin/dir'" 
         not a plugin
QFactoryLoader::QFactoryLoader() looking at "/usr/bin/dircolors"
"Failed to extract plugin meta data from '/usr/bin/dircolors'" 
         not a plugin
QFactoryLoader::QFactoryLoader() looking at "/usr/bin/directomatic"
"Failed to extract plugin meta data from '/usr/bin/foomatic-rip'" 
         not a plugin
QFactoryLoader::QFactoryLoader() looking at "/usr/bin/dirmngr"
"Failed to extract plugin meta data from '/usr/bin/dirmngr'" 
         not a plugin
QFactoryLoader::QFactoryLoader() looking at "/usr/bin/dirmngr-client"
"Failed to extract plugin meta data from '/usr/bin/dirmngr-client'" 
         not a plugin
QFactoryLoader::QFactoryLoader() looking at "/usr/bin/dirname"
"Failed to extract plugin meta data from '/usr/bin/dirname'" 
         not a plugin
QFactoryLoader::QFactoryLoader() looking at "/usr/bin/dirsplit"
QElfParser: '/usr/bin/dirsplit' is not an ELF object
"'/usr/bin/dirsplit' is not an ELF object" 
         not a plugin
QFactoryLoader::QFactoryLoader() looking at "/usr/bin/distro-info"
"Failed to extract plugin meta data from '/usr/bin/ubuntu-distro-info'" 
         not a plugin
QFactoryLoader::QFactoryLoader() looking at "/usr/bin/dmesg"
"Failed to extract plugin meta data from '/usr/bin/dmesg'" 
         not a plugin
QFactoryLoader::QFactoryLoader() looking at "/usr/bin/dnsdomainname"
"Failed to extract plugin meta data from '/usr/bin/hostname'" 
         not a plugin
QFactoryLoader::QFactoryLoader() looking at "/usr/bin/do-release-upgrade"
QElfParser: '/usr/bin/do-release-upgrade' is not an ELF object
"'/usr/bin/do-release-upgrade' is not an ELF object" 
         not a plugin
QFactoryLoader::QFactoryLoader() looking at "/usr/bin/domainname"
"Failed to extract plugin meta data from '/usr/bin/hostname'" 
         not a plugin
QFactoryLoader::QFactoryLoader() looking at "/usr/bin/dpkg"
"Failed to extract plugin meta data from '/usr/bin/dpkg'" 
         not a plugin
QFactoryLoader::QFactoryLoader() looking at "/usr/bin/dpkg-architecture"
QElfParser: '/usr/bin/dpkg-architecture' is not an ELF object
"'/usr/bin/dpkg-architecture' is not an ELF object" 
         not a plugin
QFactoryLoader::QFactoryLoader() looking at "/usr/bin/dpkg-buildflags"
QElfParser: '/usr/bin/dpkg-buildflags' is not an ELF object
"'/usr/bin/dpkg-buildflags' is not an ELF object" 
         not a plugin
QFactoryLoader::QFactoryLoader() looking at "/usr/bin/dpkg-buildpackage"
QElfParser: '/usr/bin/dpkg-buildpackage' is not an ELF object
"'/usr/bin/dpkg-buildpackage' is not an ELF object" 
         not a plugin
QFactoryLoader::QFactoryLoader() looking at "/usr/bin/dpkg-checkbuilddeps"
QElfParser: '/usr/bin/dpkg-checkbuilddeps' is not an ELF object
"'/usr/bin/dpkg-checkbuilddeps' is not an ELF object" 
         not a plugin
QFactoryLoader::QFactoryLoader() looking at "/usr/bin/dpkg-deb"
"Failed to extract plugin meta data from '/usr/bin/dpkg-deb'" 
         not a plugin
QFactoryLoader::QFactoryLoader() looking at "/usr/bin/dpkg-distaddfile"
QElfParser: '/usr/bin/dpkg-distaddfile' is not an ELF object
"'/usr/bin/dpkg-distaddfile' is not an ELF object" 
         not a plugin
QFactoryLoader::QFactoryLoader() looking at "/usr/bin/dpkg-divert"
"Failed to extract plugin meta data from '/usr/bin/dpkg-divert'" 
         not a plugin
QFactoryLoader::QFactoryLoader() looking at "/usr/bin/dpkg-genbuildinfo"
QElfParser: '/usr/bin/dpkg-genbuildinfo' is not an ELF object
"'/usr/bin/dpkg-genbuildinfo' is not an ELF object" 
         not a plugin
QFactoryLoader::QFactoryLoader() looking at "/usr/bin/dpkg-genchanges"
QElfParser: '/usr/bin/dpkg-genchanges' is not an ELF object
"'/usr/bin/dpkg-genchanges' is not an ELF object" 
         not a plugin
QFactoryLoader::QFactoryLoader() looking at "/usr/bin/dpkg-gencontrol"
QElfParser: '/usr/bin/dpkg-gencontrol' is not an ELF object
"'/usr/bin/dpkg-gencontrol' is not an ELF object" 
         not a plugin
QFactoryLoader::QFactoryLoader() looking at "/usr/bin/dpkg-gensymbols"
QElfParser: '/usr/bin/dpkg-gensymbols' is not an ELF object
"'/usr/bin/dpkg-gensymbols' is not an ELF object" 
         not a plugin
QFactoryLoader::QFactoryLoader() looking at "/usr/bin/dpkg-maintscript-helper"
QElfParser: '/usr/bin/dpkg-maintscript-helper' is not an ELF object
"'/usr/bin/dpkg-maintscript-helper' is not an ELF object" 
         not a plugin
QFactoryLoader::QFactoryLoader() looking at "/usr/bin/dpkg-mergechangelogs"
QElfParser: '/usr/bin/dpkg-mergechangelogs' is not an ELF object
"'/usr/bin/dpkg-mergechangelogs' is not an ELF object" 
         not a plugin
QFactoryLoader::QFactoryLoader() looking at "/usr/bin/dpkg-name"
QElfParser: '/usr/bin/dpkg-name' is not an ELF object
"'/usr/bin/dpkg-name' is not an ELF object" 
         not a plugin
QFactoryLoader::QFactoryLoader() looking at "/usr/bin/dpkg-parsechangelog"
QElfParser: '/usr/bin/dpkg-parsechangelog' is not an ELF object
"'/usr/bin/dpkg-parsechangelog' is not an ELF object" 
         not a plugin
QFactoryLoader::QFactoryLoader() looking at "/usr/bin/dpkg-query"
"Failed to extract plugin meta data from '/usr/bin/dpkg-query'" 
         not a plugin
QFactoryLoader::QFactoryLoader() looking at "/usr/bin/dpkg-scanpackages"
QElfParser: '/usr/bin/dpkg-scanpackages' is not an ELF object
"'/usr/bin/dpkg-scanpackages' is not an ELF object" 
         not a plugin
QFactoryLoader::QFactoryLoader() looking at "/usr/bin/dpkg-scansources"
QElfParser: '/usr/bin/dpkg-scansources' is not an ELF object
"'/usr/bin/dpkg-scansources' is not an ELF object" 
         not a plugin
QFactoryLoader::QFactoryLoader() looking at "/usr/bin/dpkg-shlibdeps"
QElfParser: '/usr/bin/dpkg-shlibdeps' is not an ELF object
"'/usr/bin/dpkg-shlibdeps' is not an ELF object" 
         not a plugin
QFactoryLoader::QFactoryLoader() looking at "/usr/bin/dpkg-source"
QElfParser: '/usr/bin/dpkg-source' is not an ELF object
"'/usr/bin/dpkg-source' is not an ELF object" 
         not a plugin
QFactoryLoader::QFactoryLoader() looking at "/usr/bin/dpkg-split"
"Failed to extract plugin meta data from '/usr/bin/dpkg-split'" 
         not a plugin
QFactoryLoader::QFactoryLoader() looking at "/usr/bin/dpkg-statoverride"
"Failed to extract plugin meta data from '/usr/bin/dpkg-statoverride'" 
         not a plugin
QFactoryLoader::QFactoryLoader() looking at "/usr/bin/dpkg-trigger"
"Failed to extract plugin meta data from '/usr/bin/dpkg-trigger'" 
         not a plugin
QFactoryLoader::QFactoryLoader() looking at "/usr/bin/dpkg-vendor"
QElfParser: '/usr/bin/dpkg-vendor' is not an ELF object
"'/usr/bin/dpkg-vendor' is not an ELF object" 
         not a plugin
QFactoryLoader::QFactoryLoader() looking at "/usr/bin/dtc"
"Failed to extract plugin meta data from '/usr/bin/dtc'" 
         not a plugin
QFactoryLoader::QFactoryLoader() looking at "/usr/bin/dtdiff"
QElfParser: '/usr/bin/dtdiff' is not an ELF object
"'/usr/bin/dtdiff' is not an ELF object" 
         not a plugin
QFactoryLoader::QFactoryLoader() looking at "/usr/bin/du"
"Failed to extract plugin meta data from '/usr/bin/du'" 
         not a plugin
QFactoryLoader::QFactoryLoader() looking at "/usr/bin/dumpkeys"
"Failed to extract plugin meta data from '/usr/bin/dumpkeys'" 
         not a plugin
QFactoryLoader::QFactoryLoader() looking at "/usr/bin/duplicity"
QElfParser: '/usr/bin/duplicity' is not an ELF object
"'/usr/bin/duplicity' is not an ELF object" 
         not a plugin
QFactoryLoader::QFactoryLoader() looking at "/usr/bin/dvipdf"
QElfParser: '/usr/bin/dvipdf' is not an ELF object
"'/usr/bin/dvipdf' is not an ELF object" 
         not a plugin
QFactoryLoader::QFactoryLoader() looking at "/usr/bin/dwp"
"Failed to extract plugin meta data from '/usr/bin/aarch64-linux-gnu-dwp'" 
         not a plugin
QFactoryLoader::QFactoryLoader() looking at "/usr/bin/ebrowse"
"Failed to extract plugin meta data from '/usr/bin/ebrowse.emacs'" 
         not a plugin
QFactoryLoader::QFactoryLoader() looking at "/usr/bin/ebrowse.emacs"
"Failed to extract plugin meta data from '/usr/bin/ebrowse.emacs'" 
         not a plugin
QFactoryLoader::QFactoryLoader() looking at "/usr/bin/echo"
"Failed to extract plugin meta data from '/usr/bin/echo'" 
         not a plugin
QFactoryLoader::QFactoryLoader() looking at "/usr/bin/ed"
"Failed to extract plugin meta data from '/usr/bin/ed'" 
         not a plugin
QFactoryLoader::QFactoryLoader() looking at "/usr/bin/edit"
QElfParser: '/usr/bin/run-mailcap' is not an ELF object
"'/usr/bin/run-mailcap' is not an ELF object" 
         not a plugin
QFactoryLoader::QFactoryLoader() looking at "/usr/bin/editor"
"Failed to extract plugin meta data from '/usr/bin/nano'" 
         not a plugin
QFactoryLoader::QFactoryLoader() looking at "/usr/bin/editres"
"Failed to extract plugin meta data from '/usr/bin/editres'" 
         not a plugin
QFactoryLoader::QFactoryLoader() looking at "/usr/bin/EGLWInputEventExample"
"Failed to extract plugin meta data from '/usr/lib/aarch64-linux-gnu/tegra/weston/EGLWLInputEventExample'" 
         not a plugin
QFactoryLoader::QFactoryLoader() looking at "/usr/bin/EGLWLInputEventExample"
"Failed to extract plugin meta data from '/usr/lib/aarch64-linux-gnu/tegra/weston/EGLWLInputEventExample'" 
         not a plugin
QFactoryLoader::QFactoryLoader() looking at "/usr/bin/EGLWLMockNavigation"
"Failed to extract plugin meta data from '/usr/lib/aarch64-linux-gnu/tegra/weston/EGLWLMockNavigation'" 
         not a plugin
QFactoryLoader::QFactoryLoader() looking at "/usr/bin/egrep"
QElfParser: '/usr/bin/egrep' is not an ELF object (file too small)
"'/usr/bin/egrep' is not an ELF object (file too small)" 
         not a plugin
QFactoryLoader::QFactoryLoader() looking at "/usr/bin/eject"
"Failed to extract plugin meta data from '/usr/bin/eject'" 
         not a plugin
QFactoryLoader::QFactoryLoader() looking at "/usr/bin/elfedit"
"Failed to extract plugin meta data from '/usr/bin/aarch64-linux-gnu-elfedit'" 
         not a plugin
QFactoryLoader::QFactoryLoader() looking at "/usr/bin/emacs"
"Failed to extract plugin meta data from '/usr/bin/emacs-gtk'" 
         not a plugin
QFactoryLoader::QFactoryLoader() looking at "/usr/bin/emacs-gtk"
"Failed to extract plugin meta data from '/usr/bin/emacs-gtk'" 
         not a plugin
QFactoryLoader::QFactoryLoader() looking at "/usr/bin/emacsclient"
"Failed to extract plugin meta data from '/usr/bin/emacsclient.emacs'" 
         not a plugin
QFactoryLoader::QFactoryLoader() looking at "/usr/bin/emacsclient.emacs"
"Failed to extract plugin meta data from '/usr/bin/emacsclient.emacs'" 
         not a plugin
QFactoryLoader::QFactoryLoader() looking at "/usr/bin/enc2xs"
QElfParser: '/usr/bin/enc2xs' is not an ELF object
"'/usr/bin/enc2xs' is not an ELF object" 
         not a plugin
QFactoryLoader::QFactoryLoader() looking at "/usr/bin/encguess"
QElfParser: '/usr/bin/encguess' is not an ELF object
"'/usr/bin/encguess' is not an ELF object" 
         not a plugin
QFactoryLoader::QFactoryLoader() looking at "/usr/bin/enchant-2"
"Failed to extract plugin meta data from '/usr/bin/enchant-2'" 
         not a plugin
QFactoryLoader::QFactoryLoader() looking at "/usr/bin/enchant-lsmod-2"
"Failed to extract plugin meta data from '/usr/bin/enchant-lsmod-2'" 
         not a plugin
QFactoryLoader::QFactoryLoader() looking at "/usr/bin/env"
"Failed to extract plugin meta data from '/usr/bin/env'" 
         not a plugin
QFactoryLoader::QFactoryLoader() looking at "/usr/bin/envsubst"
"Failed to extract plugin meta data from '/usr/bin/envsubst'" 
         not a plugin
QFactoryLoader::QFactoryLoader() looking at "/usr/bin/eog"
"Failed to extract plugin meta data from '/usr/bin/eog'" 
         not a plugin
QFactoryLoader::QFactoryLoader() looking at "/usr/bin/eps2eps"
QElfParser: '/usr/bin/eps2eps' is not an ELF object
"'/usr/bin/eps2eps' is not an ELF object" 
         not a plugin
QFactoryLoader::QFactoryLoader() looking at "/usr/bin/eqn"
"Failed to extract plugin meta data from '/usr/bin/eqn'" 
         not a plugin
QFactoryLoader::QFactoryLoader() looking at "/usr/bin/esc-m"
"Failed to extract plugin meta data from '/usr/bin/esc-m'" 
         not a plugin
QFactoryLoader::QFactoryLoader() looking at "/usr/bin/etags"
"Failed to extract plugin meta data from '/usr/bin/etags.emacs'" 
         not a plugin
QFactoryLoader::QFactoryLoader() looking at "/usr/bin/etags.emacs"
"Failed to extract plugin meta data from '/usr/bin/etags.emacs'" 
         not a plugin
QFactoryLoader::QFactoryLoader() looking at "/usr/bin/eutp"
"Failed to extract plugin meta data from '/usr/bin/eutp'" 
         not a plugin
QFactoryLoader::QFactoryLoader() looking at "/usr/bin/evince"
"Failed to extract plugin meta data from '/usr/bin/evince'" 
         not a plugin
QFactoryLoader::QFactoryLoader() looking at "/usr/bin/evince-previewer"
"Failed to extract plugin meta data from '/usr/bin/evince-previewer'" 
         not a plugin
QFactoryLoader::QFactoryLoader() looking at "/usr/bin/evince-thumbnailer"
"Failed to extract plugin meta data from '/usr/bin/evince-thumbnailer'" 
         not a plugin
QFactoryLoader::QFactoryLoader() looking at "/usr/bin/ex"
"Failed to extract plugin meta data from '/usr/bin/vim.basic'" 
         not a plugin
QFactoryLoader::QFactoryLoader() looking at "/usr/bin/expand"
"Failed to extract plugin meta data from '/usr/bin/expand'" 
         not a plugin
QFactoryLoader::QFactoryLoader() looking at "/usr/bin/expiry"
"Failed to extract plugin meta data from '/usr/bin/expiry'" 
         not a plugin
QFactoryLoader::QFactoryLoader() looking at "/usr/bin/expr"
"Failed to extract plugin meta data from '/usr/bin/expr'" 
         not a plugin
QFactoryLoader::QFactoryLoader() looking at "/usr/bin/f2py3"
QElfParser: '/usr/bin/f2py3' is not an ELF object
"'/usr/bin/f2py3' is not an ELF object" 
         not a plugin
QFactoryLoader::QFactoryLoader() looking at "/usr/bin/f2py3.8"
QElfParser: '/usr/bin/f2py3.8' is not an ELF object
"'/usr/bin/f2py3.8' is not an ELF object" 
         not a plugin
QFactoryLoader::QFactoryLoader() looking at "/usr/bin/f77"
"Failed to extract plugin meta data from '/usr/bin/aarch64-linux-gnu-gfortran-9'" 
         not a plugin
QFactoryLoader::QFactoryLoader() looking at "/usr/bin/f95"
"Failed to extract plugin meta data from '/usr/bin/aarch64-linux-gnu-gfortran-9'" 
         not a plugin
QFactoryLoader::QFactoryLoader() looking at "/usr/bin/factor"
"Failed to extract plugin meta data from '/usr/bin/factor'" 
         not a plugin
QFactoryLoader::QFactoryLoader() looking at "/usr/bin/faillog"
"Failed to extract plugin meta data from '/usr/bin/faillog'" 
         not a plugin
QFactoryLoader::QFactoryLoader() looking at "/usr/bin/faked-sysv"
"Failed to extract plugin meta data from '/usr/bin/faked-sysv'" 
         not a plugin
QFactoryLoader::QFactoryLoader() looking at "/usr/bin/faked-tcp"
"Failed to extract plugin meta data from '/usr/bin/faked-tcp'" 
         not a plugin
QFactoryLoader::QFactoryLoader() looking at "/usr/bin/fakeroot"
QElfParser: '/usr/bin/fakeroot-sysv' is not an ELF object
"'/usr/bin/fakeroot-sysv' is not an ELF object" 
         not a plugin
QFactoryLoader::QFactoryLoader() looking at "/usr/bin/fakeroot-sysv"
QElfParser: '/usr/bin/fakeroot-sysv' is not an ELF object
"'/usr/bin/fakeroot-sysv' is not an ELF object" 
         not a plugin
QFactoryLoader::QFactoryLoader() looking at "/usr/bin/fakeroot-tcp"
QElfParser: '/usr/bin/fakeroot-tcp' is not an ELF object
"'/usr/bin/fakeroot-tcp' is not an ELF object" 
         not a plugin
QFactoryLoader::QFactoryLoader() looking at "/usr/bin/fallocate"
"Failed to extract plugin meta data from '/usr/bin/fallocate'" 
         not a plugin
QFactoryLoader::QFactoryLoader() looking at "/usr/bin/false"
"Failed to extract plugin meta data from '/usr/bin/false'" 
         not a plugin
QFactoryLoader::QFactoryLoader() looking at "/usr/bin/fc-cache"
"Failed to extract plugin meta data from '/usr/bin/fc-cache'" 
         not a plugin
QFactoryLoader::QFactoryLoader() looking at "/usr/bin/fc-cat"
"Failed to extract plugin meta data from '/usr/bin/fc-cat'" 
         not a plugin
QFactoryLoader::QFactoryLoader() looking at "/usr/bin/fc-conflist"
"Failed to extract plugin meta data from '/usr/bin/fc-conflist'" 
         not a plugin
QFactoryLoader::QFactoryLoader() looking at "/usr/bin/fc-list"
"Failed to extract plugin meta data from '/usr/bin/fc-list'" 
         not a plugin
QFactoryLoader::QFactoryLoader() looking at "/usr/bin/fc-match"
"Failed to extract plugin meta data from '/usr/bin/fc-match'" 
         not a plugin
QFactoryLoader::QFactoryLoader() looking at "/usr/bin/fc-pattern"
"Failed to extract plugin meta data from '/usr/bin/fc-pattern'" 
         not a plugin
QFactoryLoader::QFactoryLoader() looking at "/usr/bin/fc-query"
"Failed to extract plugin meta data from '/usr/bin/fc-query'" 
         not a plugin
QFactoryLoader::QFactoryLoader() looking at "/usr/bin/fc-scan"
"Failed to extract plugin meta data from '/usr/bin/fc-scan'" 
         not a plugin
QFactoryLoader::QFactoryLoader() looking at "/usr/bin/fc-validate"
"Failed to extract plugin meta data from '/usr/bin/fc-validate'" 
         not a plugin
QFactoryLoader::QFactoryLoader() looking at "/usr/bin/fdtdump"
"Failed to extract plugin meta data from '/usr/bin/fdtdump'" 
         not a plugin
QFactoryLoader::QFactoryLoader() looking at "/usr/bin/fdtget"
"Failed to extract plugin meta data from '/usr/bin/fdtget'" 
         not a plugin
QFactoryLoader::QFactoryLoader() looking at "/usr/bin/fdtoverlay"
"Failed to extract plugin meta data from '/usr/bin/fdtoverlay'" 
         not a plugin
QFactoryLoader::QFactoryLoader() looking at "/usr/bin/fdtput"
"Failed to extract plugin meta data from '/usr/bin/fdtput'" 
         not a plugin
QFactoryLoader::QFactoryLoader() looking at "/usr/bin/fgconsole"
"Failed to extract plugin meta data from '/usr/bin/fgconsole'" 
         not a plugin
QFactoryLoader::QFactoryLoader() looking at "/usr/bin/fgrep"
QElfParser: '/usr/bin/fgrep' is not an ELF object (file too small)
"'/usr/bin/fgrep' is not an ELF object (file too small)" 
         not a plugin
QFactoryLoader::QFactoryLoader() looking at "/usr/bin/file"
"Failed to extract plugin meta data from '/usr/bin/file'" 
         not a plugin
QFactoryLoader::QFactoryLoader() looking at "/usr/bin/file-roller"
"Failed to extract plugin meta data from '/usr/bin/file-roller'" 
         not a plugin
QFactoryLoader::QFactoryLoader() looking at "/usr/bin/fincore"
"Failed to extract plugin meta data from '/usr/bin/fincore'" 
         not a plugin
QFactoryLoader::QFactoryLoader() looking at "/usr/bin/find"
"Failed to extract plugin meta data from '/usr/bin/find'" 
         not a plugin
QFactoryLoader::QFactoryLoader() looking at "/usr/bin/findmnt"
"Failed to extract plugin meta data from '/usr/bin/findmnt'" 
         not a plugin
QFactoryLoader::QFactoryLoader() looking at "/usr/bin/fio"
"Failed to extract plugin meta data from '/usr/bin/fio'" 
         not a plugin
QFactoryLoader::QFactoryLoader() looking at "/usr/bin/fio-btrace2fio"
"Failed to extract plugin meta data from '/usr/bin/fio-btrace2fio'" 
         not a plugin
QFactoryLoader::QFactoryLoader() looking at "/usr/bin/fio-dedupe"
"Failed to extract plugin meta data from '/usr/bin/fio-dedupe'" 
         not a plugin
QFactoryLoader::QFactoryLoader() looking at "/usr/bin/fio-genzipf"
"Failed to extract plugin meta data from '/usr/bin/fio-genzipf'" 
         not a plugin
QFactoryLoader::QFactoryLoader() looking at "/usr/bin/fio2gnuplot"
QElfParser: '/usr/bin/fio2gnuplot' is not an ELF object
"'/usr/bin/fio2gnuplot' is not an ELF object" 
         not a plugin
QFactoryLoader::QFactoryLoader() looking at "/usr/bin/fio_generate_plots"
QElfParser: '/usr/bin/fio_generate_plots' is not an ELF object
"'/usr/bin/fio_generate_plots' is not an ELF object" 
         not a plugin
QFactoryLoader::QFactoryLoader() looking at "/usr/bin/firefox"
QElfParser: '/usr/lib/firefox/firefox.sh' is not an ELF object
"'/usr/lib/firefox/firefox.sh' is not an ELF object" 
         not a plugin
QFactoryLoader::QFactoryLoader() looking at "/usr/bin/flex"
"Failed to extract plugin meta data from '/usr/bin/flex'" 
         not a plugin
QFactoryLoader::QFactoryLoader() looking at "/usr/bin/flex++"
"Failed to extract plugin meta data from '/usr/bin/flex'" 
         not a plugin
QFactoryLoader::QFactoryLoader() looking at "/usr/bin/flock"
"Failed to extract plugin meta data from '/usr/bin/flock'" 
         not a plugin
QFactoryLoader::QFactoryLoader() looking at "/usr/bin/fmt"
"Failed to extract plugin meta data from '/usr/bin/fmt'" 
         not a plugin
QFactoryLoader::QFactoryLoader() looking at "/usr/bin/fold"
"Failed to extract plugin meta data from '/usr/bin/fold'" 
         not a plugin
QFactoryLoader::QFactoryLoader() looking at "/usr/bin/fonttosfnt"
"Failed to extract plugin meta data from '/usr/bin/fonttosfnt'" 
         not a plugin
QFactoryLoader::QFactoryLoader() looking at "/usr/bin/foomatic-rip"
"Failed to extract plugin meta data from '/usr/bin/foomatic-rip'" 
         not a plugin
QFactoryLoader::QFactoryLoader() looking at "/usr/bin/fprintd-delete"
"Failed to extract plugin meta data from '/usr/bin/fprintd-delete'" 
         not a plugin
QFactoryLoader::QFactoryLoader() looking at "/usr/bin/fprintd-enroll"
"Failed to extract plugin meta data from '/usr/bin/fprintd-enroll'" 
         not a plugin
QFactoryLoader::QFactoryLoader() looking at "/usr/bin/fprintd-list"
"Failed to extract plugin meta data from '/usr/bin/fprintd-list'" 
         not a plugin
QFactoryLoader::QFactoryLoader() looking at "/usr/bin/fprintd-verify"
"Failed to extract plugin meta data from '/usr/bin/fprintd-verify'" 
         not a plugin
QFactoryLoader::QFactoryLoader() looking at "/usr/bin/free"
"Failed to extract plugin meta data from '/usr/bin/free'" 
         not a plugin
QFactoryLoader::QFactoryLoader() looking at "/usr/bin/from"
"Failed to extract plugin meta data from '/usr/bin/bsd-from'" 
         not a plugin
QFactoryLoader::QFactoryLoader() looking at "/usr/bin/ftp"
"Failed to extract plugin meta data from '/usr/bin/netkit-ftp'" 
         not a plugin
QFactoryLoader::QFactoryLoader() looking at "/usr/bin/funzip"
"Failed to extract plugin meta data from '/usr/bin/funzip'" 
         not a plugin
QFactoryLoader::QFactoryLoader() looking at "/usr/bin/fuser"
"Failed to extract plugin meta data from '/usr/bin/fuser'" 
         not a plugin
QFactoryLoader::QFactoryLoader() looking at "/usr/bin/fusermount"
"Failed to extract plugin meta data from '/usr/bin/fusermount'" 
         not a plugin
QFactoryLoader::QFactoryLoader() looking at "/usr/bin/futurize"
QElfParser: '/usr/bin/python3-futurize' is not an ELF object
"'/usr/bin/python3-futurize' is not an ELF object" 
         not a plugin
QFactoryLoader::QFactoryLoader() looking at "/usr/bin/fwupdagent"
"Failed to extract plugin meta data from '/usr/bin/fwupdmgr'" 
         not a plugin
QFactoryLoader::QFactoryLoader() looking at "/usr/bin/fwupdate"
"Failed to extract plugin meta data from '/usr/bin/fwupdate'" 
         not a plugin
QFactoryLoader::QFactoryLoader() looking at "/usr/bin/fwupdmgr"
"Failed to extract plugin meta data from '/usr/bin/fwupdmgr'" 
         not a plugin
QFactoryLoader::QFactoryLoader() looking at "/usr/bin/fwupdtool"
"Failed to extract plugin meta data from '/usr/bin/fwupdtool'" 
         not a plugin
QFactoryLoader::QFactoryLoader() looking at "/usr/bin/g++"
"Failed to extract plugin meta data from '/usr/bin/aarch64-linux-gnu-g++-9'" 
         not a plugin
QFactoryLoader::QFactoryLoader() looking at "/usr/bin/g++-9"
"Failed to extract plugin meta data from '/usr/bin/aarch64-linux-gnu-g++-9'" 
         not a plugin
QFactoryLoader::QFactoryLoader() looking at "/usr/bin/gacutil"
QElfParser: '/usr/bin/gacutil' is not an ELF object
"'/usr/bin/gacutil' is not an ELF object" 
         not a plugin
QFactoryLoader::QFactoryLoader() looking at "/usr/bin/gamma4scanimage"
"Failed to extract plugin meta data from '/usr/bin/gamma4scanimage'" 
         not a plugin
QFactoryLoader::QFactoryLoader() looking at "/usr/bin/gapplication"
"Failed to extract plugin meta data from '/usr/bin/gapplication'" 
         not a plugin
QFactoryLoader::QFactoryLoader() looking at "/usr/bin/gatttool"
"Failed to extract plugin meta data from '/usr/bin/gatttool'" 
         not a plugin
QFactoryLoader::QFactoryLoader() looking at "/usr/bin/gcalccmd"
"Failed to extract plugin meta data from '/usr/bin/gcalccmd'" 
         not a plugin
QFactoryLoader::QFactoryLoader() looking at "/usr/bin/gcc"
"Failed to extract plugin meta data from '/usr/bin/aarch64-linux-gnu-gcc-9'" 
         not a plugin
QFactoryLoader::QFactoryLoader() looking at "/usr/bin/gcc-9"
"Failed to extract plugin meta data from '/usr/bin/aarch64-linux-gnu-gcc-9'" 
         not a plugin
QFactoryLoader::QFactoryLoader() looking at "/usr/bin/gcc-ar"
"Failed to extract plugin meta data from '/usr/bin/aarch64-linux-gnu-gcc-ar-9'" 
         not a plugin
QFactoryLoader::QFactoryLoader() looking at "/usr/bin/gcc-ar-9"
"Failed to extract plugin meta data from '/usr/bin/aarch64-linux-gnu-gcc-ar-9'" 
         not a plugin
QFactoryLoader::QFactoryLoader() looking at "/usr/bin/gcc-nm"
"Failed to extract plugin meta data from '/usr/bin/aarch64-linux-gnu-gcc-nm-9'" 
         not a plugin
QFactoryLoader::QFactoryLoader() looking at "/usr/bin/gcc-nm-9"
"Failed to extract plugin meta data from '/usr/bin/aarch64-linux-gnu-gcc-nm-9'" 
         not a plugin
QFactoryLoader::QFactoryLoader() looking at "/usr/bin/gcc-ranlib"
"Failed to extract plugin meta data from '/usr/bin/aarch64-linux-gnu-gcc-ranlib-9'" 
         not a plugin
QFactoryLoader::QFactoryLoader() looking at "/usr/bin/gcc-ranlib-9"
"Failed to extract plugin meta data from '/usr/bin/aarch64-linux-gnu-gcc-ranlib-9'" 
         not a plugin
QFactoryLoader::QFactoryLoader() looking at "/usr/bin/gcore"
QElfParser: '/usr/bin/gcore' is not an ELF object
"'/usr/bin/gcore' is not an ELF object" 
         not a plugin
QFactoryLoader::QFactoryLoader() looking at "/usr/bin/gcov"
"Failed to extract plugin meta data from '/usr/bin/aarch64-linux-gnu-gcov-9'" 
         not a plugin
QFactoryLoader::QFactoryLoader() looking at "/usr/bin/gcov-9"
"Failed to extract plugin meta data from '/usr/bin/aarch64-linux-gnu-gcov-9'" 
         not a plugin
QFactoryLoader::QFactoryLoader() looking at "/usr/bin/gcov-dump"
"Failed to extract plugin meta data from '/usr/bin/aarch64-linux-gnu-gcov-dump-9'" 
         not a plugin
QFactoryLoader::QFactoryLoader() looking at "/usr/bin/gcov-dump-9"
"Failed to extract plugin meta data from '/usr/bin/aarch64-linux-gnu-gcov-dump-9'" 
         not a plugin
QFactoryLoader::QFactoryLoader() looking at "/usr/bin/gcov-tool"
"Failed to extract plugin meta data from '/usr/bin/aarch64-linux-gnu-gcov-tool-9'" 
         not a plugin
QFactoryLoader::QFactoryLoader() looking at "/usr/bin/gcov-tool-9"
"Failed to extract plugin meta data from '/usr/bin/aarch64-linux-gnu-gcov-tool-9'" 
         not a plugin
QFactoryLoader::QFactoryLoader() looking at "/usr/bin/gcr-viewer"
"Failed to extract plugin meta data from '/usr/bin/gcr-viewer'" 
         not a plugin
QFactoryLoader::QFactoryLoader() looking at "/usr/bin/gdb"
"Failed to extract plugin meta data from '/usr/bin/gdb'" 
         not a plugin
QFactoryLoader::QFactoryLoader() looking at "/usr/bin/gdb-add-index"
QElfParser: '/usr/bin/gdb-add-index' is not an ELF object
"'/usr/bin/gdb-add-index' is not an ELF object" 
         not a plugin
QFactoryLoader::QFactoryLoader() looking at "/usr/bin/gdbserver"
"Failed to extract plugin meta data from '/usr/bin/gdbserver'" 
         not a plugin
QFactoryLoader::QFactoryLoader() looking at "/usr/bin/gdbtui"
QElfParser: '/usr/bin/gdbtui' is not an ELF object
"'/usr/bin/gdbtui' is not an ELF object" 
         not a plugin
QFactoryLoader::QFactoryLoader() looking at "/usr/bin/gdbus"
"Failed to extract plugin meta data from '/usr/bin/gdbus'" 
         not a plugin
QFactoryLoader::QFactoryLoader() looking at "/usr/bin/gdbus-codegen"
QElfParser: '/usr/bin/gdbus-codegen' is not an ELF object
"'/usr/bin/gdbus-codegen' is not an ELF object" 
         not a plugin
QFactoryLoader::QFactoryLoader() looking at "/usr/bin/gdialog"
QElfParser: '/usr/bin/gdialog' is not an ELF object
"'/usr/bin/gdialog' is not an ELF object" 
         not a plugin
QFactoryLoader::QFactoryLoader() looking at "/usr/bin/gdm-screenshot"
"Failed to extract plugin meta data from '/usr/bin/gdm-screenshot'" 
         not a plugin
QFactoryLoader::QFactoryLoader() looking at "/usr/bin/gdmflexiserver"
"Failed to extract plugin meta data from '/usr/bin/gdmflexiserver'" 
         not a plugin
QFactoryLoader::QFactoryLoader() looking at "/usr/bin/gedit"
"Failed to extract plugin meta data from '/usr/bin/gedit'" 
         not a plugin
QFactoryLoader::QFactoryLoader() looking at "/usr/bin/genbrk"
"Failed to extract plugin meta data from '/usr/bin/genbrk'" 
         not a plugin
QFactoryLoader::QFactoryLoader() looking at "/usr/bin/gencat"
"Failed to extract plugin meta data from '/usr/bin/gencat'" 
         not a plugin
QFactoryLoader::QFactoryLoader() looking at "/usr/bin/gencfu"
"Failed to extract plugin meta data from '/usr/bin/gencfu'" 
         not a plugin
QFactoryLoader::QFactoryLoader() looking at "/usr/bin/gencnval"
"Failed to extract plugin meta data from '/usr/bin/gencnval'" 
         not a plugin
QFactoryLoader::QFactoryLoader() looking at "/usr/bin/gendict"
"Failed to extract plugin meta data from '/usr/bin/gendict'" 
         not a plugin
QFactoryLoader::QFactoryLoader() looking at "/usr/bin/gendiff"
QElfParser: '/usr/bin/gendiff' is not an ELF object
"'/usr/bin/gendiff' is not an ELF object" 
         not a plugin
QFactoryLoader::QFactoryLoader() looking at "/usr/bin/genfio"
QElfParser: '/usr/bin/genfio' is not an ELF object
"'/usr/bin/genfio' is not an ELF object" 
         not a plugin
QFactoryLoader::QFactoryLoader() looking at "/usr/bin/genisoimage"
"Failed to extract plugin meta data from '/usr/bin/genisoimage'" 
         not a plugin
QFactoryLoader::QFactoryLoader() looking at "/usr/bin/genrb"
"Failed to extract plugin meta data from '/usr/bin/genrb'" 
         not a plugin
QFactoryLoader::QFactoryLoader() looking at "/usr/bin/geod"
"Failed to extract plugin meta data from '/usr/bin/geod'" 
         not a plugin
QFactoryLoader::QFactoryLoader() looking at "/usr/bin/geqn"
"Failed to extract plugin meta data from '/usr/bin/eqn'" 
         not a plugin
QFactoryLoader::QFactoryLoader() looking at "/usr/bin/GET"
QElfParser: '/usr/bin/lwp-request' is not an ELF object
"'/usr/bin/lwp-request' is not an ELF object" 
         not a plugin
QFactoryLoader::QFactoryLoader() looking at "/usr/bin/getconf"
"Failed to extract plugin meta data from '/usr/bin/getconf'" 
         not a plugin
QFactoryLoader::QFactoryLoader() looking at "/usr/bin/geteltorito"
QElfParser: '/usr/bin/geteltorito' is not an ELF object
"'/usr/bin/geteltorito' is not an ELF object" 
         not a plugin
QFactoryLoader::QFactoryLoader() looking at "/usr/bin/getent"
"Failed to extract plugin meta data from '/usr/bin/getent'" 
         not a plugin
QFactoryLoader::QFactoryLoader() looking at "/usr/bin/getfacl"
"Failed to extract plugin meta data from '/usr/bin/getfacl'" 
         not a plugin
QFactoryLoader::QFactoryLoader() looking at "/usr/bin/getkeycodes"
"Failed to extract plugin meta data from '/usr/bin/getkeycodes'" 
         not a plugin
QFactoryLoader::QFactoryLoader() looking at "/usr/bin/getopt"
"Failed to extract plugin meta data from '/usr/bin/getopt'" 
         not a plugin
QFactoryLoader::QFactoryLoader() looking at "/usr/bin/gettext"
"Failed to extract plugin meta data from '/usr/bin/gettext'" 
         not a plugin
QFactoryLoader::QFactoryLoader() looking at "/usr/bin/gettext.sh"
QElfParser: '/usr/bin/gettext.sh' is not an ELF object
"'/usr/bin/gettext.sh' is not an ELF object" 
         not a plugin
QFactoryLoader::QFactoryLoader() looking at "/usr/bin/gfortran"
"Failed to extract plugin meta data from '/usr/bin/aarch64-linux-gnu-gfortran-9'" 
         not a plugin
QFactoryLoader::QFactoryLoader() looking at "/usr/bin/gfortran-9"
"Failed to extract plugin meta data from '/usr/bin/aarch64-linux-gnu-gfortran-9'" 
         not a plugin
QFactoryLoader::QFactoryLoader() looking at "/usr/bin/ghostscript"
"Failed to extract plugin meta data from '/usr/bin/gs'" 
         not a plugin
QFactoryLoader::QFactoryLoader() looking at "/usr/bin/gie"
"Failed to extract plugin meta data from '/usr/bin/gie'" 
         not a plugin
QFactoryLoader::QFactoryLoader() looking at "/usr/bin/gif2h5"
"Failed to extract plugin meta data from '/usr/bin/gif2h5'" 
         not a plugin
QFactoryLoader::QFactoryLoader() looking at "/usr/bin/ginstall-info"
"Failed to extract plugin meta data from '/usr/bin/install-info'" 
         not a plugin
QFactoryLoader::QFactoryLoader() looking at "/usr/bin/gio"
"Failed to extract plugin meta data from '/usr/bin/gio'" 
         not a plugin
QFactoryLoader::QFactoryLoader() looking at "/usr/bin/gio-querymodules"
"Failed to extract plugin meta data from '/usr/lib/aarch64-linux-gnu/glib-2.0/gio-querymodules'" 
         not a plugin
QFactoryLoader::QFactoryLoader() looking at "/usr/bin/git"
"Failed to extract plugin meta data from '/usr/bin/git'" 
         not a plugin
QFactoryLoader::QFactoryLoader() looking at "/usr/bin/git-receive-pack"
"Failed to extract plugin meta data from '/usr/bin/git'" 
         not a plugin
QFactoryLoader::QFactoryLoader() looking at "/usr/bin/git-shell"
"Failed to extract plugin meta data from '/usr/bin/git-shell'" 
         not a plugin
QFactoryLoader::QFactoryLoader() looking at "/usr/bin/git-upload-archive"
"Failed to extract plugin meta data from '/usr/bin/git'" 
         not a plugin
QFactoryLoader::QFactoryLoader() looking at "/usr/bin/git-upload-pack"
"Failed to extract plugin meta data from '/usr/bin/git'" 
         not a plugin
QFactoryLoader::QFactoryLoader() looking at "/usr/bin/gjs"
"Failed to extract plugin meta data from '/usr/bin/gjs-console'" 
         not a plugin
QFactoryLoader::QFactoryLoader() looking at "/usr/bin/gjs-console"
"Failed to extract plugin meta data from '/usr/bin/gjs-console'" 
         not a plugin
QFactoryLoader::QFactoryLoader() looking at "/usr/bin/gkbd-keyboard-display"
"Failed to extract plugin meta data from '/usr/bin/gkbd-keyboard-display'" 
         not a plugin
QFactoryLoader::QFactoryLoader() looking at "/usr/bin/glib-compile-resources"
"Failed to extract plugin meta data from '/usr/bin/glib-compile-resources'" 
         not a plugin
QFactoryLoader::QFactoryLoader() looking at "/usr/bin/glib-compile-schemas"
"Failed to extract plugin meta data from '/usr/lib/aarch64-linux-gnu/glib-2.0/glib-compile-schemas'" 
         not a plugin
QFactoryLoader::QFactoryLoader() looking at "/usr/bin/glib-genmarshal"
QElfParser: '/usr/bin/glib-genmarshal' is not an ELF object
"'/usr/bin/glib-genmarshal' is not an ELF object" 
         not a plugin
QFactoryLoader::QFactoryLoader() looking at "/usr/bin/glib-gettextize"
QElfParser: '/usr/bin/glib-gettextize' is not an ELF object
"'/usr/bin/glib-gettextize' is not an ELF object" 
         not a plugin
QFactoryLoader::QFactoryLoader() looking at "/usr/bin/glib-mkenums"
QElfParser: '/usr/bin/glib-mkenums' is not an ELF object
"'/usr/bin/glib-mkenums' is not an ELF object" 
         not a plugin
QFactoryLoader::QFactoryLoader() looking at "/usr/bin/glxdemo"
"Failed to extract plugin meta data from '/usr/bin/glxdemo'" 
         not a plugin
QFactoryLoader::QFactoryLoader() looking at "/usr/bin/glxgears"
"Failed to extract plugin meta data from '/usr/bin/glxgears'" 
         not a plugin
QFactoryLoader::QFactoryLoader() looking at "/usr/bin/glxheads"
"Failed to extract plugin meta data from '/usr/bin/glxheads'" 
         not a plugin
QFactoryLoader::QFactoryLoader() looking at "/usr/bin/glxinfo"
"Failed to extract plugin meta data from '/usr/bin/glxinfo'" 
         not a plugin
QFactoryLoader::QFactoryLoader() looking at "/usr/bin/gnome-calculator"
"Failed to extract plugin meta data from '/usr/bin/gnome-calculator'" 
         not a plugin
QFactoryLoader::QFactoryLoader() looking at "/usr/bin/gnome-calendar"
"Failed to extract plugin meta data from '/usr/bin/gnome-calendar'" 
         not a plugin
QFactoryLoader::QFactoryLoader() looking at "/usr/bin/gnome-characters"
QElfParser: '/usr/share/org.gnome.Characters/org.gnome.Characters' is not an ELF object
"'/usr/share/org.gnome.Characters/org.gnome.Characters' is not an ELF object" 
         not a plugin
QFactoryLoader::QFactoryLoader() looking at "/usr/bin/gnome-control-center"
"Failed to extract plugin meta data from '/usr/bin/gnome-control-center'" 
         not a plugin
QFactoryLoader::QFactoryLoader() looking at "/usr/bin/gnome-disk-image-mounter"
"Failed to extract plugin meta data from '/usr/bin/gnome-disk-image-mounter'" 
         not a plugin
QFactoryLoader::QFactoryLoader() looking at "/usr/bin/gnome-disks"
"Failed to extract plugin meta data from '/usr/bin/gnome-disks'" 
         not a plugin
QFactoryLoader::QFactoryLoader() looking at "/usr/bin/gnome-extensions"
"Failed to extract plugin meta data from '/usr/bin/gnome-extensions'" 
         not a plugin
QFactoryLoader::QFactoryLoader() looking at "/usr/bin/gnome-font-viewer"
"Failed to extract plugin meta data from '/usr/bin/gnome-font-viewer'" 
         not a plugin
QFactoryLoader::QFactoryLoader() looking at "/usr/bin/gnome-help"
"Failed to extract plugin meta data from '/usr/bin/yelp'" 
         not a plugin
QFactoryLoader::QFactoryLoader() looking at "/usr/bin/gnome-keyring"
"Failed to extract plugin meta data from '/usr/bin/gnome-keyring-3'" 
         not a plugin
QFactoryLoader::QFactoryLoader() looking at "/usr/bin/gnome-keyring-3"
"Failed to extract plugin meta data from '/usr/bin/gnome-keyring-3'" 
         not a plugin
QFactoryLoader::QFactoryLoader() looking at "/usr/bin/gnome-keyring-daemon"
"Failed to extract plugin meta data from '/usr/bin/gnome-keyring-daemon'" 
         not a plugin
QFactoryLoader::QFactoryLoader() looking at "/usr/bin/gnome-language-selector"
QElfParser: '/usr/bin/gnome-language-selector' is not an ELF object
"'/usr/bin/gnome-language-selector' is not an ELF object" 
         not a plugin
QFactoryLoader::QFactoryLoader() looking at "/usr/bin/gnome-logs"
"Failed to extract plugin meta data from '/usr/bin/gnome-logs'" 
         not a plugin
QFactoryLoader::QFactoryLoader() looking at "/usr/bin/gnome-power-statistics"
"Failed to extract plugin meta data from '/usr/bin/gnome-power-statistics'" 
         not a plugin
QFactoryLoader::QFactoryLoader() looking at "/usr/bin/gnome-screenshot"
"Failed to extract plugin meta data from '/usr/bin/gnome-screenshot'" 
         not a plugin
QFactoryLoader::QFactoryLoader() looking at "/usr/bin/gnome-session"
QElfParser: '/usr/bin/gnome-session' is not an ELF object
"'/usr/bin/gnome-session' is not an ELF object" 
         not a plugin
QFactoryLoader::QFactoryLoader() looking at "/usr/bin/gnome-session-custom-session"
QElfParser: '/usr/bin/gnome-session-custom-session' is not an ELF object (file too small)
"'/usr/bin/gnome-session-custom-session' is not an ELF object (file too small)" 
         not a plugin
QFactoryLoader::QFactoryLoader() looking at "/usr/bin/gnome-session-inhibit"
"Failed to extract plugin meta data from '/usr/bin/gnome-session-inhibit'" 
         not a plugin
QFactoryLoader::QFactoryLoader() looking at "/usr/bin/gnome-session-properties"
"Failed to extract plugin meta data from '/usr/bin/gnome-session-properties'" 
         not a plugin
QFactoryLoader::QFactoryLoader() looking at "/usr/bin/gnome-session-quit"
"Failed to extract plugin meta data from '/usr/bin/gnome-session-quit'" 
         not a plugin
QFactoryLoader::QFactoryLoader() looking at "/usr/bin/gnome-shell"
"Failed to extract plugin meta data from '/usr/bin/gnome-shell'" 
         not a plugin
QFactoryLoader::QFactoryLoader() looking at "/usr/bin/gnome-shell-extension-tool"
QElfParser: '/usr/bin/gnome-shell-extension-tool' is not an ELF object
"'/usr/bin/gnome-shell-extension-tool' is not an ELF object" 
         not a plugin
QFactoryLoader::QFactoryLoader() looking at "/usr/bin/gnome-shell-perf-tool"
QElfParser: '/usr/bin/gnome-shell-perf-tool' is not an ELF object
"'/usr/bin/gnome-shell-perf-tool' is not an ELF object" 
         not a plugin
QFactoryLoader::QFactoryLoader() looking at "/usr/bin/gnome-system-monitor"
"Failed to extract plugin meta data from '/usr/bin/gnome-system-monitor'" 
         not a plugin
QFactoryLoader::QFactoryLoader() looking at "/usr/bin/gnome-terminal"
QElfParser: '/usr/bin/gnome-terminal' is not an ELF object
"'/usr/bin/gnome-terminal' is not an ELF object" 
         not a plugin
QFactoryLoader::QFactoryLoader() looking at "/usr/bin/gnome-terminal.real"
"Failed to extract plugin meta data from '/usr/bin/gnome-terminal.real'" 
         not a plugin
QFactoryLoader::QFactoryLoader() looking at "/usr/bin/gnome-terminal.wrapper"
QElfParser: '/usr/bin/gnome-terminal.wrapper' is not an ELF object
"'/usr/bin/gnome-terminal.wrapper' is not an ELF object" 
         not a plugin
QFactoryLoader::QFactoryLoader() looking at "/usr/bin/gnome-text-editor"
"Failed to extract plugin meta data from '/usr/bin/gedit'" 
         not a plugin
QFactoryLoader::QFactoryLoader() looking at "/usr/bin/gnome-thumbnail-font"
"Failed to extract plugin meta data from '/usr/bin/gnome-thumbnail-font'" 
         not a plugin
QFactoryLoader::QFactoryLoader() looking at "/usr/bin/gnome-todo"
"Failed to extract plugin meta data from '/usr/bin/gnome-todo'" 
         not a plugin
QFactoryLoader::QFactoryLoader() looking at "/usr/bin/gnome-www-browser"
QElfParser: '/usr/lib/firefox/firefox.sh' is not an ELF object
"'/usr/lib/firefox/firefox.sh' is not an ELF object" 
         not a plugin
QFactoryLoader::QFactoryLoader() looking at "/usr/bin/gobject-query"
"Failed to extract plugin meta data from '/usr/bin/gobject-query'" 
         not a plugin
QFactoryLoader::QFactoryLoader() looking at "/usr/bin/gold"
"Failed to extract plugin meta data from '/usr/bin/aarch64-linux-gnu-ld.gold'" 
         not a plugin
QFactoryLoader::QFactoryLoader() looking at "/usr/bin/gpasswd"
"Failed to extract plugin meta data from '/usr/bin/gpasswd'" 
         not a plugin
QFactoryLoader::QFactoryLoader() looking at "/usr/bin/gpg"
"Failed to extract plugin meta data from '/usr/bin/gpg'" 
         not a plugin
QFactoryLoader::QFactoryLoader() looking at "/usr/bin/gpg-agent"
"Failed to extract plugin meta data from '/usr/bin/gpg-agent'" 
         not a plugin
QFactoryLoader::QFactoryLoader() looking at "/usr/bin/gpg-connect-agent"
"Failed to extract plugin meta data from '/usr/bin/gpg-connect-agent'" 
         not a plugin
QFactoryLoader::QFactoryLoader() looking at "/usr/bin/gpg-wks-server"
"Failed to extract plugin meta data from '/usr/bin/gpg-wks-server'" 
         not a plugin
QFactoryLoader::QFactoryLoader() looking at "/usr/bin/gpg-zip"
QElfParser: '/usr/bin/gpg-zip' is not an ELF object
"'/usr/bin/gpg-zip' is not an ELF object" 
         not a plugin
QFactoryLoader::QFactoryLoader() looking at "/usr/bin/gpgcompose"
"Failed to extract plugin meta data from '/usr/bin/gpgcompose'" 
         not a plugin
QFactoryLoader::QFactoryLoader() looking at "/usr/bin/gpgconf"
"Failed to extract plugin meta data from '/usr/bin/gpgconf'" 
         not a plugin
QFactoryLoader::QFactoryLoader() looking at "/usr/bin/gpgparsemail"
"Failed to extract plugin meta data from '/usr/bin/gpgparsemail'" 
         not a plugin
QFactoryLoader::QFactoryLoader() looking at "/usr/bin/gpgsm"
"Failed to extract plugin meta data from '/usr/bin/gpgsm'" 
         not a plugin
QFactoryLoader::QFactoryLoader() looking at "/usr/bin/gpgsplit"
"Failed to extract plugin meta data from '/usr/bin/gpgsplit'" 
         not a plugin
QFactoryLoader::QFactoryLoader() looking at "/usr/bin/gpgtar"
"Failed to extract plugin meta data from '/usr/bin/gpgtar'" 
         not a plugin
QFactoryLoader::QFactoryLoader() looking at "/usr/bin/gpgv"
"Failed to extract plugin meta data from '/usr/bin/gpgv'" 
         not a plugin
QFactoryLoader::QFactoryLoader() looking at "/usr/bin/gpic"
"Failed to extract plugin meta data from '/usr/bin/pic'" 
         not a plugin
QFactoryLoader::QFactoryLoader() looking at "/usr/bin/gprof"
"Failed to extract plugin meta data from '/usr/bin/aarch64-linux-gnu-gprof'" 
         not a plugin
QFactoryLoader::QFactoryLoader() looking at "/usr/bin/grep"
"Failed to extract plugin meta data from '/usr/bin/grep'" 
         not a plugin
QFactoryLoader::QFactoryLoader() looking at "/usr/bin/gresource"
"Failed to extract plugin meta data from '/usr/bin/gresource'" 
         not a plugin
QFactoryLoader::QFactoryLoader() looking at "/usr/bin/groff"
"Failed to extract plugin meta data from '/usr/bin/groff'" 
         not a plugin
QFactoryLoader::QFactoryLoader() looking at "/usr/bin/grog"
QElfParser: '/usr/bin/grog' is not an ELF object
"'/usr/bin/grog' is not an ELF object" 
         not a plugin
QFactoryLoader::QFactoryLoader() looking at "/usr/bin/grops"
"Failed to extract plugin meta data from '/usr/bin/grops'" 
         not a plugin
QFactoryLoader::QFactoryLoader() looking at "/usr/bin/grotty"
"Failed to extract plugin meta data from '/usr/bin/grotty'" 
         not a plugin
QFactoryLoader::QFactoryLoader() looking at "/usr/bin/groups"
"Failed to extract plugin meta data from '/usr/bin/groups'" 
         not a plugin
QFactoryLoader::QFactoryLoader() looking at "/usr/bin/gs"
"Failed to extract plugin meta data from '/usr/bin/gs'" 
         not a plugin
QFactoryLoader::QFactoryLoader() looking at "/usr/bin/gsbj"
QElfParser: '/usr/bin/gsbj' is not an ELF object
"'/usr/bin/gsbj' is not an ELF object" 
         not a plugin
QFactoryLoader::QFactoryLoader() looking at "/usr/bin/gsdj"
QElfParser: '/usr/bin/gsdj' is not an ELF object
"'/usr/bin/gsdj' is not an ELF object" 
         not a plugin
QFactoryLoader::QFactoryLoader() looking at "/usr/bin/gsdj500"
QElfParser: '/usr/bin/gsdj500' is not an ELF object
"'/usr/bin/gsdj500' is not an ELF object" 
         not a plugin
QFactoryLoader::QFactoryLoader() looking at "/usr/bin/gsettings"
"Failed to extract plugin meta data from '/usr/bin/gsettings'" 
         not a plugin
QFactoryLoader::QFactoryLoader() looking at "/usr/bin/gslj"
QElfParser: '/usr/bin/gslj' is not an ELF object
"'/usr/bin/gslj' is not an ELF object" 
         not a plugin
QFactoryLoader::QFactoryLoader() looking at "/usr/bin/gslp"
QElfParser: '/usr/bin/gslp' is not an ELF object
"'/usr/bin/gslp' is not an ELF object" 
         not a plugin
QFactoryLoader::QFactoryLoader() looking at "/usr/bin/gsnd"
QElfParser: '/usr/bin/gsnd' is not an ELF object
"'/usr/bin/gsnd' is not an ELF object" 
         not a plugin
QFactoryLoader::QFactoryLoader() looking at "/usr/bin/gst-device-monitor-1.0"
"Failed to extract plugin meta data from '/usr/bin/gst-device-monitor-1.0'" 
         not a plugin
QFactoryLoader::QFactoryLoader() looking at "/usr/bin/gst-discoverer-1.0"
"Failed to extract plugin meta data from '/usr/bin/gst-discoverer-1.0'" 
         not a plugin
QFactoryLoader::QFactoryLoader() looking at "/usr/bin/gst-inspect-1.0"
"Failed to extract plugin meta data from '/usr/bin/gst-inspect-1.0'" 
         not a plugin
QFactoryLoader::QFactoryLoader() looking at "/usr/bin/gst-install"
QElfParser: '/usr/bin/gst-install' is not an ELF object
"'/usr/bin/gst-install' is not an ELF object" 
         not a plugin
QFactoryLoader::QFactoryLoader() looking at "/usr/bin/gst-launch-1.0"
"Failed to extract plugin meta data from '/usr/bin/gst-launch-1.0'" 
         not a plugin
QFactoryLoader::QFactoryLoader() looking at "/usr/bin/gst-play-1.0"
"Failed to extract plugin meta data from '/usr/bin/gst-play-1.0'" 
         not a plugin
QFactoryLoader::QFactoryLoader() looking at "/usr/bin/gst-typefind-1.0"
"Failed to extract plugin meta data from '/usr/bin/gst-typefind-1.0'" 
         not a plugin
QFactoryLoader::QFactoryLoader() looking at "/usr/bin/gstreamer-codec-install"
"Failed to extract plugin meta data from '/usr/lib/packagekit/pk-gstreamer-install'" 
         not a plugin
QFactoryLoader::QFactoryLoader() looking at "/usr/bin/gtbl"
"Failed to extract plugin meta data from '/usr/bin/tbl'" 
         not a plugin
QFactoryLoader::QFactoryLoader() looking at "/usr/bin/gtester"
"Failed to extract plugin meta data from '/usr/bin/gtester'" 
         not a plugin
QFactoryLoader::QFactoryLoader() looking at "/usr/bin/gtester-report"
QElfParser: '/usr/bin/gtester-report' is not an ELF object
"'/usr/bin/gtester-report' is not an ELF object" 
         not a plugin
QFactoryLoader::QFactoryLoader() looking at "/usr/bin/gtf"
"Failed to extract plugin meta data from '/usr/bin/gtf'" 
         not a plugin
QFactoryLoader::QFactoryLoader() looking at "/usr/bin/gtk-update-icon-cache"
"Failed to extract plugin meta data from '/usr/bin/gtk-update-icon-cache'" 
         not a plugin
QFactoryLoader::QFactoryLoader() looking at "/usr/bin/gunzip"
QElfParser: '/usr/bin/gunzip' is not an ELF object
"'/usr/bin/gunzip' is not an ELF object" 
         not a plugin
QFactoryLoader::QFactoryLoader() looking at "/usr/bin/gvfs-cat"
QElfParser: '/usr/bin/gvfs-cat' is not an ELF object
"'/usr/bin/gvfs-cat' is not an ELF object" 
         not a plugin
QFactoryLoader::QFactoryLoader() looking at "/usr/bin/gvfs-copy"
QElfParser: '/usr/bin/gvfs-copy' is not an ELF object
"'/usr/bin/gvfs-copy' is not an ELF object" 
         not a plugin
QFactoryLoader::QFactoryLoader() looking at "/usr/bin/gvfs-info"
QElfParser: '/usr/bin/gvfs-info' is not an ELF object
"'/usr/bin/gvfs-info' is not an ELF object" 
         not a plugin
QFactoryLoader::QFactoryLoader() looking at "/usr/bin/gvfs-less"
QElfParser: '/usr/bin/gvfs-less' is not an ELF object
"'/usr/bin/gvfs-less' is not an ELF object" 
         not a plugin
QFactoryLoader::QFactoryLoader() looking at "/usr/bin/gvfs-ls"
QElfParser: '/usr/bin/gvfs-ls' is not an ELF object
"'/usr/bin/gvfs-ls' is not an ELF object" 
         not a plugin
QFactoryLoader::QFactoryLoader() looking at "/usr/bin/gvfs-mime"
QElfParser: '/usr/bin/gvfs-mime' is not an ELF object
"'/usr/bin/gvfs-mime' is not an ELF object" 
         not a plugin
QFactoryLoader::QFactoryLoader() looking at "/usr/bin/gvfs-mkdir"
QElfParser: '/usr/bin/gvfs-mkdir' is not an ELF object
"'/usr/bin/gvfs-mkdir' is not an ELF object" 
         not a plugin
QFactoryLoader::QFactoryLoader() looking at "/usr/bin/gvfs-monitor-dir"
QElfParser: '/usr/bin/gvfs-monitor-dir' is not an ELF object
"'/usr/bin/gvfs-monitor-dir' is not an ELF object" 
         not a plugin
QFactoryLoader::QFactoryLoader() looking at "/usr/bin/gvfs-monitor-file"
QElfParser: '/usr/bin/gvfs-monitor-file' is not an ELF object
"'/usr/bin/gvfs-monitor-file' is not an ELF object" 
         not a plugin
QFactoryLoader::QFactoryLoader() looking at "/usr/bin/gvfs-mount"
QElfParser: '/usr/bin/gvfs-mount' is not an ELF object
"'/usr/bin/gvfs-mount' is not an ELF object" 
         not a plugin
QFactoryLoader::QFactoryLoader() looking at "/usr/bin/gvfs-move"
QElfParser: '/usr/bin/gvfs-move' is not an ELF object
"'/usr/bin/gvfs-move' is not an ELF object" 
         not a plugin
QFactoryLoader::QFactoryLoader() looking at "/usr/bin/gvfs-open"
QElfParser: '/usr/bin/gvfs-open' is not an ELF object
"'/usr/bin/gvfs-open' is not an ELF object" 
         not a plugin
QFactoryLoader::QFactoryLoader() looking at "/usr/bin/gvfs-rename"
QElfParser: '/usr/bin/gvfs-rename' is not an ELF object
"'/usr/bin/gvfs-rename' is not an ELF object" 
         not a plugin
QFactoryLoader::QFactoryLoader() looking at "/usr/bin/gvfs-rm"
QElfParser: '/usr/bin/gvfs-rm' is not an ELF object
"'/usr/bin/gvfs-rm' is not an ELF object" 
         not a plugin
QFactoryLoader::QFactoryLoader() looking at "/usr/bin/gvfs-save"
QElfParser: '/usr/bin/gvfs-save' is not an ELF object
"'/usr/bin/gvfs-save' is not an ELF object" 
         not a plugin
QFactoryLoader::QFactoryLoader() looking at "/usr/bin/gvfs-set-attribute"
QElfParser: '/usr/bin/gvfs-set-attribute' is not an ELF object
"'/usr/bin/gvfs-set-attribute' is not an ELF object" 
         not a plugin
QFactoryLoader::QFactoryLoader() looking at "/usr/bin/gvfs-trash"
QElfParser: '/usr/bin/gvfs-trash' is not an ELF object
"'/usr/bin/gvfs-trash' is not an ELF object" 
         not a plugin
QFactoryLoader::QFactoryLoader() looking at "/usr/bin/gvfs-tree"
QElfParser: '/usr/bin/gvfs-tree' is not an ELF object
"'/usr/bin/gvfs-tree' is not an ELF object" 
         not a plugin
QFactoryLoader::QFactoryLoader() looking at "/usr/bin/gzexe"
QElfParser: '/usr/bin/gzexe' is not an ELF object
"'/usr/bin/gzexe' is not an ELF object" 
         not a plugin
QFactoryLoader::QFactoryLoader() looking at "/usr/bin/gzip"
"Failed to extract plugin meta data from '/usr/bin/gzip'" 
         not a plugin
QFactoryLoader::QFactoryLoader() looking at "/usr/bin/h2ph"
QElfParser: '/usr/bin/h2ph' is not an ELF object
"'/usr/bin/h2ph' is not an ELF object" 
         not a plugin
QFactoryLoader::QFactoryLoader() looking at "/usr/bin/h2xs"
QElfParser: '/usr/bin/h2xs' is not an ELF object
"'/usr/bin/h2xs' is not an ELF object" 
         not a plugin
QFactoryLoader::QFactoryLoader() looking at "/usr/bin/h52gif"
"Failed to extract plugin meta data from '/usr/bin/h52gif'" 
         not a plugin
QFactoryLoader::QFactoryLoader() looking at "/usr/bin/h5c++"
QElfParser: '/usr/bin/h5c++' is not an ELF object
"'/usr/bin/h5c++' is not an ELF object" 
         not a plugin
QFactoryLoader::QFactoryLoader() looking at "/usr/bin/h5cc"
QElfParser: '/usr/bin/h5cc' is not an ELF object
"'/usr/bin/h5cc' is not an ELF object" 
         not a plugin
QFactoryLoader::QFactoryLoader() looking at "/usr/bin/h5clear"
"Failed to extract plugin meta data from '/usr/bin/h5clear'" 
         not a plugin
QFactoryLoader::QFactoryLoader() looking at "/usr/bin/h5copy"
"Failed to extract plugin meta data from '/usr/bin/h5copy'" 
         not a plugin
QFactoryLoader::QFactoryLoader() looking at "/usr/bin/h5debug"
"Failed to extract plugin meta data from '/usr/bin/h5debug'" 
         not a plugin
QFactoryLoader::QFactoryLoader() looking at "/usr/bin/h5diff"
"Failed to extract plugin meta data from '/usr/bin/h5diff'" 
         not a plugin
QFactoryLoader::QFactoryLoader() looking at "/usr/bin/h5dump"
"Failed to extract plugin meta data from '/usr/bin/h5dump'" 
         not a plugin
QFactoryLoader::QFactoryLoader() looking at "/usr/bin/h5fc"
QElfParser: '/usr/bin/h5fc' is not an ELF object
"'/usr/bin/h5fc' is not an ELF object" 
         not a plugin
QFactoryLoader::QFactoryLoader() looking at "/usr/bin/h5import"
"Failed to extract plugin meta data from '/usr/bin/h5import'" 
         not a plugin
QFactoryLoader::QFactoryLoader() looking at "/usr/bin/h5jam"
"Failed to extract plugin meta data from '/usr/bin/h5jam'" 
         not a plugin
QFactoryLoader::QFactoryLoader() looking at "/usr/bin/h5ls"
"Failed to extract plugin meta data from '/usr/bin/h5ls'" 
         not a plugin
QFactoryLoader::QFactoryLoader() looking at "/usr/bin/h5mkgrp"
"Failed to extract plugin meta data from '/usr/bin/h5mkgrp'" 
         not a plugin
QFactoryLoader::QFactoryLoader() looking at "/usr/bin/h5perf_serial"
"Failed to extract plugin meta data from '/usr/bin/h5perf_serial'" 
         not a plugin
QFactoryLoader::QFactoryLoader() looking at "/usr/bin/h5redeploy"
QElfParser: '/usr/bin/h5redeploy' is not an ELF object
"'/usr/bin/h5redeploy' is not an ELF object" 
         not a plugin
QFactoryLoader::QFactoryLoader() looking at "/usr/bin/h5repack"
"Failed to extract plugin meta data from '/usr/bin/h5repack'" 
         not a plugin
QFactoryLoader::QFactoryLoader() looking at "/usr/bin/h5repart"
"Failed to extract plugin meta data from '/usr/bin/h5repart'" 
         not a plugin
QFactoryLoader::QFactoryLoader() looking at "/usr/bin/h5stat"
"Failed to extract plugin meta data from '/usr/bin/h5stat'" 
         not a plugin
QFactoryLoader::QFactoryLoader() looking at "/usr/bin/h5unjam"
"Failed to extract plugin meta data from '/usr/bin/h5unjam'" 
         not a plugin
QFactoryLoader::QFactoryLoader() looking at "/usr/bin/hardinfo"
"Failed to extract plugin meta data from '/usr/bin/hardinfo'" 
         not a plugin
QFactoryLoader::QFactoryLoader() looking at "/usr/bin/hciattach"
"Failed to extract plugin meta data from '/usr/bin/hciattach'" 
         not a plugin
QFactoryLoader::QFactoryLoader() looking at "/usr/bin/hciconfig"
"Failed to extract plugin meta data from '/usr/bin/hciconfig'" 
         not a plugin
QFactoryLoader::QFactoryLoader() looking at "/usr/bin/hcitool"
"Failed to extract plugin meta data from '/usr/bin/hcitool'" 
         not a plugin
QFactoryLoader::QFactoryLoader() looking at "/usr/bin/hd"
"Failed to extract plugin meta data from '/usr/bin/hexdump'" 
         not a plugin
QFactoryLoader::QFactoryLoader() looking at "/usr/bin/HEAD"
QElfParser: '/usr/bin/lwp-request' is not an ELF object
"'/usr/bin/lwp-request' is not an ELF object" 
         not a plugin
QFactoryLoader::QFactoryLoader() looking at "/usr/bin/head"
"Failed to extract plugin meta data from '/usr/bin/head'" 
         not a plugin
QFactoryLoader::QFactoryLoader() looking at "/usr/bin/helpztags"
QElfParser: '/usr/bin/helpztags' is not an ELF object
"'/usr/bin/helpztags' is not an ELF object" 
         not a plugin
QFactoryLoader::QFactoryLoader() looking at "/usr/bin/hex2hcd"
"Failed to extract plugin meta data from '/usr/bin/hex2hcd'" 
         not a plugin
QFactoryLoader::QFactoryLoader() looking at "/usr/bin/hexdump"
"Failed to extract plugin meta data from '/usr/bin/hexdump'" 
         not a plugin
QFactoryLoader::QFactoryLoader() looking at "/usr/bin/host"
"Failed to extract plugin meta data from '/usr/bin/host'" 
         not a plugin
QFactoryLoader::QFactoryLoader() looking at "/usr/bin/hostid"
"Failed to extract plugin meta data from '/usr/bin/hostid'" 
         not a plugin
QFactoryLoader::QFactoryLoader() looking at "/usr/bin/hostname"
"Failed to extract plugin meta data from '/usr/bin/hostname'" 
         not a plugin
QFactoryLoader::QFactoryLoader() looking at "/usr/bin/hostnamectl"
"Failed to extract plugin meta data from '/usr/bin/hostnamectl'" 
         not a plugin
QFactoryLoader::QFactoryLoader() looking at "/usr/bin/htop"
"Failed to extract plugin meta data from '/usr/bin/htop'" 
         not a plugin
QFactoryLoader::QFactoryLoader() looking at "/usr/bin/hwe-support-status"
QElfParser: '/usr/bin/hwe-support-status' is not an ELF object
"'/usr/bin/hwe-support-status' is not an ELF object" 
         not a plugin
QFactoryLoader::QFactoryLoader() looking at "/usr/bin/ibus"
"Failed to extract plugin meta data from '/usr/bin/ibus'" 
         not a plugin
QFactoryLoader::QFactoryLoader() looking at "/usr/bin/ibus-daemon"
"Failed to extract plugin meta data from '/usr/bin/ibus-daemon'" 
         not a plugin
QFactoryLoader::QFactoryLoader() looking at "/usr/bin/ibus-setup"
QElfParser: '/usr/bin/ibus-setup' is not an ELF object
"'/usr/bin/ibus-setup' is not an ELF object" 
         not a plugin
QFactoryLoader::QFactoryLoader() looking at "/usr/bin/ibus-table-createdb"
QElfParser: '/usr/bin/ibus-table-createdb' is not an ELF object
"'/usr/bin/ibus-table-createdb' is not an ELF object" 
         not a plugin
QFactoryLoader::QFactoryLoader() looking at "/usr/bin/iceauth"
"Failed to extract plugin meta data from '/usr/bin/iceauth'" 
         not a plugin
QFactoryLoader::QFactoryLoader() looking at "/usr/bin/ico"
"Failed to extract plugin meta data from '/usr/bin/ico'" 
         not a plugin
QFactoryLoader::QFactoryLoader() looking at "/usr/bin/iconv"
"Failed to extract plugin meta data from '/usr/bin/iconv'" 
         not a plugin
QFactoryLoader::QFactoryLoader() looking at "/usr/bin/icuinfo"
"Failed to extract plugin meta data from '/usr/bin/icuinfo'" 
         not a plugin
QFactoryLoader::QFactoryLoader() looking at "/usr/bin/id"
"Failed to extract plugin meta data from '/usr/bin/id'" 
         not a plugin
QFactoryLoader::QFactoryLoader() looking at "/usr/bin/ids_afl_features_live_qtwidgets_cpp"
QElfParser: '/usr/bin/ids_afl_features_live_qtwidgets_cpp' is not an ELF object
"'/usr/bin/ids_afl_features_live_qtwidgets_cpp' is not an ELF object" 
         not a plugin
QFactoryLoader::QFactoryLoader() looking at "/usr/bin/ids_chunks_live_qtwidgets_cpp"
QElfParser: '/usr/bin/ids_chunks_live_qtwidgets_cpp' is not an ELF object
"'/usr/bin/ids_chunks_live_qtwidgets_cpp' is not an ELF object" 
         not a plugin
QFactoryLoader::QFactoryLoader() looking at "/usr/bin/ids_configure_camera_gfa_c"
QElfParser: '/usr/bin/ids_configure_camera_gfa_c' is not an ELF object
"'/usr/bin/ids_configure_camera_gfa_c' is not an ELF object" 
         not a plugin
QFactoryLoader::QFactoryLoader() looking at "/usr/bin/ids_device_tree_cpp"
QElfParser: '/usr/bin/ids_device_tree_cpp' is not an ELF object
"'/usr/bin/ids_device_tree_cpp' is not an ELF object" 
         not a plugin
QFactoryLoader::QFactoryLoader() looking at "/usr/bin/ids_devicecommand"
QElfParser: '/usr/bin/ids_devicecommand' is not an ELF object
"'/usr/bin/ids_devicecommand' is not an ELF object" 
         not a plugin
QFactoryLoader::QFactoryLoader() looking at "/usr/bin/ids_devicepassword"
QElfParser: '/usr/bin/ids_devicepassword' is not an ELF object
"'/usr/bin/ids_devicepassword' is not an ELF object" 
         not a plugin
QFactoryLoader::QFactoryLoader() looking at "/usr/bin/ids_devicepassword_gui"
QElfParser: '/usr/bin/ids_devicepassword_gui' is not an ELF object
"'/usr/bin/ids_devicepassword_gui' is not an ELF object" 
         not a plugin
QFactoryLoader::QFactoryLoader() looking at "/usr/bin/ids_deviceupdate"
QElfParser: '/usr/bin/ids_deviceupdate' is not an ELF object
"'/usr/bin/ids_deviceupdate' is not an ELF object" 
         not a plugin
QFactoryLoader::QFactoryLoader() looking at "/usr/bin/ids_firmware_update_c"
QElfParser: '/usr/bin/ids_firmware_update_c' is not an ELF object
"'/usr/bin/ids_firmware_update_c' is not an ELF object" 
         not a plugin
QFactoryLoader::QFactoryLoader() looking at "/usr/bin/ids_firmware_update_cpp"
QElfParser: '/usr/bin/ids_firmware_update_cpp' is not an ELF object
"'/usr/bin/ids_firmware_update_cpp' is not an ELF object" 
         not a plugin
QFactoryLoader::QFactoryLoader() looking at "/usr/bin/ids_firmware_update_csharp"
QElfParser: '/usr/bin/ids_firmware_update_csharp' is not an ELF object
"'/usr/bin/ids_firmware_update_csharp' is not an ELF object" 
         not a plugin
QFactoryLoader::QFactoryLoader() looking at "/usr/bin/ids_firmware_update_python"
QElfParser: '/usr/bin/ids_firmware_update_python' is not an ELF object
"'/usr/bin/ids_firmware_update_python' is not an ELF object" 
         not a plugin
QFactoryLoader::QFactoryLoader() looking at "/usr/bin/ids_get_first_pixel_cpp"
QElfParser: '/usr/bin/ids_get_first_pixel_cpp' is not an ELF object
"'/usr/bin/ids_get_first_pixel_cpp' is not an ELF object" 
         not a plugin
QFactoryLoader::QFactoryLoader() looking at "/usr/bin/ids_host_auto_features_live_qtwidgets_cpp"
QElfParser: '/usr/bin/ids_host_auto_features_live_qtwidgets_cpp' is not an ELF object
"'/usr/bin/ids_host_auto_features_live_qtwidgets_cpp' is not an ELF object" 
         not a plugin
QFactoryLoader::QFactoryLoader() looking at "/usr/bin/ids_i2c_c"
QElfParser: '/usr/bin/ids_i2c_c' is not an ELF object
"'/usr/bin/ids_i2c_c' is not an ELF object" 
         not a plugin
QFactoryLoader::QFactoryLoader() looking at "/usr/bin/ids_inference_c"
QElfParser: '/usr/bin/ids_inference_c' is not an ELF object
"'/usr/bin/ids_inference_c' is not an ELF object" 
         not a plugin
QFactoryLoader::QFactoryLoader() looking at "/usr/bin/ids_ipconfig"
QElfParser: '/usr/bin/ids_ipconfig' is not an ELF object
"'/usr/bin/ids_ipconfig' is not an ELF object" 
         not a plugin
QFactoryLoader::QFactoryLoader() looking at "/usr/bin/ids_ipl_features_live_qtwidgets_c"
QElfParser: '/usr/bin/ids_ipl_features_live_qtwidgets_c' is not an ELF object
"'/usr/bin/ids_ipl_features_live_qtwidgets_c' is not an ELF object" 
         not a plugin
QFactoryLoader::QFactoryLoader() looking at "/usr/bin/ids_lego_trigger_cpp"
QElfParser: '/usr/bin/ids_lego_trigger_cpp' is not an ELF object
"'/usr/bin/ids_lego_trigger_cpp' is not an ELF object" 
         not a plugin
QFactoryLoader::QFactoryLoader() looking at "/usr/bin/ids_linescan_live_qtwidgets_cpp"
QElfParser: '/usr/bin/ids_linescan_live_qtwidgets_cpp' is not an ELF object
"'/usr/bin/ids_linescan_live_qtwidgets_cpp' is not an ELF object" 
         not a plugin
QFactoryLoader::QFactoryLoader() looking at "/usr/bin/ids_message_queue_c"
QElfParser: '/usr/bin/ids_message_queue_c' is not an ELF object
"'/usr/bin/ids_message_queue_c' is not an ELF object" 
         not a plugin
QFactoryLoader::QFactoryLoader() looking at "/usr/bin/ids_multi_camera_live_qtwidgets_cpp"
QElfParser: '/usr/bin/ids_multi_camera_live_qtwidgets_cpp' is not an ELF object
"'/usr/bin/ids_multi_camera_live_qtwidgets_cpp' is not an ELF object" 
         not a plugin
QFactoryLoader::QFactoryLoader() looking at "/usr/bin/ids_open_camera_by_serno_cpp"
QElfParser: '/usr/bin/ids_open_camera_by_serno_cpp' is not an ELF object
"'/usr/bin/ids_open_camera_by_serno_cpp' is not an ELF object" 
         not a plugin
QFactoryLoader::QFactoryLoader() looking at "/usr/bin/ids_open_camera_cpp"
QElfParser: '/usr/bin/ids_open_camera_cpp' is not an ELF object
"'/usr/bin/ids_open_camera_cpp' is not an ELF object" 
         not a plugin
QFactoryLoader::QFactoryLoader() looking at "/usr/bin/ids_open_camera_csharp"
QElfParser: '/usr/bin/ids_open_camera_csharp' is not an ELF object
"'/usr/bin/ids_open_camera_csharp' is not an ELF object" 
         not a plugin
QFactoryLoader::QFactoryLoader() looking at "/usr/bin/ids_open_camera_load_userset_default_cpp"
QElfParser: '/usr/bin/ids_open_camera_load_userset_default_cpp' is not an ELF object
"'/usr/bin/ids_open_camera_load_userset_default_cpp' is not an ELF object" 
         not a plugin
QFactoryLoader::QFactoryLoader() looking at "/usr/bin/ids_open_camera_python"
QElfParser: '/usr/bin/ids_open_camera_python' is not an ELF object
"'/usr/bin/ids_open_camera_python' is not an ELF object" 
         not a plugin
QFactoryLoader::QFactoryLoader() looking at "/usr/bin/ids_open_camera_select_cti_cpp"
QElfParser: '/usr/bin/ids_open_camera_select_cti_cpp' is not an ELF object
"'/usr/bin/ids_open_camera_select_cti_cpp' is not an ELF object" 
         not a plugin
QFactoryLoader::QFactoryLoader() looking at "/usr/bin/ids_peak_cockpit"
QElfParser: '/usr/bin/ids_peak_cockpit' is not an ELF object
"'/usr/bin/ids_peak_cockpit' is not an ELF object" 
         not a plugin
QFactoryLoader::QFactoryLoader() looking at "/usr/bin/ids_reconnect_c"
QElfParser: '/usr/bin/ids_reconnect_c' is not an ELF object
"'/usr/bin/ids_reconnect_c' is not an ELF object" 
         not a plugin
QFactoryLoader::QFactoryLoader() looking at "/usr/bin/ids_reconnect_callbacks_cpp"
QElfParser: '/usr/bin/ids_reconnect_callbacks_cpp' is not an ELF object
"'/usr/bin/ids_reconnect_callbacks_cpp' is not an ELF object" 
         not a plugin
QFactoryLoader::QFactoryLoader() looking at "/usr/bin/ids_reconnect_callbacks_csharp"
QElfParser: '/usr/bin/ids_reconnect_callbacks_csharp' is not an ELF object
"'/usr/bin/ids_reconnect_callbacks_csharp' is not an ELF object" 
         not a plugin
QFactoryLoader::QFactoryLoader() looking at "/usr/bin/ids_reconnect_callbacks_python"
QElfParser: '/usr/bin/ids_reconnect_callbacks_python' is not an ELF object
"'/usr/bin/ids_reconnect_callbacks_python' is not an ELF object" 
         not a plugin
QFactoryLoader::QFactoryLoader() looking at "/usr/bin/ids_record_video_and_change_parameter_python"
QElfParser: '/usr/bin/ids_record_video_and_change_parameter_python' is not an ELF object
"'/usr/bin/ids_record_video_and_change_parameter_python' is not an ELF object" 
         not a plugin
QFactoryLoader::QFactoryLoader() looking at "/usr/bin/ids_record_video_c"
QElfParser: '/usr/bin/ids_record_video_c' is not an ELF object
"'/usr/bin/ids_record_video_c' is not an ELF object" 
         not a plugin
QFactoryLoader::QFactoryLoader() looking at "/usr/bin/ids_remote_device_events_cpp"
QElfParser: '/usr/bin/ids_remote_device_events_cpp' is not an ELF object
"'/usr/bin/ids_remote_device_events_cpp' is not an ELF object" 
         not a plugin
QFactoryLoader::QFactoryLoader() looking at "/usr/bin/ids_save_images_live_qtwidgets_cpp"
QElfParser: '/usr/bin/ids_save_images_live_qtwidgets_cpp' is not an ELF object
"'/usr/bin/ids_save_images_live_qtwidgets_cpp' is not an ELF object" 
         not a plugin
QFactoryLoader::QFactoryLoader() looking at "/usr/bin/ids_sequencer_qtwidgets_c"
QElfParser: '/usr/bin/ids_sequencer_qtwidgets_c' is not an ELF object
"'/usr/bin/ids_sequencer_qtwidgets_c' is not an ELF object" 
         not a plugin
QFactoryLoader::QFactoryLoader() looking at "/usr/bin/ids_simple_live_qtwidgets_c"
QElfParser: '/usr/bin/ids_simple_live_qtwidgets_c' is not an ELF object
"'/usr/bin/ids_simple_live_qtwidgets_c' is not an ELF object" 
         not a plugin
QFactoryLoader::QFactoryLoader() looking at "/usr/bin/ids_simple_live_qtwidgets_cpp"
QElfParser: '/usr/bin/ids_simple_live_qtwidgets_cpp' is not an ELF object
"'/usr/bin/ids_simple_live_qtwidgets_cpp' is not an ELF object" 
         not a plugin
QFactoryLoader::QFactoryLoader() looking at "/usr/bin/ids_simple_live_qtwidgets_python"
QElfParser: '/usr/bin/ids_simple_live_qtwidgets_python' is not an ELF object
"'/usr/bin/ids_simple_live_qtwidgets_python' is not an ELF object" 
         not a plugin
QFactoryLoader::QFactoryLoader() looking at "/usr/bin/ids_start_stop_acquisition_software_trigger_python"
QElfParser: '/usr/bin/ids_start_stop_acquisition_software_trigger_python' is not an ELF object
"'/usr/bin/ids_start_stop_acquisition_software_trigger_python' is not an ELF object" 
         not a plugin
QFactoryLoader::QFactoryLoader() looking at "/usr/bin/ids_support_tool"
QElfParser: '/usr/bin/ids_support_tool' is not an ELF object
"'/usr/bin/ids_support_tool' is not an ELF object" 
         not a plugin
QFactoryLoader::QFactoryLoader() looking at "/usr/bin/ids_trigger_live_qtwidgets_c"
QElfParser: '/usr/bin/ids_trigger_live_qtwidgets_c' is not an ELF object
"'/usr/bin/ids_trigger_live_qtwidgets_c' is not an ELF object" 
         not a plugin
QFactoryLoader::QFactoryLoader() looking at "/usr/bin/ids_walkthrough_c"
QElfParser: '/usr/bin/ids_walkthrough_c' is not an ELF object
"'/usr/bin/ids_walkthrough_c' is not an ELF object" 
         not a plugin
QFactoryLoader::QFactoryLoader() looking at "/usr/bin/ids_walkthrough_cpp"
QElfParser: '/usr/bin/ids_walkthrough_cpp' is not an ELF object
"'/usr/bin/ids_walkthrough_cpp' is not an ELF object" 
         not a plugin
QFactoryLoader::QFactoryLoader() looking at "/usr/bin/iecset"
"Failed to extract plugin meta data from '/usr/bin/iecset'" 
         not a plugin
QFactoryLoader::QFactoryLoader() looking at "/usr/bin/ifnames"
QElfParser: '/usr/bin/ifnames' is not an ELF object
"'/usr/bin/ifnames' is not an ELF object" 
         not a plugin
QFactoryLoader::QFactoryLoader() looking at "/usr/bin/im-config"
QElfParser: '/usr/bin/im-config' is not an ELF object
"'/usr/bin/im-config' is not an ELF object" 
         not a plugin
QFactoryLoader::QFactoryLoader() looking at "/usr/bin/im-launch"
QElfParser: '/usr/bin/im-launch' is not an ELF object
"'/usr/bin/im-launch' is not an ELF object" 
         not a plugin
QFactoryLoader::QFactoryLoader() looking at "/usr/bin/info"
"Failed to extract plugin meta data from '/usr/bin/info'" 
         not a plugin
QFactoryLoader::QFactoryLoader() looking at "/usr/bin/infobrowser"
"Failed to extract plugin meta data from '/usr/bin/info'" 
         not a plugin
QFactoryLoader::QFactoryLoader() looking at "/usr/bin/infocmp"
"Failed to extract plugin meta data from '/usr/bin/infocmp'" 
         not a plugin
QFactoryLoader::QFactoryLoader() looking at "/usr/bin/infotocap"
"Failed to extract plugin meta data from '/usr/bin/tic'" 
         not a plugin
QFactoryLoader::QFactoryLoader() looking at "/usr/bin/inputattach"
"Failed to extract plugin meta data from '/usr/bin/inputattach'" 
         not a plugin
QFactoryLoader::QFactoryLoader() looking at "/usr/bin/install"
"Failed to extract plugin meta data from '/usr/bin/install'" 
         not a plugin
QFactoryLoader::QFactoryLoader() looking at "/usr/bin/install-info"
"Failed to extract plugin meta data from '/usr/bin/install-info'" 
         not a plugin
QFactoryLoader::QFactoryLoader() looking at "/usr/bin/install-printerdriver"
QElfParser: '/usr/bin/install-printerdriver' is not an ELF object
"'/usr/bin/install-printerdriver' is not an ELF object" 
         not a plugin
QFactoryLoader::QFactoryLoader() looking at "/usr/bin/instmodsh"
QElfParser: '/usr/bin/instmodsh' is not an ELF object
"'/usr/bin/instmodsh' is not an ELF object" 
         not a plugin
QFactoryLoader::QFactoryLoader() looking at "/usr/bin/invgeod"
"Failed to extract plugin meta data from '/usr/bin/geod'" 
         not a plugin
QFactoryLoader::QFactoryLoader() looking at "/usr/bin/invproj"
"Failed to extract plugin meta data from '/usr/bin/proj'" 
         not a plugin
QFactoryLoader::QFactoryLoader() looking at "/usr/bin/ionice"
"Failed to extract plugin meta data from '/usr/bin/ionice'" 
         not a plugin
QFactoryLoader::QFactoryLoader() looking at "/usr/bin/ip"
"Failed to extract plugin meta data from '/usr/bin/ip'" 
         not a plugin
QFactoryLoader::QFactoryLoader() looking at "/usr/bin/ipcmk"
"Failed to extract plugin meta data from '/usr/bin/ipcmk'" 
         not a plugin
QFactoryLoader::QFactoryLoader() looking at "/usr/bin/ipcrm"
"Failed to extract plugin meta data from '/usr/bin/ipcrm'" 
         not a plugin
QFactoryLoader::QFactoryLoader() looking at "/usr/bin/ipcs"
"Failed to extract plugin meta data from '/usr/bin/ipcs'" 
         not a plugin
QFactoryLoader::QFactoryLoader() looking at "/usr/bin/iperf3"
"Failed to extract plugin meta data from '/usr/bin/iperf3'" 
         not a plugin
QFactoryLoader::QFactoryLoader() looking at "/usr/bin/ipod-read-sysinfo-extended"
"Failed to extract plugin meta data from '/usr/bin/ipod-read-sysinfo-extended'" 
         not a plugin
QFactoryLoader::QFactoryLoader() looking at "/usr/bin/ipod-time-sync"
"Failed to extract plugin meta data from '/usr/bin/ipod-time-sync'" 
         not a plugin
QFactoryLoader::QFactoryLoader() looking at "/usr/bin/iptables-xml"
"Failed to extract plugin meta data from '/usr/sbin/xtables-legacy-multi'" 
         not a plugin
QFactoryLoader::QFactoryLoader() looking at "/usr/bin/ischroot"
"Failed to extract plugin meta data from '/usr/bin/ischroot'" 
         not a plugin
QFactoryLoader::QFactoryLoader() looking at "/usr/bin/isdv4-serial-debugger"
"Failed to extract plugin meta data from '/usr/bin/isdv4-serial-debugger'" 
         not a plugin
QFactoryLoader::QFactoryLoader() looking at "/usr/bin/isdv4-serial-inputattach"
"Failed to extract plugin meta data from '/usr/bin/isdv4-serial-inputattach'" 
         not a plugin
QFactoryLoader::QFactoryLoader() looking at "/usr/bin/isodump"
"Failed to extract plugin meta data from '/usr/bin/isodump'" 
         not a plugin
QFactoryLoader::QFactoryLoader() looking at "/usr/bin/isoinfo"
"Failed to extract plugin meta data from '/usr/bin/isoinfo'" 
         not a plugin
QFactoryLoader::QFactoryLoader() looking at "/usr/bin/isotpdump"
"Failed to extract plugin meta data from '/usr/bin/isotpdump'" 
         not a plugin
QFactoryLoader::QFactoryLoader() looking at "/usr/bin/isotpperf"
"Failed to extract plugin meta data from '/usr/bin/isotpperf'" 
         not a plugin
QFactoryLoader::QFactoryLoader() looking at "/usr/bin/isotprecv"
"Failed to extract plugin meta data from '/usr/bin/isotprecv'" 
         not a plugin
QFactoryLoader::QFactoryLoader() looking at "/usr/bin/isotpsend"
"Failed to extract plugin meta data from '/usr/bin/isotpsend'" 
         not a plugin
QFactoryLoader::QFactoryLoader() looking at "/usr/bin/isotpserver"
"Failed to extract plugin meta data from '/usr/bin/isotpserver'" 
         not a plugin
QFactoryLoader::QFactoryLoader() looking at "/usr/bin/isotpsniffer"
"Failed to extract plugin meta data from '/usr/bin/isotpsniffer'" 
         not a plugin
QFactoryLoader::QFactoryLoader() looking at "/usr/bin/isotptun"
"Failed to extract plugin meta data from '/usr/bin/isotptun'" 
         not a plugin
QFactoryLoader::QFactoryLoader() looking at "/usr/bin/isovfy"
"Failed to extract plugin meta data from '/usr/bin/isovfy'" 
         not a plugin
QFactoryLoader::QFactoryLoader() looking at "/usr/bin/ispell-wrapper"
QElfParser: '/usr/bin/ispell-wrapper' is not an ELF object
"'/usr/bin/ispell-wrapper' is not an ELF object" 
         not a plugin
QFactoryLoader::QFactoryLoader() looking at "/usr/bin/jacd"
"Failed to extract plugin meta data from '/usr/bin/jacd'" 
         not a plugin
QFactoryLoader::QFactoryLoader() looking at "/usr/bin/jetson_clocks"
QElfParser: '/usr/bin/jetson_clocks' is not an ELF object
"'/usr/bin/jetson_clocks' is not an ELF object" 
         not a plugin
QFactoryLoader::QFactoryLoader() looking at "/usr/bin/join"
"Failed to extract plugin meta data from '/usr/bin/join'" 
         not a plugin
QFactoryLoader::QFactoryLoader() looking at "/usr/bin/journalctl"
"Failed to extract plugin meta data from '/usr/bin/journalctl'" 
         not a plugin
QFactoryLoader::QFactoryLoader() looking at "/usr/bin/jpgicc"
"Failed to extract plugin meta data from '/usr/bin/jpgicc'" 
         not a plugin
QFactoryLoader::QFactoryLoader() looking at "/usr/bin/json_pp"
QElfParser: '/usr/bin/json_pp' is not an ELF object
"'/usr/bin/json_pp' is not an ELF object" 
         not a plugin
QFactoryLoader::QFactoryLoader() looking at "/usr/bin/jspy"
"Failed to extract plugin meta data from '/usr/bin/jspy'" 
         not a plugin
QFactoryLoader::QFactoryLoader() looking at "/usr/bin/jsr"
"Failed to extract plugin meta data from '/usr/bin/jsr'" 
         not a plugin
QFactoryLoader::QFactoryLoader() looking at "/usr/bin/kbd_mode"
"Failed to extract plugin meta data from '/usr/bin/kbd_mode'" 
         not a plugin
QFactoryLoader::QFactoryLoader() looking at "/usr/bin/kbdinfo"
"Failed to extract plugin meta data from '/usr/bin/kbdinfo'" 
         not a plugin
QFactoryLoader::QFactoryLoader() looking at "/usr/bin/kbxutil"
"Failed to extract plugin meta data from '/usr/bin/kbxutil'" 
         not a plugin
QFactoryLoader::QFactoryLoader() looking at "/usr/bin/kernel-install"
QElfParser: '/usr/bin/kernel-install' is not an ELF object
"'/usr/bin/kernel-install' is not an ELF object" 
         not a plugin
QFactoryLoader::QFactoryLoader() looking at "/usr/bin/kerneloops-submit"
"Failed to extract plugin meta data from '/usr/bin/kerneloops-submit'" 
         not a plugin
QFactoryLoader::QFactoryLoader() looking at "/usr/bin/keyctl"
"Failed to extract plugin meta data from '/usr/bin/keyctl'" 
         not a plugin
QFactoryLoader::QFactoryLoader() looking at "/usr/bin/keyring"
QElfParser: '/usr/bin/keyring' is not an ELF object
"'/usr/bin/keyring' is not an ELF object" 
         not a plugin
QFactoryLoader::QFactoryLoader() looking at "/usr/bin/kill"
"Failed to extract plugin meta data from '/usr/bin/kill'" 
         not a plugin
QFactoryLoader::QFactoryLoader() looking at "/usr/bin/killall"
"Failed to extract plugin meta data from '/usr/bin/killall'" 
         not a plugin
QFactoryLoader::QFactoryLoader() looking at "/usr/bin/kmod"
"Failed to extract plugin meta data from '/usr/bin/kmod'" 
         not a plugin
QFactoryLoader::QFactoryLoader() looking at "/usr/bin/koi8rxterm"
QElfParser: '/usr/bin/koi8rxterm' is not an ELF object
"'/usr/bin/koi8rxterm' is not an ELF object" 
         not a plugin
QFactoryLoader::QFactoryLoader() looking at "/usr/bin/l2ping"
"Failed to extract plugin meta data from '/usr/bin/l2ping'" 
         not a plugin
QFactoryLoader::QFactoryLoader() looking at "/usr/bin/l2test"
"Failed to extract plugin meta data from '/usr/bin/l2test'" 
         not a plugin
QFactoryLoader::QFactoryLoader() looking at "/usr/bin/laptop-detect"
QElfParser: '/usr/bin/laptop-detect' is not an ELF object
"'/usr/bin/laptop-detect' is not an ELF object" 
         not a plugin
QFactoryLoader::QFactoryLoader() looking at "/usr/bin/last"
"Failed to extract plugin meta data from '/usr/bin/last'" 
         not a plugin
QFactoryLoader::QFactoryLoader() looking at "/usr/bin/lastb"
"Failed to extract plugin meta data from '/usr/bin/last'" 
         not a plugin
QFactoryLoader::QFactoryLoader() looking at "/usr/bin/lastlog"
"Failed to extract plugin meta data from '/usr/bin/lastlog'" 
         not a plugin
QFactoryLoader::QFactoryLoader() looking at "/usr/bin/LayerManagerControl"
"Failed to extract plugin meta data from '/usr/lib/aarch64-linux-gnu/tegra/weston/LayerManagerControl'" 
         not a plugin
QFactoryLoader::QFactoryLoader() looking at "/usr/bin/lcf"
QElfParser: '/usr/bin/lcf' is not an ELF object
"'/usr/bin/lcf' is not an ELF object" 
         not a plugin
QFactoryLoader::QFactoryLoader() looking at "/usr/bin/lconvert"
"Failed to extract plugin meta data from '/usr/bin/qtchooser'" 
         not a plugin
QFactoryLoader::QFactoryLoader() looking at "/usr/bin/ld"
"Failed to extract plugin meta data from '/usr/bin/aarch64-linux-gnu-ld.bfd'" 
         not a plugin
QFactoryLoader::QFactoryLoader() looking at "/usr/bin/ld.bfd"
"Failed to extract plugin meta data from '/usr/bin/aarch64-linux-gnu-ld.bfd'" 
         not a plugin
QFactoryLoader::QFactoryLoader() looking at "/usr/bin/ld.gold"
"Failed to extract plugin meta data from '/usr/bin/aarch64-linux-gnu-ld.gold'" 
         not a plugin
QFactoryLoader::QFactoryLoader() looking at "/usr/bin/ldd"
QElfParser: '/usr/bin/ldd' is not an ELF object
"'/usr/bin/ldd' is not an ELF object" 
         not a plugin
QFactoryLoader::QFactoryLoader() looking at "/usr/bin/less"
"Failed to extract plugin meta data from '/usr/bin/less'" 
         not a plugin
QFactoryLoader::QFactoryLoader() looking at "/usr/bin/lessecho"
"Failed to extract plugin meta data from '/usr/bin/lessecho'" 
         not a plugin
QFactoryLoader::QFactoryLoader() looking at "/usr/bin/lessfile"
QElfParser: '/usr/bin/lesspipe' is not an ELF object
"'/usr/bin/lesspipe' is not an ELF object" 
         not a plugin
QFactoryLoader::QFactoryLoader() looking at "/usr/bin/lesskey"
"Failed to extract plugin meta data from '/usr/bin/lesskey'" 
         not a plugin
QFactoryLoader::QFactoryLoader() looking at "/usr/bin/lesspipe"
QElfParser: '/usr/bin/lesspipe' is not an ELF object
"'/usr/bin/lesspipe' is not an ELF object" 
         not a plugin
QFactoryLoader::QFactoryLoader() looking at "/usr/bin/lex"
"Failed to extract plugin meta data from '/usr/bin/flex'" 
         not a plugin
QFactoryLoader::QFactoryLoader() looking at "/usr/bin/lexgrog"
"Failed to extract plugin meta data from '/usr/bin/lexgrog'" 
         not a plugin
QFactoryLoader::QFactoryLoader() looking at "/usr/bin/libnetcfg"
QElfParser: '/usr/bin/libnetcfg' is not an ELF object
"'/usr/bin/libnetcfg' is not an ELF object" 
         not a plugin
QFactoryLoader::QFactoryLoader() looking at "/usr/bin/libreoffice"
QElfParser: '/usr/lib/libreoffice/program/soffice' is not an ELF object
"'/usr/lib/libreoffice/program/soffice' is not an ELF object" 
         not a plugin
QFactoryLoader::QFactoryLoader() looking at "/usr/bin/libtoolize"
QElfParser: '/usr/bin/libtoolize' is not an ELF object
"'/usr/bin/libtoolize' is not an ELF object" 
         not a plugin
QFactoryLoader::QFactoryLoader() looking at "/usr/bin/libwacom-list-local-devices"
"Failed to extract plugin meta data from '/usr/bin/libwacom-list-local-devices'" 
         not a plugin
QFactoryLoader::QFactoryLoader() looking at "/usr/bin/linguist"
"Failed to extract plugin meta data from '/usr/bin/qtchooser'" 
         not a plugin
QFactoryLoader::QFactoryLoader() looking at "/usr/bin/link"
"Failed to extract plugin meta data from '/usr/bin/link'" 
         not a plugin
QFactoryLoader::QFactoryLoader() looking at "/usr/bin/linkicc"
"Failed to extract plugin meta data from '/usr/bin/linkicc'" 
         not a plugin
QFactoryLoader::QFactoryLoader() looking at "/usr/bin/linux-check-removal"
QElfParser: '/usr/bin/linux-check-removal' is not an ELF object
"'/usr/bin/linux-check-removal' is not an ELF object" 
         not a plugin
QFactoryLoader::QFactoryLoader() looking at "/usr/bin/linux-update-symlinks"
QElfParser: '/usr/bin/linux-update-symlinks' is not an ELF object
"'/usr/bin/linux-update-symlinks' is not an ELF object" 
         not a plugin
QFactoryLoader::QFactoryLoader() looking at "/usr/bin/linux-version"
QElfParser: '/usr/bin/linux-version' is not an ELF object
"'/usr/bin/linux-version' is not an ELF object" 
         not a plugin
QFactoryLoader::QFactoryLoader() looking at "/usr/bin/linux32"
"Failed to extract plugin meta data from '/usr/bin/setarch'" 
         not a plugin
QFactoryLoader::QFactoryLoader() looking at "/usr/bin/linux64"
"Failed to extract plugin meta data from '/usr/bin/setarch'" 
         not a plugin
QFactoryLoader::QFactoryLoader() looking at "/usr/bin/listres"
"Failed to extract plugin meta data from '/usr/bin/listres'" 
         not a plugin
QFactoryLoader::QFactoryLoader() looking at "/usr/bin/ln"
"Failed to extract plugin meta data from '/usr/bin/ln'" 
         not a plugin
QFactoryLoader::QFactoryLoader() looking at "/usr/bin/lnstat"
"Failed to extract plugin meta data from '/usr/bin/lnstat'" 
         not a plugin
QFactoryLoader::QFactoryLoader() looking at "/usr/bin/loadkeys"
"Failed to extract plugin meta data from '/usr/bin/loadkeys'" 
         not a plugin
QFactoryLoader::QFactoryLoader() looking at "/usr/bin/loadunimap"
"Failed to extract plugin meta data from '/usr/bin/loadunimap'" 
         not a plugin
QFactoryLoader::QFactoryLoader() looking at "/usr/bin/localc"
QElfParser: '/usr/bin/localc' is not an ELF object (file too small)
"'/usr/bin/localc' is not an ELF object (file too small)" 
         not a plugin
QFactoryLoader::QFactoryLoader() looking at "/usr/bin/locale"
"Failed to extract plugin meta data from '/usr/bin/locale'" 
         not a plugin
QFactoryLoader::QFactoryLoader() looking at "/usr/bin/locale-check"
"Failed to extract plugin meta data from '/usr/bin/locale-check'" 
         not a plugin
QFactoryLoader::QFactoryLoader() looking at "/usr/bin/localectl"
"Failed to extract plugin meta data from '/usr/bin/localectl'" 
         not a plugin
QFactoryLoader::QFactoryLoader() looking at "/usr/bin/localedef"
"Failed to extract plugin meta data from '/usr/bin/localedef'" 
         not a plugin
QFactoryLoader::QFactoryLoader() looking at "/usr/bin/lodraw"
QElfParser: '/usr/bin/lodraw' is not an ELF object (file too small)
"'/usr/bin/lodraw' is not an ELF object (file too small)" 
         not a plugin
QFactoryLoader::QFactoryLoader() looking at "/usr/bin/loffice"
QElfParser: '/usr/bin/loffice' is not an ELF object (file too small)
"'/usr/bin/loffice' is not an ELF object (file too small)" 
         not a plugin
QFactoryLoader::QFactoryLoader() looking at "/usr/bin/lofromtemplate"
QElfParser: '/usr/bin/lofromtemplate' is not an ELF object
"'/usr/bin/lofromtemplate' is not an ELF object" 
         not a plugin
QFactoryLoader::QFactoryLoader() looking at "/usr/bin/log2asc"
"Failed to extract plugin meta data from '/usr/bin/log2asc'" 
         not a plugin
QFactoryLoader::QFactoryLoader() looking at "/usr/bin/log2long"
"Failed to extract plugin meta data from '/usr/bin/log2long'" 
         not a plugin
QFactoryLoader::QFactoryLoader() looking at "/usr/bin/logger"
"Failed to extract plugin meta data from '/usr/bin/logger'" 
         not a plugin
QFactoryLoader::QFactoryLoader() looking at "/usr/bin/login"
"Failed to extract plugin meta data from '/usr/bin/login'" 
         not a plugin
QFactoryLoader::QFactoryLoader() looking at "/usr/bin/loginctl"
"Failed to extract plugin meta data from '/usr/bin/loginctl'" 
         not a plugin
QFactoryLoader::QFactoryLoader() looking at "/usr/bin/logname"
"Failed to extract plugin meta data from '/usr/bin/logname'" 
         not a plugin
QFactoryLoader::QFactoryLoader() looking at "/usr/bin/loimpress"
QElfParser: '/usr/bin/loimpress' is not an ELF object (file too small)
"'/usr/bin/loimpress' is not an ELF object (file too small)" 
         not a plugin
QFactoryLoader::QFactoryLoader() looking at "/usr/bin/lomath"
QElfParser: '/usr/bin/lomath' is not an ELF object (file too small)
"'/usr/bin/lomath' is not an ELF object (file too small)" 
         not a plugin
QFactoryLoader::QFactoryLoader() looking at "/usr/bin/look"
"Failed to extract plugin meta data from '/usr/bin/look'" 
         not a plugin
QFactoryLoader::QFactoryLoader() looking at "/usr/bin/lorder"
QElfParser: '/usr/bin/lorder' is not an ELF object
"'/usr/bin/lorder' is not an ELF object" 
         not a plugin
QFactoryLoader::QFactoryLoader() looking at "/usr/bin/loweb"
QElfParser: '/usr/bin/loweb' is not an ELF object (file too small)
"'/usr/bin/loweb' is not an ELF object (file too small)" 
         not a plugin
QFactoryLoader::QFactoryLoader() looking at "/usr/bin/lowntfs-3g"
"Failed to extract plugin meta data from '/usr/bin/lowntfs-3g'" 
         not a plugin
QFactoryLoader::QFactoryLoader() looking at "/usr/bin/lowriter"
QElfParser: '/usr/bin/lowriter' is not an ELF object (file too small)
"'/usr/bin/lowriter' is not an ELF object (file too small)" 
         not a plugin
QFactoryLoader::QFactoryLoader() looking at "/usr/bin/lp_solve"
"Failed to extract plugin meta data from '/usr/bin/lp_solve'" 
         not a plugin
QFactoryLoader::QFactoryLoader() looking at "/usr/bin/lrelease"
"Failed to extract plugin meta data from '/usr/bin/qtchooser'" 
         not a plugin
QFactoryLoader::QFactoryLoader() looking at "/usr/bin/ls"
"Failed to extract plugin meta data from '/usr/bin/ls'" 
         not a plugin
QFactoryLoader::QFactoryLoader() looking at "/usr/bin/lsattr"
"Failed to extract plugin meta data from '/usr/bin/lsattr'" 
         not a plugin
QFactoryLoader::QFactoryLoader() looking at "/usr/bin/lsb_release"
QElfParser: '/usr/bin/lsb_release' is not an ELF object
"'/usr/bin/lsb_release' is not an ELF object" 
         not a plugin
QFactoryLoader::QFactoryLoader() looking at "/usr/bin/lsblk"
"Failed to extract plugin meta data from '/usr/bin/lsblk'" 
         not a plugin
QFactoryLoader::QFactoryLoader() looking at "/usr/bin/lscpu"
"Failed to extract plugin meta data from '/usr/bin/lscpu'" 
         not a plugin
QFactoryLoader::QFactoryLoader() looking at "/usr/bin/lshw"
"Failed to extract plugin meta data from '/usr/bin/lshw'" 
         not a plugin
QFactoryLoader::QFactoryLoader() looking at "/usr/bin/lsinitramfs"
QElfParser: '/usr/bin/lsinitramfs' is not an ELF object
"'/usr/bin/lsinitramfs' is not an ELF object" 
         not a plugin
QFactoryLoader::QFactoryLoader() looking at "/usr/bin/lsipc"
"Failed to extract plugin meta data from '/usr/bin/lsipc'" 
         not a plugin
QFactoryLoader::QFactoryLoader() looking at "/usr/bin/lslocks"
"Failed to extract plugin meta data from '/usr/bin/lslocks'" 
         not a plugin
QFactoryLoader::QFactoryLoader() looking at "/usr/bin/lslogins"
"Failed to extract plugin meta data from '/usr/bin/lslogins'" 
         not a plugin
QFactoryLoader::QFactoryLoader() looking at "/usr/bin/lsmem"
"Failed to extract plugin meta data from '/usr/bin/lsmem'" 
         not a plugin
QFactoryLoader::QFactoryLoader() looking at "/usr/bin/lsmod"
"Failed to extract plugin meta data from '/usr/bin/kmod'" 
         not a plugin
QFactoryLoader::QFactoryLoader() looking at "/usr/bin/lsns"
"Failed to extract plugin meta data from '/usr/bin/lsns'" 
         not a plugin
QFactoryLoader::QFactoryLoader() looking at "/usr/bin/lsof"
"Failed to extract plugin meta data from '/usr/bin/lsof'" 
         not a plugin
QFactoryLoader::QFactoryLoader() looking at "/usr/bin/lspci"
"Failed to extract plugin meta data from '/usr/bin/lspci'" 
         not a plugin
QFactoryLoader::QFactoryLoader() looking at "/usr/bin/lspgpot"
QElfParser: '/usr/bin/lspgpot' is not an ELF object
"'/usr/bin/lspgpot' is not an ELF object" 
         not a plugin
QFactoryLoader::QFactoryLoader() looking at "/usr/bin/lsusb"
"Failed to extract plugin meta data from '/usr/bin/lsusb'" 
         not a plugin
QFactoryLoader::QFactoryLoader() looking at "/usr/bin/ltrace"
"Failed to extract plugin meta data from '/usr/bin/ltrace'" 
         not a plugin
QFactoryLoader::QFactoryLoader() looking at "/usr/bin/luit"
"Failed to extract plugin meta data from '/usr/bin/luit'" 
         not a plugin
QFactoryLoader::QFactoryLoader() looking at "/usr/bin/lupdate"
"Failed to extract plugin meta data from '/usr/bin/qtchooser'" 
         not a plugin
QFactoryLoader::QFactoryLoader() looking at "/usr/bin/lwp-download"
QElfParser: '/usr/bin/lwp-download' is not an ELF object
"'/usr/bin/lwp-download' is not an ELF object" 
         not a plugin
QFactoryLoader::QFactoryLoader() looking at "/usr/bin/lwp-dump"
QElfParser: '/usr/bin/lwp-dump' is not an ELF object
"'/usr/bin/lwp-dump' is not an ELF object" 
         not a plugin
QFactoryLoader::QFactoryLoader() looking at "/usr/bin/lwp-mirror"
QElfParser: '/usr/bin/lwp-mirror' is not an ELF object
"'/usr/bin/lwp-mirror' is not an ELF object" 
         not a plugin
QFactoryLoader::QFactoryLoader() looking at "/usr/bin/lwp-request"
QElfParser: '/usr/bin/lwp-request' is not an ELF object
"'/usr/bin/lwp-request' is not an ELF object" 
         not a plugin
QFactoryLoader::QFactoryLoader() looking at "/usr/bin/lxterm"
QElfParser: '/usr/bin/lxterm' is not an ELF object
"'/usr/bin/lxterm' is not an ELF object" 
         not a plugin
QFactoryLoader::QFactoryLoader() looking at "/usr/bin/lz4"
"Failed to extract plugin meta data from '/usr/bin/lz4'" 
         not a plugin
QFactoryLoader::QFactoryLoader() looking at "/usr/bin/lz4c"
"Failed to extract plugin meta data from '/usr/bin/lz4'" 
         not a plugin
QFactoryLoader::QFactoryLoader() looking at "/usr/bin/lz4cat"
"Failed to extract plugin meta data from '/usr/bin/lz4'" 
         not a plugin
QFactoryLoader::QFactoryLoader() looking at "/usr/bin/lzcat"
"Failed to extract plugin meta data from '/usr/bin/xz'" 
         not a plugin
QFactoryLoader::QFactoryLoader() looking at "/usr/bin/lzcmp"
QElfParser: '/usr/bin/xzdiff' is not an ELF object
"'/usr/bin/xzdiff' is not an ELF object" 
         not a plugin
QFactoryLoader::QFactoryLoader() looking at "/usr/bin/lzdiff"
QElfParser: '/usr/bin/xzdiff' is not an ELF object
"'/usr/bin/xzdiff' is not an ELF object" 
         not a plugin
QFactoryLoader::QFactoryLoader() looking at "/usr/bin/lzegrep"
QElfParser: '/usr/bin/xzgrep' is not an ELF object
"'/usr/bin/xzgrep' is not an ELF object" 
         not a plugin
QFactoryLoader::QFactoryLoader() looking at "/usr/bin/lzfgrep"
QElfParser: '/usr/bin/xzgrep' is not an ELF object
"'/usr/bin/xzgrep' is not an ELF object" 
         not a plugin
QFactoryLoader::QFactoryLoader() looking at "/usr/bin/lzgrep"
QElfParser: '/usr/bin/xzgrep' is not an ELF object
"'/usr/bin/xzgrep' is not an ELF object" 
         not a plugin
QFactoryLoader::QFactoryLoader() looking at "/usr/bin/lzless"
QElfParser: '/usr/bin/xzless' is not an ELF object
"'/usr/bin/xzless' is not an ELF object" 
         not a plugin
QFactoryLoader::QFactoryLoader() looking at "/usr/bin/lzma"
"Failed to extract plugin meta data from '/usr/bin/xz'" 
         not a plugin
QFactoryLoader::QFactoryLoader() looking at "/usr/bin/lzmainfo"
"Failed to extract plugin meta data from '/usr/bin/lzmainfo'" 
         not a plugin
QFactoryLoader::QFactoryLoader() looking at "/usr/bin/lzmore"
QElfParser: '/usr/bin/xzmore' is not an ELF object
"'/usr/bin/xzmore' is not an ELF object" 
         not a plugin
QFactoryLoader::QFactoryLoader() looking at "/usr/bin/m17n-db"
QElfParser: '/usr/bin/m17n-db' is not an ELF object
"'/usr/bin/m17n-db' is not an ELF object" 
         not a plugin
QFactoryLoader::QFactoryLoader() looking at "/usr/bin/m4"
"Failed to extract plugin meta data from '/usr/bin/m4'" 
         not a plugin
QFactoryLoader::QFactoryLoader() looking at "/usr/bin/make"
"Failed to extract plugin meta data from '/usr/bin/make'" 
         not a plugin
QFactoryLoader::QFactoryLoader() looking at "/usr/bin/make-first-existing-target"
QElfParser: '/usr/bin/make-first-existing-target' is not an ELF object
"'/usr/bin/make-first-existing-target' is not an ELF object" 
         not a plugin
QFactoryLoader::QFactoryLoader() looking at "/usr/bin/makeconv"
"Failed to extract plugin meta data from '/usr/bin/makeconv'" 
         not a plugin
QFactoryLoader::QFactoryLoader() looking at "/usr/bin/mako-render"
QElfParser: '/usr/bin/mako-render' is not an ELF object
"'/usr/bin/mako-render' is not an ELF object" 
         not a plugin
QFactoryLoader::QFactoryLoader() looking at "/usr/bin/man"
QElfParser: '/usr/bin/man' is not an ELF object
"'/usr/bin/man' is not an ELF object" 
         not a plugin
QFactoryLoader::QFactoryLoader() looking at "/usr/bin/man-recode"
"Failed to extract plugin meta data from '/usr/bin/man-recode'" 
         not a plugin
QFactoryLoader::QFactoryLoader() looking at "/usr/bin/man.REAL"
"Failed to extract plugin meta data from '/usr/bin/man.REAL'" 
         not a plugin
QFactoryLoader::QFactoryLoader() looking at "/usr/bin/mandb"
"Failed to extract plugin meta data from '/usr/bin/mandb'" 
         not a plugin
QFactoryLoader::QFactoryLoader() looking at "/usr/bin/manpath"
"Failed to extract plugin meta data from '/usr/bin/manpath'" 
         not a plugin
QFactoryLoader::QFactoryLoader() looking at "/usr/bin/mapscrn"
"Failed to extract plugin meta data from '/usr/bin/mapscrn'" 
         not a plugin
QFactoryLoader::QFactoryLoader() looking at "/usr/bin/mawk"
"Failed to extract plugin meta data from '/usr/bin/mawk'" 
         not a plugin
QFactoryLoader::QFactoryLoader() looking at "/usr/bin/mcookie"
"Failed to extract plugin meta data from '/usr/bin/mcookie'" 
         not a plugin
QFactoryLoader::QFactoryLoader() looking at "/usr/bin/md5sum"
"Failed to extract plugin meta data from '/usr/bin/md5sum'" 
         not a plugin
QFactoryLoader::QFactoryLoader() looking at "/usr/bin/md5sum.textutils"
"Failed to extract plugin meta data from '/usr/bin/md5sum'" 
         not a plugin
QFactoryLoader::QFactoryLoader() looking at "/usr/bin/mdig"
"Failed to extract plugin meta data from '/usr/bin/mdig'" 
         not a plugin
QFactoryLoader::QFactoryLoader() looking at "/usr/bin/mesg"
"Failed to extract plugin meta data from '/usr/bin/mesg'" 
         not a plugin
QFactoryLoader::QFactoryLoader() looking at "/usr/bin/migrate-pubring-from-classic-gpg"
QElfParser: '/usr/bin/migrate-pubring-from-classic-gpg' is not an ELF object
"'/usr/bin/migrate-pubring-from-classic-gpg' is not an ELF object" 
         not a plugin
QFactoryLoader::QFactoryLoader() looking at "/usr/bin/mimeopen"
QElfParser: '/usr/bin/mimeopen' is not an ELF object
"'/usr/bin/mimeopen' is not an ELF object" 
         not a plugin
QFactoryLoader::QFactoryLoader() looking at "/usr/bin/mimetype"
QElfParser: '/usr/bin/mimetype' is not an ELF object
"'/usr/bin/mimetype' is not an ELF object" 
         not a plugin
QFactoryLoader::QFactoryLoader() looking at "/usr/bin/min12xxw"
"Failed to extract plugin meta data from '/usr/bin/min12xxw'" 
         not a plugin
QFactoryLoader::QFactoryLoader() looking at "/usr/bin/miniterm"
QElfParser: '/usr/bin/miniterm' is not an ELF object
"'/usr/bin/miniterm' is not an ELF object" 
         not a plugin
QFactoryLoader::QFactoryLoader() looking at "/usr/bin/mk_modmap"
QElfParser: '/usr/bin/mk_modmap' is not an ELF object
"'/usr/bin/mk_modmap' is not an ELF object" 
         not a plugin
QFactoryLoader::QFactoryLoader() looking at "/usr/bin/mkdir"
"Failed to extract plugin meta data from '/usr/bin/mkdir'" 
         not a plugin
QFactoryLoader::QFactoryLoader() looking at "/usr/bin/mkfifo"
"Failed to extract plugin meta data from '/usr/bin/mkfifo'" 
         not a plugin
QFactoryLoader::QFactoryLoader() looking at "/usr/bin/mkfontdir"
QElfParser: '/usr/bin/mkfontdir' is not an ELF object
"'/usr/bin/mkfontdir' is not an ELF object" 
         not a plugin
QFactoryLoader::QFactoryLoader() looking at "/usr/bin/mkfontscale"
"Failed to extract plugin meta data from '/usr/bin/mkfontscale'" 
         not a plugin
QFactoryLoader::QFactoryLoader() looking at "/usr/bin/mkisofs"
"Failed to extract plugin meta data from '/usr/bin/genisoimage'" 
         not a plugin
QFactoryLoader::QFactoryLoader() looking at "/usr/bin/mknod"
"Failed to extract plugin meta data from '/usr/bin/mknod'" 
         not a plugin
QFactoryLoader::QFactoryLoader() looking at "/usr/bin/mksquashfs"
"Failed to extract plugin meta data from '/usr/bin/mksquashfs'" 
         not a plugin
QFactoryLoader::QFactoryLoader() looking at "/usr/bin/mktemp"
"Failed to extract plugin meta data from '/usr/bin/mktemp'" 
         not a plugin
QFactoryLoader::QFactoryLoader() looking at "/usr/bin/mkzftree"
"Failed to extract plugin meta data from '/usr/bin/mkzftree'" 
         not a plugin
QFactoryLoader::QFactoryLoader() looking at "/usr/bin/mmcli"
"Failed to extract plugin meta data from '/usr/bin/mmcli'" 
         not a plugin
QFactoryLoader::QFactoryLoader() looking at "/usr/bin/moc"
"Failed to extract plugin meta data from '/usr/bin/qtchooser'" 
         not a plugin
QFactoryLoader::QFactoryLoader() looking at "/usr/bin/monitor-sensor"
"Failed to extract plugin meta data from '/usr/bin/monitor-sensor'" 
         not a plugin
QFactoryLoader::QFactoryLoader() looking at "/usr/bin/mono"
"Failed to extract plugin meta data from '/usr/bin/mono-sgen'" 
         not a plugin
QFactoryLoader::QFactoryLoader() looking at "/usr/bin/mono-hang-watchdog"
"Failed to extract plugin meta data from '/usr/bin/mono-hang-watchdog'" 
         not a plugin
QFactoryLoader::QFactoryLoader() looking at "/usr/bin/mono-sgen"
"Failed to extract plugin meta data from '/usr/bin/mono-sgen'" 
         not a plugin
QFactoryLoader::QFactoryLoader() looking at "/usr/bin/more"
"Failed to extract plugin meta data from '/usr/bin/more'" 
         not a plugin
QFactoryLoader::QFactoryLoader() looking at "/usr/bin/mount"
"Failed to extract plugin meta data from '/usr/bin/mount'" 
         not a plugin
QFactoryLoader::QFactoryLoader() looking at "/usr/bin/mountpoint"
"Failed to extract plugin meta data from '/usr/bin/mountpoint'" 
         not a plugin
QFactoryLoader::QFactoryLoader() looking at "/usr/bin/mousetweaks"
"Failed to extract plugin meta data from '/usr/bin/mousetweaks'" 
         not a plugin
QFactoryLoader::QFactoryLoader() looking at "/usr/bin/mpic++"
"Failed to extract plugin meta data from '/usr/bin/opal_wrapper'" 
         not a plugin
QFactoryLoader::QFactoryLoader() looking at "/usr/bin/mpic++.openmpi"
"Failed to extract plugin meta data from '/usr/bin/opal_wrapper'" 
         not a plugin
QFactoryLoader::QFactoryLoader() looking at "/usr/bin/mpicc"
"Failed to extract plugin meta data from '/usr/bin/opal_wrapper'" 
         not a plugin
QFactoryLoader::QFactoryLoader() looking at "/usr/bin/mpiCC"
"Failed to extract plugin meta data from '/usr/bin/opal_wrapper'" 
         not a plugin
QFactoryLoader::QFactoryLoader() looking at "/usr/bin/mpicc.openmpi"
"Failed to extract plugin meta data from '/usr/bin/opal_wrapper'" 
         not a plugin
QFactoryLoader::QFactoryLoader() looking at "/usr/bin/mpiCC.openmpi"
"Failed to extract plugin meta data from '/usr/bin/opal_wrapper'" 
         not a plugin
QFactoryLoader::QFactoryLoader() looking at "/usr/bin/mpicxx"
"Failed to extract plugin meta data from '/usr/bin/opal_wrapper'" 
         not a plugin
QFactoryLoader::QFactoryLoader() looking at "/usr/bin/mpicxx.openmpi"
"Failed to extract plugin meta data from '/usr/bin/opal_wrapper'" 
         not a plugin
QFactoryLoader::QFactoryLoader() looking at "/usr/bin/mpiexec"
"Failed to extract plugin meta data from '/usr/bin/orterun'" 
         not a plugin
QFactoryLoader::QFactoryLoader() looking at "/usr/bin/mpiexec.openmpi"
"Failed to extract plugin meta data from '/usr/bin/orterun'" 
         not a plugin
QFactoryLoader::QFactoryLoader() looking at "/usr/bin/mpif77"
"Failed to extract plugin meta data from '/usr/bin/opal_wrapper'" 
         not a plugin
QFactoryLoader::QFactoryLoader() looking at "/usr/bin/mpif77.openmpi"
"Failed to extract plugin meta data from '/usr/bin/opal_wrapper'" 
         not a plugin
QFactoryLoader::QFactoryLoader() looking at "/usr/bin/mpif90"
"Failed to extract plugin meta data from '/usr/bin/opal_wrapper'" 
         not a plugin
QFactoryLoader::QFactoryLoader() looking at "/usr/bin/mpif90.openmpi"
"Failed to extract plugin meta data from '/usr/bin/opal_wrapper'" 
         not a plugin
QFactoryLoader::QFactoryLoader() looking at "/usr/bin/mpifort"
"Failed to extract plugin meta data from '/usr/bin/opal_wrapper'" 
         not a plugin
QFactoryLoader::QFactoryLoader() looking at "/usr/bin/mpifort.openmpi"
"Failed to extract plugin meta data from '/usr/bin/opal_wrapper'" 
         not a plugin
QFactoryLoader::QFactoryLoader() looking at "/usr/bin/mpirun"
"Failed to extract plugin meta data from '/usr/bin/orterun'" 
         not a plugin
QFactoryLoader::QFactoryLoader() looking at "/usr/bin/mpirun.openmpi"
"Failed to extract plugin meta data from '/usr/bin/orterun'" 
         not a plugin
QFactoryLoader::QFactoryLoader() looking at "/usr/bin/mt"
"Failed to extract plugin meta data from '/usr/bin/mt-gnu'" 
         not a plugin
QFactoryLoader::QFactoryLoader() looking at "/usr/bin/mt-gnu"
"Failed to extract plugin meta data from '/usr/bin/mt-gnu'" 
         not a plugin
QFactoryLoader::QFactoryLoader() looking at "/usr/bin/mtr"
"Failed to extract plugin meta data from '/usr/bin/mtr'" 
         not a plugin
QFactoryLoader::QFactoryLoader() looking at "/usr/bin/mtr-packet"
"Failed to extract plugin meta data from '/usr/bin/mtr-packet'" 
         not a plugin
QFactoryLoader::QFactoryLoader() looking at "/usr/bin/mtrace"
QElfParser: '/usr/bin/mtrace' is not an ELF object
"'/usr/bin/mtrace' is not an ELF object" 
         not a plugin
QFactoryLoader::QFactoryLoader() looking at "/usr/bin/mutter"
"Failed to extract plugin meta data from '/usr/bin/mutter'" 
         not a plugin
QFactoryLoader::QFactoryLoader() looking at "/usr/bin/mv"
"Failed to extract plugin meta data from '/usr/bin/mv'" 
         not a plugin
QFactoryLoader::QFactoryLoader() looking at "/usr/bin/namei"
"Failed to extract plugin meta data from '/usr/bin/namei'" 
         not a plugin
QFactoryLoader::QFactoryLoader() looking at "/usr/bin/nano"
"Failed to extract plugin meta data from '/usr/bin/nano'" 
         not a plugin
QFactoryLoader::QFactoryLoader() looking at "/usr/bin/nautilus"
"Failed to extract plugin meta data from '/usr/bin/nautilus'" 
         not a plugin
QFactoryLoader::QFactoryLoader() looking at "/usr/bin/nautilus-autorun-software"
"Failed to extract plugin meta data from '/usr/bin/nautilus-autorun-software'" 
         not a plugin
QFactoryLoader::QFactoryLoader() looking at "/usr/bin/nautilus-sendto"
"Failed to extract plugin meta data from '/usr/bin/nautilus-sendto'" 
         not a plugin
QFactoryLoader::QFactoryLoader() looking at "/usr/bin/nawk"
"Failed to extract plugin meta data from '/usr/bin/mawk'" 
         not a plugin
QFactoryLoader::QFactoryLoader() looking at "/usr/bin/nc"
"Failed to extract plugin meta data from '/usr/bin/nc.openbsd'" 
         not a plugin
QFactoryLoader::QFactoryLoader() looking at "/usr/bin/nc.openbsd"
"Failed to extract plugin meta data from '/usr/bin/nc.openbsd'" 
         not a plugin
QFactoryLoader::QFactoryLoader() looking at "/usr/bin/ncal"
"Failed to extract plugin meta data from '/usr/bin/ncal'" 
         not a plugin
QFactoryLoader::QFactoryLoader() looking at "/usr/bin/neqn"
QElfParser: '/usr/bin/neqn' is not an ELF object
"'/usr/bin/neqn' is not an ELF object" 
         not a plugin
QFactoryLoader::QFactoryLoader() looking at "/usr/bin/netcat"
"Failed to extract plugin meta data from '/usr/bin/nc.openbsd'" 
         not a plugin
QFactoryLoader::QFactoryLoader() looking at "/usr/bin/netkit-ftp"
"Failed to extract plugin meta data from '/usr/bin/netkit-ftp'" 
         not a plugin
QFactoryLoader::QFactoryLoader() looking at "/usr/bin/netstat"
"Failed to extract plugin meta data from '/usr/bin/netstat'" 
         not a plugin
QFactoryLoader::QFactoryLoader() looking at "/usr/bin/networkctl"
"Failed to extract plugin meta data from '/usr/bin/networkctl'" 
         not a plugin
QFactoryLoader::QFactoryLoader() looking at "/usr/bin/networkd-dispatcher"
QElfParser: '/usr/bin/networkd-dispatcher' is not an ELF object
"'/usr/bin/networkd-dispatcher' is not an ELF object" 
         not a plugin
QFactoryLoader::QFactoryLoader() looking at "/usr/bin/newgrp"
"Failed to extract plugin meta data from '/usr/bin/newgrp'" 
         not a plugin
QFactoryLoader::QFactoryLoader() looking at "/usr/bin/ngettext"
"Failed to extract plugin meta data from '/usr/bin/ngettext'" 
         not a plugin
QFactoryLoader::QFactoryLoader() looking at "/usr/bin/nice"
"Failed to extract plugin meta data from '/usr/bin/nice'" 
         not a plugin
QFactoryLoader::QFactoryLoader() looking at "/usr/bin/nisdomainname"
"Failed to extract plugin meta data from '/usr/bin/hostname'" 
         not a plugin
QFactoryLoader::QFactoryLoader() looking at "/usr/bin/nl"
"Failed to extract plugin meta data from '/usr/bin/nl'" 
         not a plugin
QFactoryLoader::QFactoryLoader() looking at "/usr/bin/nm"
"Failed to extract plugin meta data from '/usr/bin/aarch64-linux-gnu-nm'" 
         not a plugin
QFactoryLoader::QFactoryLoader() looking at "/usr/bin/nm-applet"
"Failed to extract plugin meta data from '/usr/bin/nm-applet'" 
         not a plugin
QFactoryLoader::QFactoryLoader() looking at "/usr/bin/nm-connection-editor"
"Failed to extract plugin meta data from '/usr/bin/nm-connection-editor'" 
         not a plugin
QFactoryLoader::QFactoryLoader() looking at "/usr/bin/nm-online"
"Failed to extract plugin meta data from '/usr/bin/nm-online'" 
         not a plugin
QFactoryLoader::QFactoryLoader() looking at "/usr/bin/nmcli"
"Failed to extract plugin meta data from '/usr/bin/nmcli'" 
         not a plugin
QFactoryLoader::QFactoryLoader() looking at "/usr/bin/nmtui"
"Failed to extract plugin meta data from '/usr/bin/nmtui'" 
         not a plugin
QFactoryLoader::QFactoryLoader() looking at "/usr/bin/nmtui-connect"
"Failed to extract plugin meta data from '/usr/bin/nmtui'" 
         not a plugin
QFactoryLoader::QFactoryLoader() looking at "/usr/bin/nmtui-edit"
"Failed to extract plugin meta data from '/usr/bin/nmtui'" 
         not a plugin
QFactoryLoader::QFactoryLoader() looking at "/usr/bin/nmtui-hostname"
"Failed to extract plugin meta data from '/usr/bin/nmtui'" 
         not a plugin
QFactoryLoader::QFactoryLoader() looking at "/usr/bin/nohup"
"Failed to extract plugin meta data from '/usr/bin/nohup'" 
         not a plugin
QFactoryLoader::QFactoryLoader() looking at "/usr/bin/noip-duc"
"Failed to extract plugin meta data from '/usr/bin/noip-duc'" 
         not a plugin
QFactoryLoader::QFactoryLoader() looking at "/usr/bin/notify-send"
"Failed to extract plugin meta data from '/usr/bin/notify-send'" 
         not a plugin
QFactoryLoader::QFactoryLoader() looking at "/usr/bin/nproc"
"Failed to extract plugin meta data from '/usr/bin/nproc'" 
         not a plugin
QFactoryLoader::QFactoryLoader() looking at "/usr/bin/nroff"
QElfParser: '/usr/bin/nroff' is not an ELF object
"'/usr/bin/nroff' is not an ELF object" 
         not a plugin
QFactoryLoader::QFactoryLoader() looking at "/usr/bin/nsenter"
"Failed to extract plugin meta data from '/usr/bin/nsenter'" 
         not a plugin
QFactoryLoader::QFactoryLoader() looking at "/usr/bin/nslookup"
"Failed to extract plugin meta data from '/usr/bin/nslookup'" 
         not a plugin
QFactoryLoader::QFactoryLoader() looking at "/usr/bin/nstat"
"Failed to extract plugin meta data from '/usr/bin/nstat'" 
         not a plugin
QFactoryLoader::QFactoryLoader() looking at "/usr/bin/nsupdate"
"Failed to extract plugin meta data from '/usr/bin/nsupdate'" 
         not a plugin
QFactoryLoader::QFactoryLoader() looking at "/usr/bin/ntfs-3g"
"Failed to extract plugin meta data from '/usr/bin/ntfs-3g'" 
         not a plugin
QFactoryLoader::QFactoryLoader() looking at "/usr/bin/ntfs-3g.probe"
"Failed to extract plugin meta data from '/usr/bin/ntfs-3g.probe'" 
         not a plugin
QFactoryLoader::QFactoryLoader() looking at "/usr/bin/ntfscat"
"Failed to extract plugin meta data from '/usr/bin/ntfscat'" 
         not a plugin
QFactoryLoader::QFactoryLoader() looking at "/usr/bin/ntfscluster"
"Failed to extract plugin meta data from '/usr/bin/ntfscluster'" 
         not a plugin
QFactoryLoader::QFactoryLoader() looking at "/usr/bin/ntfscmp"
"Failed to extract plugin meta data from '/usr/bin/ntfscmp'" 
         not a plugin
QFactoryLoader::QFactoryLoader() looking at "/usr/bin/ntfsdecrypt"
"Failed to extract plugin meta data from '/usr/bin/ntfsdecrypt'" 
         not a plugin
QFactoryLoader::QFactoryLoader() looking at "/usr/bin/ntfsfallocate"
"Failed to extract plugin meta data from '/usr/bin/ntfsfallocate'" 
         not a plugin
QFactoryLoader::QFactoryLoader() looking at "/usr/bin/ntfsfix"
"Failed to extract plugin meta data from '/usr/bin/ntfsfix'" 
         not a plugin
QFactoryLoader::QFactoryLoader() looking at "/usr/bin/ntfsinfo"
"Failed to extract plugin meta data from '/usr/bin/ntfsinfo'" 
         not a plugin
QFactoryLoader::QFactoryLoader() looking at "/usr/bin/ntfsls"
"Failed to extract plugin meta data from '/usr/bin/ntfsls'" 
         not a plugin
QFactoryLoader::QFactoryLoader() looking at "/usr/bin/ntfsmove"
"Failed to extract plugin meta data from '/usr/bin/ntfsmove'" 
         not a plugin
QFactoryLoader::QFactoryLoader() looking at "/usr/bin/ntfsrecover"
"Failed to extract plugin meta data from '/usr/bin/ntfsrecover'" 
         not a plugin
QFactoryLoader::QFactoryLoader() looking at "/usr/bin/ntfssecaudit"
"Failed to extract plugin meta data from '/usr/bin/ntfssecaudit'" 
         not a plugin
QFactoryLoader::QFactoryLoader() looking at "/usr/bin/ntfstruncate"
"Failed to extract plugin meta data from '/usr/bin/ntfstruncate'" 
         not a plugin
QFactoryLoader::QFactoryLoader() looking at "/usr/bin/ntfsusermap"
"Failed to extract plugin meta data from '/usr/bin/ntfsusermap'" 
         not a plugin
QFactoryLoader::QFactoryLoader() looking at "/usr/bin/ntfswipe"
"Failed to extract plugin meta data from '/usr/bin/ntfswipe'" 
         not a plugin
QFactoryLoader::QFactoryLoader() looking at "/usr/bin/numfmt"
"Failed to extract plugin meta data from '/usr/bin/numfmt'" 
         not a plugin
QFactoryLoader::QFactoryLoader() looking at "/usr/bin/nv_macsec_wpa_supplicant"
"Failed to extract plugin meta data from '/usr/bin/nv_macsec_wpa_supplicant'" 
         not a plugin
QFactoryLoader::QFactoryLoader() looking at "/usr/bin/nvaudio_opus_app"
"Failed to extract plugin meta data from '/usr/bin/nvaudio_opus_app'" 
         not a plugin
QFactoryLoader::QFactoryLoader() looking at "/usr/bin/nvcapture-status-decoder"
"Failed to extract plugin meta data from '/opt/nvidia/camera/nvcapture-status-decoder'" 
         not a plugin
QFactoryLoader::QFactoryLoader() looking at "/usr/bin/nvgstcapture"
"Failed to extract plugin meta data from '/usr/bin/nvgstcapture-1.0'" 
         not a plugin
QFactoryLoader::QFactoryLoader() looking at "/usr/bin/nvgstcapture-1.0"
"Failed to extract plugin meta data from '/usr/bin/nvgstcapture-1.0'" 
         not a plugin
QFactoryLoader::QFactoryLoader() looking at "/usr/bin/nvgstplayer"
"Failed to extract plugin meta data from '/usr/bin/nvgstplayer-1.0'" 
         not a plugin
QFactoryLoader::QFactoryLoader() looking at "/usr/bin/nvgstplayer-1.0"
"Failed to extract plugin meta data from '/usr/bin/nvgstplayer-1.0'" 
         not a plugin
QFactoryLoader::QFactoryLoader() looking at "/usr/bin/nvidia-bug-report-tegra.sh"
QElfParser: '/usr/bin/nvidia-bug-report-tegra.sh' is not an ELF object
"'/usr/bin/nvidia-bug-report-tegra.sh' is not an ELF object" 
         not a plugin
QFactoryLoader::QFactoryLoader() looking at "/usr/bin/nvidia-detector"
QElfParser: '/usr/bin/nvidia-detector' is not an ELF object
"'/usr/bin/nvidia-detector' is not an ELF object" 
         not a plugin
QFactoryLoader::QFactoryLoader() looking at "/usr/bin/nvidia-xconfig"
"Failed to extract plugin meta data from '/usr/bin/nvidia-xconfig'" 
         not a plugin
QFactoryLoader::QFactoryLoader() looking at "/usr/bin/nvlc"
QElfParser: '/usr/bin/nvlc' is not an ELF object (file too small)
"'/usr/bin/nvlc' is not an ELF object (file too small)" 
         not a plugin
QFactoryLoader::QFactoryLoader() looking at "/usr/bin/nvsciipc_init"
"Failed to extract plugin meta data from '/usr/bin/nvsciipc_init'" 
         not a plugin
QFactoryLoader::QFactoryLoader() looking at "/usr/bin/nvstart-weston.sh"
QElfParser: '/usr/bin/nvstart-weston.sh' is not an ELF object
"'/usr/bin/nvstart-weston.sh' is not an ELF object" 
         not a plugin
QFactoryLoader::QFactoryLoader() looking at "/usr/bin/obex-folder-listing"
"Failed to extract plugin meta data from '/usr/bin/obex-folder-listing'" 
         not a plugin
QFactoryLoader::QFactoryLoader() looking at "/usr/bin/obexctl"
"Failed to extract plugin meta data from '/usr/bin/obexctl'" 
         not a plugin
QFactoryLoader::QFactoryLoader() looking at "/usr/bin/obexftp"
"Failed to extract plugin meta data from '/usr/bin/obexftp'" 
         not a plugin
QFactoryLoader::QFactoryLoader() looking at "/usr/bin/obexftpd"
"Failed to extract plugin meta data from '/usr/bin/obexftpd'" 
         not a plugin
QFactoryLoader::QFactoryLoader() looking at "/usr/bin/obexget"
"Failed to extract plugin meta data from '/usr/bin/obexftp'" 
         not a plugin
QFactoryLoader::QFactoryLoader() looking at "/usr/bin/obexls"
"Failed to extract plugin meta data from '/usr/bin/obexftp'" 
         not a plugin
QFactoryLoader::QFactoryLoader() looking at "/usr/bin/obexpush_atd"
"Failed to extract plugin meta data from '/usr/bin/obexpush_atd'" 
         not a plugin
QFactoryLoader::QFactoryLoader() looking at "/usr/bin/obexpushd"
"Failed to extract plugin meta data from '/usr/bin/obexpushd'" 
         not a plugin
QFactoryLoader::QFactoryLoader() looking at "/usr/bin/obexput"
"Failed to extract plugin meta data from '/usr/bin/obexftp'" 
         not a plugin
QFactoryLoader::QFactoryLoader() looking at "/usr/bin/obexrm"
"Failed to extract plugin meta data from '/usr/bin/obexftp'" 
         not a plugin
QFactoryLoader::QFactoryLoader() looking at "/usr/bin/objcopy"
"Failed to extract plugin meta data from '/usr/bin/aarch64-linux-gnu-objcopy'" 
         not a plugin
QFactoryLoader::QFactoryLoader() looking at "/usr/bin/objdump"
"Failed to extract plugin meta data from '/usr/bin/aarch64-linux-gnu-objdump'" 
         not a plugin
QFactoryLoader::QFactoryLoader() looking at "/usr/bin/oclock"
"Failed to extract plugin meta data from '/usr/bin/oclock'" 
         not a plugin
QFactoryLoader::QFactoryLoader() looking at "/usr/bin/od"
"Failed to extract plugin meta data from '/usr/bin/od'" 
         not a plugin
QFactoryLoader::QFactoryLoader() looking at "/usr/bin/odbcinst"
"Failed to extract plugin meta data from '/usr/bin/odbcinst'" 
         not a plugin
QFactoryLoader::QFactoryLoader() looking at "/usr/bin/oem-getlogs"
QElfParser: '/usr/bin/oem-getlogs' is not an ELF object
"'/usr/bin/oem-getlogs' is not an ELF object" 
         not a plugin
QFactoryLoader::QFactoryLoader() looking at "/usr/bin/ompi-clean"
"Failed to extract plugin meta data from '/usr/bin/orte-clean'" 
         not a plugin
QFactoryLoader::QFactoryLoader() looking at "/usr/bin/ompi-server"
"Failed to extract plugin meta data from '/usr/bin/orte-server'" 
         not a plugin
QFactoryLoader::QFactoryLoader() looking at "/usr/bin/ompi_info"
"Failed to extract plugin meta data from '/usr/bin/ompi_info'" 
         not a plugin
QFactoryLoader::QFactoryLoader() looking at "/usr/bin/omshell"
"Failed to extract plugin meta data from '/usr/bin/omshell'" 
         not a plugin
QFactoryLoader::QFactoryLoader() looking at "/usr/bin/on_ac_power"
QElfParser: '/usr/sbin/on_ac_power' is not an ELF object
"'/usr/sbin/on_ac_power' is not an ELF object" 
         not a plugin
QFactoryLoader::QFactoryLoader() looking at "/usr/bin/onboard"
QElfParser: '/usr/bin/onboard' is not an ELF object
"'/usr/bin/onboard' is not an ELF object" 
         not a plugin
QFactoryLoader::QFactoryLoader() looking at "/usr/bin/onboard-settings"
QElfParser: '/usr/bin/onboard-settings' is not an ELF object
"'/usr/bin/onboard-settings' is not an ELF object" 
         not a plugin
QFactoryLoader::QFactoryLoader() looking at "/usr/bin/opal_wrapper"
"Failed to extract plugin meta data from '/usr/bin/opal_wrapper'" 
         not a plugin
QFactoryLoader::QFactoryLoader() looking at "/usr/bin/opalc++"
"Failed to extract plugin meta data from '/usr/bin/opal_wrapper'" 
         not a plugin
QFactoryLoader::QFactoryLoader() looking at "/usr/bin/opalcc"
"Failed to extract plugin meta data from '/usr/bin/opal_wrapper'" 
         not a plugin
QFactoryLoader::QFactoryLoader() looking at "/usr/bin/opencv_annotation"
"Failed to extract plugin meta data from '/usr/bin/opencv_annotation'" 
         not a plugin
QFactoryLoader::QFactoryLoader() looking at "/usr/bin/opencv_interactive-calibration"
"Failed to extract plugin meta data from '/usr/bin/opencv_interactive-calibration'" 
         not a plugin
QFactoryLoader::QFactoryLoader() looking at "/usr/bin/opencv_model_diagnostics"
"Failed to extract plugin meta data from '/usr/bin/opencv_model_diagnostics'" 
         not a plugin
QFactoryLoader::QFactoryLoader() looking at "/usr/bin/opencv_version"
"Failed to extract plugin meta data from '/usr/bin/opencv_version'" 
         not a plugin
QFactoryLoader::QFactoryLoader() looking at "/usr/bin/opencv_visualisation"
"Failed to extract plugin meta data from '/usr/bin/opencv_visualisation'" 
         not a plugin
QFactoryLoader::QFactoryLoader() looking at "/usr/bin/openssl"
"Failed to extract plugin meta data from '/usr/bin/openssl'" 
         not a plugin
QFactoryLoader::QFactoryLoader() looking at "/usr/bin/openvt"
"Failed to extract plugin meta data from '/usr/bin/openvt'" 
         not a plugin
QFactoryLoader::QFactoryLoader() looking at "/usr/bin/orc-bugreport"
"Failed to extract plugin meta data from '/usr/bin/orc-bugreport'" 
         not a plugin
QFactoryLoader::QFactoryLoader() looking at "/usr/bin/orca"
QElfParser: '/usr/bin/orca' is not an ELF object
"'/usr/bin/orca' is not an ELF object" 
         not a plugin
QFactoryLoader::QFactoryLoader() looking at "/usr/bin/orca-dm-wrapper"
QElfParser: '/usr/bin/orca-dm-wrapper' is not an ELF object
"'/usr/bin/orca-dm-wrapper' is not an ELF object" 
         not a plugin
QFactoryLoader::QFactoryLoader() looking at "/usr/bin/orcc"
"Failed to extract plugin meta data from '/usr/bin/orcc'" 
         not a plugin
QFactoryLoader::QFactoryLoader() looking at "/usr/bin/orte-clean"
"Failed to extract plugin meta data from '/usr/bin/orte-clean'" 
         not a plugin
QFactoryLoader::QFactoryLoader() looking at "/usr/bin/orte-server"
"Failed to extract plugin meta data from '/usr/bin/orte-server'" 
         not a plugin
QFactoryLoader::QFactoryLoader() looking at "/usr/bin/orted"
"Failed to extract plugin meta data from '/usr/bin/orted'" 
         not a plugin
QFactoryLoader::QFactoryLoader() looking at "/usr/bin/orterun"
"Failed to extract plugin meta data from '/usr/bin/orterun'" 
         not a plugin
QFactoryLoader::QFactoryLoader() looking at "/usr/bin/p11-kit"
"Failed to extract plugin meta data from '/usr/bin/p11-kit'" 
         not a plugin
QFactoryLoader::QFactoryLoader() looking at "/usr/bin/pa-info"
QElfParser: '/usr/bin/pa-info' is not an ELF object
"'/usr/bin/pa-info' is not an ELF object" 
         not a plugin
QFactoryLoader::QFactoryLoader() looking at "/usr/bin/pacat"
"Failed to extract plugin meta data from '/usr/bin/pacat'" 
         not a plugin
QFactoryLoader::QFactoryLoader() looking at "/usr/bin/pacmd"
"Failed to extract plugin meta data from '/usr/bin/pacmd'" 
         not a plugin
QFactoryLoader::QFactoryLoader() looking at "/usr/bin/pactl"
"Failed to extract plugin meta data from '/usr/bin/pactl'" 
         not a plugin
QFactoryLoader::QFactoryLoader() looking at "/usr/bin/padsp"
QElfParser: '/usr/bin/padsp' is not an ELF object
"'/usr/bin/padsp' is not an ELF object" 
         not a plugin
QFactoryLoader::QFactoryLoader() looking at "/usr/bin/pager"
"Failed to extract plugin meta data from '/usr/bin/less'" 
         not a plugin
QFactoryLoader::QFactoryLoader() looking at "/usr/bin/pamon"
"Failed to extract plugin meta data from '/usr/bin/pacat'" 
         not a plugin
QFactoryLoader::QFactoryLoader() looking at "/usr/bin/paperconf"
"Failed to extract plugin meta data from '/usr/bin/paperconf'" 
         not a plugin
QFactoryLoader::QFactoryLoader() looking at "/usr/bin/paplay"
"Failed to extract plugin meta data from '/usr/bin/pacat'" 
         not a plugin
QFactoryLoader::QFactoryLoader() looking at "/usr/bin/paps"
"Failed to extract plugin meta data from '/usr/bin/paps'" 
         not a plugin
QFactoryLoader::QFactoryLoader() looking at "/usr/bin/parec"
"Failed to extract plugin meta data from '/usr/bin/pacat'" 
         not a plugin
QFactoryLoader::QFactoryLoader() looking at "/usr/bin/parecord"
"Failed to extract plugin meta data from '/usr/bin/pacat'" 
         not a plugin
QFactoryLoader::QFactoryLoader() looking at "/usr/bin/partx"
"Failed to extract plugin meta data from '/usr/bin/partx'" 
         not a plugin
QFactoryLoader::QFactoryLoader() looking at "/usr/bin/passwd"
"Failed to extract plugin meta data from '/usr/bin/passwd'" 
         not a plugin
QFactoryLoader::QFactoryLoader() looking at "/usr/bin/paste"
"Failed to extract plugin meta data from '/usr/bin/paste'" 
         not a plugin
QFactoryLoader::QFactoryLoader() looking at "/usr/bin/pasteurize"
QElfParser: '/usr/bin/python3-pasteurize' is not an ELF object
"'/usr/bin/python3-pasteurize' is not an ELF object" 
         not a plugin
QFactoryLoader::QFactoryLoader() looking at "/usr/bin/pasuspender"
"Failed to extract plugin meta data from '/usr/bin/pasuspender'" 
         not a plugin
QFactoryLoader::QFactoryLoader() looking at "/usr/bin/patch"
"Failed to extract plugin meta data from '/usr/bin/patch'" 
         not a plugin
QFactoryLoader::QFactoryLoader() looking at "/usr/bin/pathchk"
"Failed to extract plugin meta data from '/usr/bin/pathchk'" 
         not a plugin
QFactoryLoader::QFactoryLoader() looking at "/usr/bin/pax11publish"
"Failed to extract plugin meta data from '/usr/bin/pax11publish'" 
         not a plugin
QFactoryLoader::QFactoryLoader() looking at "/usr/bin/pcc"
"Failed to extract plugin meta data from '/usr/bin/pcc'" 
         not a plugin
QFactoryLoader::QFactoryLoader() looking at "/usr/bin/pcre-config"
QElfParser: '/usr/bin/pcre-config' is not an ELF object
"'/usr/bin/pcre-config' is not an ELF object" 
         not a plugin
QFactoryLoader::QFactoryLoader() looking at "/usr/bin/pcre2-config"
QElfParser: '/usr/bin/pcre2-config' is not an ELF object
"'/usr/bin/pcre2-config' is not an ELF object" 
         not a plugin
QFactoryLoader::QFactoryLoader() looking at "/usr/bin/pdb2"
QElfParser: '/usr/lib/python2.7/pdb.py' is not an ELF object
"'/usr/lib/python2.7/pdb.py' is not an ELF object" 
         not a plugin
QFactoryLoader::QFactoryLoader() looking at "/usr/bin/pdb2.7"
QElfParser: '/usr/lib/python2.7/pdb.py' is not an ELF object
"'/usr/lib/python2.7/pdb.py' is not an ELF object" 
         not a plugin
QFactoryLoader::QFactoryLoader() looking at "/usr/bin/pdb3"
QElfParser: '/usr/lib/python3.8/pdb.py' is not an ELF object
"'/usr/lib/python3.8/pdb.py' is not an ELF object" 
         not a plugin
QFactoryLoader::QFactoryLoader() looking at "/usr/bin/pdb3.12"
QElfParser: '/usr/lib/python3.12/pdb.py' is not an ELF object
"'/usr/lib/python3.12/pdb.py' is not an ELF object" 
         not a plugin
QFactoryLoader::QFactoryLoader() looking at "/usr/bin/pdb3.8"
QElfParser: '/usr/lib/python3.8/pdb.py' is not an ELF object
"'/usr/lib/python3.8/pdb.py' is not an ELF object" 
         not a plugin
QFactoryLoader::QFactoryLoader() looking at "/usr/bin/pdf2dsc"
QElfParser: '/usr/bin/pdf2dsc' is not an ELF object
"'/usr/bin/pdf2dsc' is not an ELF object" 
         not a plugin
QFactoryLoader::QFactoryLoader() looking at "/usr/bin/pdf2ps"
QElfParser: '/usr/bin/pdf2ps' is not an ELF object
"'/usr/bin/pdf2ps' is not an ELF object" 
         not a plugin
QFactoryLoader::QFactoryLoader() looking at "/usr/bin/pdfattach"
"Failed to extract plugin meta data from '/usr/bin/pdfattach'" 
         not a plugin
QFactoryLoader::QFactoryLoader() looking at "/usr/bin/pdfdetach"
"Failed to extract plugin meta data from '/usr/bin/pdfdetach'" 
         not a plugin
QFactoryLoader::QFactoryLoader() looking at "/usr/bin/pdffonts"
"Failed to extract plugin meta data from '/usr/bin/pdffonts'" 
         not a plugin
QFactoryLoader::QFactoryLoader() looking at "/usr/bin/pdfimages"
"Failed to extract plugin meta data from '/usr/bin/pdfimages'" 
         not a plugin
QFactoryLoader::QFactoryLoader() looking at "/usr/bin/pdfinfo"
"Failed to extract plugin meta data from '/usr/bin/pdfinfo'" 
         not a plugin
QFactoryLoader::QFactoryLoader() looking at "/usr/bin/pdfseparate"
"Failed to extract plugin meta data from '/usr/bin/pdfseparate'" 
         not a plugin
QFactoryLoader::QFactoryLoader() looking at "/usr/bin/pdfsig"
"Failed to extract plugin meta data from '/usr/bin/pdfsig'" 
         not a plugin
QFactoryLoader::QFactoryLoader() looking at "/usr/bin/pdftocairo"
"Failed to extract plugin meta data from '/usr/bin/pdftocairo'" 
         not a plugin
QFactoryLoader::QFactoryLoader() looking at "/usr/bin/pdftohtml"
"Failed to extract plugin meta data from '/usr/bin/pdftohtml'" 
         not a plugin
QFactoryLoader::QFactoryLoader() looking at "/usr/bin/pdftoppm"
"Failed to extract plugin meta data from '/usr/bin/pdftoppm'" 
         not a plugin
QFactoryLoader::QFactoryLoader() looking at "/usr/bin/pdftops"
"Failed to extract plugin meta data from '/usr/bin/pdftops'" 
         not a plugin
QFactoryLoader::QFactoryLoader() looking at "/usr/bin/pdftotext"
"Failed to extract plugin meta data from '/usr/bin/pdftotext'" 
         not a plugin
QFactoryLoader::QFactoryLoader() looking at "/usr/bin/pdfunite"
"Failed to extract plugin meta data from '/usr/bin/pdfunite'" 
         not a plugin
QFactoryLoader::QFactoryLoader() looking at "/usr/bin/peekfd"
"Failed to extract plugin meta data from '/usr/bin/peekfd'" 
         not a plugin
QFactoryLoader::QFactoryLoader() looking at "/usr/bin/perl"
"Failed to extract plugin meta data from '/usr/bin/perl'" 
         not a plugin
QFactoryLoader::QFactoryLoader() looking at "/usr/bin/perl5.30-aarch64-linux-gnu"
"Failed to extract plugin meta data from '/usr/bin/perl5.30-aarch64-linux-gnu'" 
         not a plugin
QFactoryLoader::QFactoryLoader() looking at "/usr/bin/perl5.30.0"
"Failed to extract plugin meta data from '/usr/bin/perl5.30.0'" 
         not a plugin
QFactoryLoader::QFactoryLoader() looking at "/usr/bin/perlbug"
QElfParser: '/usr/bin/perlbug' is not an ELF object
"'/usr/bin/perlbug' is not an ELF object" 
         not a plugin
QFactoryLoader::QFactoryLoader() looking at "/usr/bin/perldoc"
QElfParser: '/usr/bin/perldoc' is not an ELF object
"'/usr/bin/perldoc' is not an ELF object" 
         not a plugin
QFactoryLoader::QFactoryLoader() looking at "/usr/bin/perli11ndoc"
QElfParser: '/usr/bin/perli11ndoc' is not an ELF object
"'/usr/bin/perli11ndoc' is not an ELF object" 
         not a plugin
QFactoryLoader::QFactoryLoader() looking at "/usr/bin/perlivp"
QElfParser: '/usr/bin/perlivp' is not an ELF object
"'/usr/bin/perlivp' is not an ELF object" 
         not a plugin
QFactoryLoader::QFactoryLoader() looking at "/usr/bin/perlthanks"
QElfParser: '/usr/bin/perlthanks' is not an ELF object
"'/usr/bin/perlthanks' is not an ELF object" 
         not a plugin
QFactoryLoader::QFactoryLoader() looking at "/usr/bin/pf2afm"
QElfParser: '/usr/bin/pf2afm' is not an ELF object
"'/usr/bin/pf2afm' is not an ELF object" 
         not a plugin
QFactoryLoader::QFactoryLoader() looking at "/usr/bin/pfbtopfa"
QElfParser: '/usr/bin/pfbtopfa' is not an ELF object
"'/usr/bin/pfbtopfa' is not an ELF object" 
         not a plugin
QFactoryLoader::QFactoryLoader() looking at "/usr/bin/pftp"
"Failed to extract plugin meta data from '/usr/bin/netkit-ftp'" 
         not a plugin
QFactoryLoader::QFactoryLoader() looking at "/usr/bin/pgrep"
"Failed to extract plugin meta data from '/usr/bin/pgrep'" 
         not a plugin
QFactoryLoader::QFactoryLoader() looking at "/usr/bin/pic"
"Failed to extract plugin meta data from '/usr/bin/pic'" 
         not a plugin
QFactoryLoader::QFactoryLoader() looking at "/usr/bin/pico"
"Failed to extract plugin meta data from '/usr/bin/nano'" 
         not a plugin
QFactoryLoader::QFactoryLoader() looking at "/usr/bin/piconv"
QElfParser: '/usr/bin/piconv' is not an ELF object
"'/usr/bin/piconv' is not an ELF object" 
         not a plugin
QFactoryLoader::QFactoryLoader() looking at "/usr/bin/pidof"
"Failed to extract plugin meta data from '/usr/sbin/killall5'" 
         not a plugin
QFactoryLoader::QFactoryLoader() looking at "/usr/bin/pinentry"
"Failed to extract plugin meta data from '/usr/bin/pinentry-gnome3'" 
         not a plugin
QFactoryLoader::QFactoryLoader() looking at "/usr/bin/pinentry-gnome3"
"Failed to extract plugin meta data from '/usr/bin/pinentry-gnome3'" 
         not a plugin
QFactoryLoader::QFactoryLoader() looking at "/usr/bin/pinentry-x11"
"Failed to extract plugin meta data from '/usr/bin/pinentry-gnome3'" 
         not a plugin
QFactoryLoader::QFactoryLoader() looking at "/usr/bin/ping"
"Failed to extract plugin meta data from '/usr/bin/ping'" 
         not a plugin
QFactoryLoader::QFactoryLoader() looking at "/usr/bin/ping4"
"Failed to extract plugin meta data from '/usr/bin/ping'" 
         not a plugin
QFactoryLoader::QFactoryLoader() looking at "/usr/bin/ping6"
"Failed to extract plugin meta data from '/usr/bin/ping'" 
         not a plugin
QFactoryLoader::QFactoryLoader() looking at "/usr/bin/pinky"
"Failed to extract plugin meta data from '/usr/bin/pinky'" 
         not a plugin
QFactoryLoader::QFactoryLoader() looking at "/usr/bin/pixeltool"
"Failed to extract plugin meta data from '/usr/bin/qtchooser'" 
         not a plugin
QFactoryLoader::QFactoryLoader() looking at "/usr/bin/pkaction"
"Failed to extract plugin meta data from '/usr/bin/pkaction'" 
         not a plugin
QFactoryLoader::QFactoryLoader() looking at "/usr/bin/pkcheck"
"Failed to extract plugin meta data from '/usr/bin/pkcheck'" 
         not a plugin
QFactoryLoader::QFactoryLoader() looking at "/usr/bin/pkcon"
"Failed to extract plugin meta data from '/usr/bin/pkcon'" 
         not a plugin
QFactoryLoader::QFactoryLoader() looking at "/usr/bin/pkexec"
"Failed to extract plugin meta data from '/usr/bin/pkexec'" 
         not a plugin
QFactoryLoader::QFactoryLoader() looking at "/usr/bin/pkg-config"
"Failed to extract plugin meta data from '/usr/bin/pkg-config'" 
         not a plugin
QFactoryLoader::QFactoryLoader() looking at "/usr/bin/pkgdata"
"Failed to extract plugin meta data from '/usr/bin/pkgdata'" 
         not a plugin
QFactoryLoader::QFactoryLoader() looking at "/usr/bin/pkill"
"Failed to extract plugin meta data from '/usr/bin/pgrep'" 
         not a plugin
QFactoryLoader::QFactoryLoader() looking at "/usr/bin/pkmon"
"Failed to extract plugin meta data from '/usr/bin/pkmon'" 
         not a plugin
QFactoryLoader::QFactoryLoader() looking at "/usr/bin/pkttyagent"
"Failed to extract plugin meta data from '/usr/bin/pkttyagent'" 
         not a plugin
QFactoryLoader::QFactoryLoader() looking at "/usr/bin/pl2pm"
QElfParser: '/usr/bin/pl2pm' is not an ELF object
"'/usr/bin/pl2pm' is not an ELF object" 
         not a plugin
QFactoryLoader::QFactoryLoader() looking at "/usr/bin/pldd"
"Failed to extract plugin meta data from '/usr/bin/pldd'" 
         not a plugin
QFactoryLoader::QFactoryLoader() looking at "/usr/bin/plog"
QElfParser: '/usr/bin/plog' is not an ELF object
"'/usr/bin/plog' is not an ELF object" 
         not a plugin
QFactoryLoader::QFactoryLoader() looking at "/usr/bin/plymouth"
"Failed to extract plugin meta data from '/usr/bin/plymouth'" 
         not a plugin
QFactoryLoader::QFactoryLoader() looking at "/usr/bin/pmap"
"Failed to extract plugin meta data from '/usr/bin/pmap'" 
         not a plugin
QFactoryLoader::QFactoryLoader() looking at "/usr/bin/pnm2ppa"
"Failed to extract plugin meta data from '/usr/bin/pnm2ppa'" 
         not a plugin
QFactoryLoader::QFactoryLoader() looking at "/usr/bin/pod2html"
QElfParser: '/usr/bin/pod2html' is not an ELF object
"'/usr/bin/pod2html' is not an ELF object" 
         not a plugin
QFactoryLoader::QFactoryLoader() looking at "/usr/bin/pod2man"
QElfParser: '/usr/bin/pod2man' is not an ELF object
"'/usr/bin/pod2man' is not an ELF object" 
         not a plugin
QFactoryLoader::QFactoryLoader() looking at "/usr/bin/pod2text"
QElfParser: '/usr/bin/pod2text' is not an ELF object
"'/usr/bin/pod2text' is not an ELF object" 
         not a plugin
QFactoryLoader::QFactoryLoader() looking at "/usr/bin/pod2usage"
QElfParser: '/usr/bin/pod2usage' is not an ELF object
"'/usr/bin/pod2usage' is not an ELF object" 
         not a plugin
QFactoryLoader::QFactoryLoader() looking at "/usr/bin/podchecker"
QElfParser: '/usr/bin/podchecker' is not an ELF object
"'/usr/bin/podchecker' is not an ELF object" 
         not a plugin
QFactoryLoader::QFactoryLoader() looking at "/usr/bin/podselect"
QElfParser: '/usr/bin/podselect' is not an ELF object
"'/usr/bin/podselect' is not an ELF object" 
         not a plugin
QFactoryLoader::QFactoryLoader() looking at "/usr/bin/poff"
QElfParser: '/usr/bin/poff' is not an ELF object
"'/usr/bin/poff' is not an ELF object" 
         not a plugin
QFactoryLoader::QFactoryLoader() looking at "/usr/bin/pon"
QElfParser: '/usr/bin/pon' is not an ELF object
"'/usr/bin/pon' is not an ELF object" 
         not a plugin
QFactoryLoader::QFactoryLoader() looking at "/usr/bin/POST"
QElfParser: '/usr/bin/lwp-request' is not an ELF object
"'/usr/bin/lwp-request' is not an ELF object" 
         not a plugin
QFactoryLoader::QFactoryLoader() looking at "/usr/bin/pphs"
QElfParser: '/usr/bin/pphs' is not an ELF object
"'/usr/bin/pphs' is not an ELF object" 
         not a plugin
QFactoryLoader::QFactoryLoader() looking at "/usr/bin/pr"
"Failed to extract plugin meta data from '/usr/bin/pr'" 
         not a plugin
QFactoryLoader::QFactoryLoader() looking at "/usr/bin/precat"
QElfParser: '/usr/bin/precat' is not an ELF object
"'/usr/bin/precat' is not an ELF object" 
         not a plugin
QFactoryLoader::QFactoryLoader() looking at "/usr/bin/preconv"
"Failed to extract plugin meta data from '/usr/bin/preconv'" 
         not a plugin
QFactoryLoader::QFactoryLoader() looking at "/usr/bin/preunzip"
QElfParser: '/usr/bin/preunzip' is not an ELF object
"'/usr/bin/preunzip' is not an ELF object" 
         not a plugin
QFactoryLoader::QFactoryLoader() looking at "/usr/bin/prezip"
QElfParser: '/usr/bin/prezip' is not an ELF object
"'/usr/bin/prezip' is not an ELF object" 
         not a plugin
QFactoryLoader::QFactoryLoader() looking at "/usr/bin/prezip-bin"
"Failed to extract plugin meta data from '/usr/bin/prezip-bin'" 
         not a plugin
QFactoryLoader::QFactoryLoader() looking at "/usr/bin/print"
QElfParser: '/usr/bin/run-mailcap' is not an ELF object
"'/usr/bin/run-mailcap' is not an ELF object" 
         not a plugin
QFactoryLoader::QFactoryLoader() looking at "/usr/bin/printafm"
QElfParser: '/usr/bin/printafm' is not an ELF object
"'/usr/bin/printafm' is not an ELF object" 
         not a plugin
QFactoryLoader::QFactoryLoader() looking at "/usr/bin/printenv"
"Failed to extract plugin meta data from '/usr/bin/printenv'" 
         not a plugin
QFactoryLoader::QFactoryLoader() looking at "/usr/bin/printerbanner"
"Failed to extract plugin meta data from '/usr/bin/printerbanner'" 
         not a plugin
QFactoryLoader::QFactoryLoader() looking at "/usr/bin/printf"
"Failed to extract plugin meta data from '/usr/bin/printf'" 
         not a plugin
QFactoryLoader::QFactoryLoader() looking at "/usr/bin/prlimit"
"Failed to extract plugin meta data from '/usr/bin/prlimit'" 
         not a plugin
QFactoryLoader::QFactoryLoader() looking at "/usr/bin/pro"
QElfParser: '/usr/bin/ubuntu-advantage' is not an ELF object
"'/usr/bin/ubuntu-advantage' is not an ELF object" 
         not a plugin
QFactoryLoader::QFactoryLoader() looking at "/usr/bin/proj"
"Failed to extract plugin meta data from '/usr/bin/proj'" 
         not a plugin
QFactoryLoader::QFactoryLoader() looking at "/usr/bin/projinfo"
"Failed to extract plugin meta data from '/usr/bin/projinfo'" 
         not a plugin
QFactoryLoader::QFactoryLoader() looking at "/usr/bin/prove"
QElfParser: '/usr/bin/prove' is not an ELF object
"'/usr/bin/prove' is not an ELF object" 
         not a plugin
QFactoryLoader::QFactoryLoader() looking at "/usr/bin/proxy"
"Failed to extract plugin meta data from '/usr/bin/proxy'" 
         not a plugin
QFactoryLoader::QFactoryLoader() looking at "/usr/bin/prtstat"
"Failed to extract plugin meta data from '/usr/bin/prtstat'" 
         not a plugin
QFactoryLoader::QFactoryLoader() looking at "/usr/bin/ps"
"Failed to extract plugin meta data from '/usr/bin/ps'" 
         not a plugin
QFactoryLoader::QFactoryLoader() looking at "/usr/bin/ps2ascii"
QElfParser: '/usr/bin/ps2ascii' is not an ELF object
"'/usr/bin/ps2ascii' is not an ELF object" 
         not a plugin
QFactoryLoader::QFactoryLoader() looking at "/usr/bin/ps2epsi"
QElfParser: '/usr/bin/ps2epsi' is not an ELF object
"'/usr/bin/ps2epsi' is not an ELF object" 
         not a plugin
QFactoryLoader::QFactoryLoader() looking at "/usr/bin/ps2pdf"
QElfParser: '/usr/bin/ps2pdf' is not an ELF object
"'/usr/bin/ps2pdf' is not an ELF object" 
         not a plugin
QFactoryLoader::QFactoryLoader() looking at "/usr/bin/ps2pdf12"
QElfParser: '/usr/bin/ps2pdf12' is not an ELF object
"'/usr/bin/ps2pdf12' is not an ELF object" 
         not a plugin
QFactoryLoader::QFactoryLoader() looking at "/usr/bin/ps2pdf13"
QElfParser: '/usr/bin/ps2pdf13' is not an ELF object
"'/usr/bin/ps2pdf13' is not an ELF object" 
         not a plugin
QFactoryLoader::QFactoryLoader() looking at "/usr/bin/ps2pdf14"
QElfParser: '/usr/bin/ps2pdf14' is not an ELF object
"'/usr/bin/ps2pdf14' is not an ELF object" 
         not a plugin
QFactoryLoader::QFactoryLoader() looking at "/usr/bin/ps2pdfwr"
QElfParser: '/usr/bin/ps2pdfwr' is not an ELF object
"'/usr/bin/ps2pdfwr' is not an ELF object" 
         not a plugin
QFactoryLoader::QFactoryLoader() looking at "/usr/bin/ps2ps"
QElfParser: '/usr/bin/ps2ps' is not an ELF object
"'/usr/bin/ps2ps' is not an ELF object" 
         not a plugin
QFactoryLoader::QFactoryLoader() looking at "/usr/bin/ps2ps2"
QElfParser: '/usr/bin/ps2ps2' is not an ELF object
"'/usr/bin/ps2ps2' is not an ELF object" 
         not a plugin
QFactoryLoader::QFactoryLoader() looking at "/usr/bin/ps2txt"
QElfParser: '/usr/bin/ps2ascii' is not an ELF object
"'/usr/bin/ps2ascii' is not an ELF object" 
         not a plugin
QFactoryLoader::QFactoryLoader() looking at "/usr/bin/psfaddtable"
"Failed to extract plugin meta data from '/usr/bin/psfxtable'" 
         not a plugin
QFactoryLoader::QFactoryLoader() looking at "/usr/bin/psfgettable"
"Failed to extract plugin meta data from '/usr/bin/psfxtable'" 
         not a plugin
QFactoryLoader::QFactoryLoader() looking at "/usr/bin/psfstriptable"
"Failed to extract plugin meta data from '/usr/bin/psfxtable'" 
         not a plugin
QFactoryLoader::QFactoryLoader() looking at "/usr/bin/psfxtable"
"Failed to extract plugin meta data from '/usr/bin/psfxtable'" 
         not a plugin
QFactoryLoader::QFactoryLoader() looking at "/usr/bin/psicc"
"Failed to extract plugin meta data from '/usr/bin/psicc'" 
         not a plugin
QFactoryLoader::QFactoryLoader() looking at "/usr/bin/pslog"
"Failed to extract plugin meta data from '/usr/bin/pslog'" 
         not a plugin
QFactoryLoader::QFactoryLoader() looking at "/usr/bin/pstree"
"Failed to extract plugin meta data from '/usr/bin/pstree'" 
         not a plugin
QFactoryLoader::QFactoryLoader() looking at "/usr/bin/pstree.x11"
"Failed to extract plugin meta data from '/usr/bin/pstree'" 
         not a plugin
QFactoryLoader::QFactoryLoader() looking at "/usr/bin/ptar"
QElfParser: '/usr/bin/ptar' is not an ELF object
"'/usr/bin/ptar' is not an ELF object" 
         not a plugin
QFactoryLoader::QFactoryLoader() looking at "/usr/bin/ptardiff"
QElfParser: '/usr/bin/ptardiff' is not an ELF object
"'/usr/bin/ptardiff' is not an ELF object" 
         not a plugin
QFactoryLoader::QFactoryLoader() looking at "/usr/bin/ptargrep"
QElfParser: '/usr/bin/ptargrep' is not an ELF object
"'/usr/bin/ptargrep' is not an ELF object" 
         not a plugin
QFactoryLoader::QFactoryLoader() looking at "/usr/bin/ptx"
"Failed to extract plugin meta data from '/usr/bin/ptx'" 
         not a plugin
QFactoryLoader::QFactoryLoader() looking at "/usr/bin/pulseaudio"
"Failed to extract plugin meta data from '/usr/bin/pulseaudio'" 
         not a plugin
QFactoryLoader::QFactoryLoader() looking at "/usr/bin/pwd"
"Failed to extract plugin meta data from '/usr/bin/pwd'" 
         not a plugin
QFactoryLoader::QFactoryLoader() looking at "/usr/bin/pwdx"
"Failed to extract plugin meta data from '/usr/bin/pwdx'" 
         not a plugin
QFactoryLoader::QFactoryLoader() looking at "/usr/bin/py3clean"
QElfParser: '/usr/bin/py3clean' is not an ELF object
"'/usr/bin/py3clean' is not an ELF object" 
         not a plugin
QFactoryLoader::QFactoryLoader() looking at "/usr/bin/py3compile"
QElfParser: '/usr/bin/py3compile' is not an ELF object
"'/usr/bin/py3compile' is not an ELF object" 
         not a plugin
QFactoryLoader::QFactoryLoader() looking at "/usr/bin/py3versions"
QElfParser: '/usr/share/python3/py3versions.py' is not an ELF object
"'/usr/share/python3/py3versions.py' is not an ELF object" 
         not a plugin
QFactoryLoader::QFactoryLoader() looking at "/usr/bin/pyclean"
QElfParser: '/usr/bin/pyclean' is not an ELF object
"'/usr/bin/pyclean' is not an ELF object" 
         not a plugin
QFactoryLoader::QFactoryLoader() looking at "/usr/bin/pycompile"
QElfParser: '/usr/bin/pycompile' is not an ELF object
"'/usr/bin/pycompile' is not an ELF object" 
         not a plugin
QFactoryLoader::QFactoryLoader() looking at "/usr/bin/pydoc2"
QElfParser: '/usr/bin/pydoc2.7' is not an ELF object
"'/usr/bin/pydoc2.7' is not an ELF object" 
         not a plugin
QFactoryLoader::QFactoryLoader() looking at "/usr/bin/pydoc2.7"
QElfParser: '/usr/bin/pydoc2.7' is not an ELF object
"'/usr/bin/pydoc2.7' is not an ELF object" 
         not a plugin
QFactoryLoader::QFactoryLoader() looking at "/usr/bin/pydoc3"
QElfParser: '/usr/bin/pydoc3.8' is not an ELF object
"'/usr/bin/pydoc3.8' is not an ELF object" 
         not a plugin
QFactoryLoader::QFactoryLoader() looking at "/usr/bin/pydoc3.12"
QElfParser: '/usr/bin/pydoc3.12' is not an ELF object
"'/usr/bin/pydoc3.12' is not an ELF object" 
         not a plugin
QFactoryLoader::QFactoryLoader() looking at "/usr/bin/pydoc3.8"
QElfParser: '/usr/bin/pydoc3.8' is not an ELF object
"'/usr/bin/pydoc3.8' is not an ELF object" 
         not a plugin
QFactoryLoader::QFactoryLoader() looking at "/usr/bin/pygettext2"
QElfParser: '/usr/bin/pygettext2.7' is not an ELF object
"'/usr/bin/pygettext2.7' is not an ELF object" 
         not a plugin
QFactoryLoader::QFactoryLoader() looking at "/usr/bin/pygettext2.7"
QElfParser: '/usr/bin/pygettext2.7' is not an ELF object
"'/usr/bin/pygettext2.7' is not an ELF object" 
         not a plugin
QFactoryLoader::QFactoryLoader() looking at "/usr/bin/pygettext3"
QElfParser: '/usr/bin/pygettext3.8' is not an ELF object
"'/usr/bin/pygettext3.8' is not an ELF object" 
         not a plugin
QFactoryLoader::QFactoryLoader() looking at "/usr/bin/pygettext3.12"
QElfParser: '/usr/bin/pygettext3.12' is not an ELF object
"'/usr/bin/pygettext3.12' is not an ELF object" 
         not a plugin
QFactoryLoader::QFactoryLoader() looking at "/usr/bin/pygettext3.8"
QElfParser: '/usr/bin/pygettext3.8' is not an ELF object
"'/usr/bin/pygettext3.8' is not an ELF object" 
         not a plugin
QFactoryLoader::QFactoryLoader() looking at "/usr/bin/pyjwt3"
QElfParser: '/usr/bin/pyjwt3' is not an ELF object
"'/usr/bin/pyjwt3' is not an ELF object" 
         not a plugin
QFactoryLoader::QFactoryLoader() looking at "/usr/bin/python"
"Failed to extract plugin meta data from '/usr/bin/python3.8'" 
         not a plugin
QFactoryLoader::QFactoryLoader() looking at "/usr/bin/python2"
"Failed to extract plugin meta data from '/usr/bin/python2.7'" 
         not a plugin
QFactoryLoader::QFactoryLoader() looking at "/usr/bin/python2.7"
"Failed to extract plugin meta data from '/usr/bin/python2.7'" 
         not a plugin
QFactoryLoader::QFactoryLoader() looking at "/usr/bin/python3"
"Failed to extract plugin meta data from '/usr/bin/python3.8'" 
         not a plugin
QFactoryLoader::QFactoryLoader() looking at "/usr/bin/python3-config"
QElfParser: '/usr/bin/aarch64-linux-gnu-python3.8-config' is not an ELF object
"'/usr/bin/aarch64-linux-gnu-python3.8-config' is not an ELF object" 
         not a plugin
QFactoryLoader::QFactoryLoader() looking at "/usr/bin/python3-futurize"
QElfParser: '/usr/bin/python3-futurize' is not an ELF object
"'/usr/bin/python3-futurize' is not an ELF object" 
         not a plugin
QFactoryLoader::QFactoryLoader() looking at "/usr/bin/python3-pasteurize"
QElfParser: '/usr/bin/python3-pasteurize' is not an ELF object
"'/usr/bin/python3-pasteurize' is not an ELF object" 
         not a plugin
QFactoryLoader::QFactoryLoader() looking at "/usr/bin/python3.12"
"Failed to extract plugin meta data from '/usr/bin/python3.12'" 
         not a plugin
QFactoryLoader::QFactoryLoader() looking at "/usr/bin/python3.8"
"Failed to extract plugin meta data from '/usr/bin/python3.8'" 
         not a plugin
QFactoryLoader::QFactoryLoader() looking at "/usr/bin/python3.8-config"
QElfParser: '/usr/bin/aarch64-linux-gnu-python3.8-config' is not an ELF object
"'/usr/bin/aarch64-linux-gnu-python3.8-config' is not an ELF object" 
         not a plugin
QFactoryLoader::QFactoryLoader() looking at "/usr/bin/pyversions"
QElfParser: '/usr/share/python/pyversions.py' is not an ELF object
"'/usr/share/python/pyversions.py' is not an ELF object" 
         not a plugin
QFactoryLoader::QFactoryLoader() looking at "/usr/bin/qcollectiongenerator"
"Failed to extract plugin meta data from '/usr/bin/qtchooser'" 
         not a plugin
QFactoryLoader::QFactoryLoader() looking at "/usr/bin/qdbus"
"Failed to extract plugin meta data from '/usr/bin/qtchooser'" 
         not a plugin
QFactoryLoader::QFactoryLoader() looking at "/usr/bin/qdbuscpp2xml"
"Failed to extract plugin meta data from '/usr/bin/qtchooser'" 
         not a plugin
QFactoryLoader::QFactoryLoader() looking at "/usr/bin/qdbusviewer"
"Failed to extract plugin meta data from '/usr/bin/qtchooser'" 
         not a plugin
QFactoryLoader::QFactoryLoader() looking at "/usr/bin/qdbusxml2cpp"
"Failed to extract plugin meta data from '/usr/bin/qtchooser'" 
         not a plugin
QFactoryLoader::QFactoryLoader() looking at "/usr/bin/qdoc"
"Failed to extract plugin meta data from '/usr/bin/qtchooser'" 
         not a plugin
QFactoryLoader::QFactoryLoader() looking at "/usr/bin/qdoc3"
"Failed to extract plugin meta data from '/usr/bin/qtchooser'" 
         not a plugin
QFactoryLoader::QFactoryLoader() looking at "/usr/bin/qgltf"
"Failed to extract plugin meta data from '/usr/bin/qtchooser'" 
         not a plugin
QFactoryLoader::QFactoryLoader() looking at "/usr/bin/qhelpconverter"
"Failed to extract plugin meta data from '/usr/bin/qtchooser'" 
         not a plugin
QFactoryLoader::QFactoryLoader() looking at "/usr/bin/qhelpgenerator"
"Failed to extract plugin meta data from '/usr/bin/qtchooser'" 
         not a plugin
QFactoryLoader::QFactoryLoader() looking at "/usr/bin/qlalr"
"Failed to extract plugin meta data from '/usr/bin/qtchooser'" 
         not a plugin
QFactoryLoader::QFactoryLoader() looking at "/usr/bin/qmake"
"Failed to extract plugin meta data from '/usr/bin/qtchooser'" 
         not a plugin
QFactoryLoader::QFactoryLoader() looking at "/usr/bin/qml"
"Failed to extract plugin meta data from '/usr/bin/qtchooser'" 
         not a plugin
QFactoryLoader::QFactoryLoader() looking at "/usr/bin/qml1plugindump"
"Failed to extract plugin meta data from '/usr/bin/qtchooser'" 
         not a plugin
QFactoryLoader::QFactoryLoader() looking at "/usr/bin/qmlbundle"
"Failed to extract plugin meta data from '/usr/bin/qtchooser'" 
         not a plugin
QFactoryLoader::QFactoryLoader() looking at "/usr/bin/qmlcachegen"
"Failed to extract plugin meta data from '/usr/bin/qtchooser'" 
         not a plugin
QFactoryLoader::QFactoryLoader() looking at "/usr/bin/qmleasing"
"Failed to extract plugin meta data from '/usr/bin/qtchooser'" 
         not a plugin
QFactoryLoader::QFactoryLoader() looking at "/usr/bin/qmlimportscanner"
"Failed to extract plugin meta data from '/usr/bin/qtchooser'" 
         not a plugin
QFactoryLoader::QFactoryLoader() looking at "/usr/bin/qmljs"
"Failed to extract plugin meta data from '/usr/bin/qtchooser'" 
         not a plugin
QFactoryLoader::QFactoryLoader() looking at "/usr/bin/qmllint"
"Failed to extract plugin meta data from '/usr/bin/qtchooser'" 
         not a plugin
QFactoryLoader::QFactoryLoader() looking at "/usr/bin/qmlmin"
"Failed to extract plugin meta data from '/usr/bin/qtchooser'" 
         not a plugin
QFactoryLoader::QFactoryLoader() looking at "/usr/bin/qmlplugindump"
"Failed to extract plugin meta data from '/usr/bin/qtchooser'" 
         not a plugin
QFactoryLoader::QFactoryLoader() looking at "/usr/bin/qmlprofiler"
"Failed to extract plugin meta data from '/usr/bin/qtchooser'" 
         not a plugin
QFactoryLoader::QFactoryLoader() looking at "/usr/bin/qmlscene"
"Failed to extract plugin meta data from '/usr/bin/qtchooser'" 
         not a plugin
QFactoryLoader::QFactoryLoader() looking at "/usr/bin/qmltestrunner"
"Failed to extract plugin meta data from '/usr/bin/qtchooser'" 
         not a plugin
QFactoryLoader::QFactoryLoader() looking at "/usr/bin/qmlviewer"
"Failed to extract plugin meta data from '/usr/bin/qtchooser'" 
         not a plugin
QFactoryLoader::QFactoryLoader() looking at "/usr/bin/qtattributionsscanner"
"Failed to extract plugin meta data from '/usr/bin/qtchooser'" 
         not a plugin
QFactoryLoader::QFactoryLoader() looking at "/usr/bin/qtchooser"
"Failed to extract plugin meta data from '/usr/bin/qtchooser'" 
         not a plugin
QFactoryLoader::QFactoryLoader() looking at "/usr/bin/qtconfig"
"Failed to extract plugin meta data from '/usr/bin/qtchooser'" 
         not a plugin
QFactoryLoader::QFactoryLoader() looking at "/usr/bin/qtdiag"
"Failed to extract plugin meta data from '/usr/bin/qtchooser'" 
         not a plugin
QFactoryLoader::QFactoryLoader() looking at "/usr/bin/qtpaths"
"Failed to extract plugin meta data from '/usr/bin/qtchooser'" 
         not a plugin
QFactoryLoader::QFactoryLoader() looking at "/usr/bin/qtplugininfo"
"Failed to extract plugin meta data from '/usr/bin/qtchooser'" 
         not a plugin
QFactoryLoader::QFactoryLoader() looking at "/usr/bin/quirks-handler"
QElfParser: '/usr/bin/quirks-handler' is not an ELF object
"'/usr/bin/quirks-handler' is not an ELF object" 
         not a plugin
QFactoryLoader::QFactoryLoader() looking at "/usr/bin/qvkgen"
"Failed to extract plugin meta data from '/usr/bin/qtchooser'" 
         not a plugin
QFactoryLoader::QFactoryLoader() looking at "/usr/bin/qvlc"
QElfParser: '/usr/bin/qvlc' is not an ELF object (file too small)
"'/usr/bin/qvlc' is not an ELF object (file too small)" 
         not a plugin
QFactoryLoader::QFactoryLoader() looking at "/usr/bin/ranlib"
"Failed to extract plugin meta data from '/usr/bin/aarch64-linux-gnu-ranlib'" 
         not a plugin
QFactoryLoader::QFactoryLoader() looking at "/usr/bin/rbash"
"Failed to extract plugin meta data from '/usr/bin/bash'" 
         not a plugin
QFactoryLoader::QFactoryLoader() looking at "/usr/bin/rcc"
"Failed to extract plugin meta data from '/usr/bin/qtchooser'" 
         not a plugin
QFactoryLoader::QFactoryLoader() looking at "/usr/bin/rcp"
"Failed to extract plugin meta data from '/usr/bin/scp'" 
         not a plugin
QFactoryLoader::QFactoryLoader() looking at "/usr/bin/rctest"
"Failed to extract plugin meta data from '/usr/bin/rctest'" 
         not a plugin
QFactoryLoader::QFactoryLoader() looking at "/usr/bin/rdiffdir"
QElfParser: '/usr/bin/rdiffdir' is not an ELF object
"'/usr/bin/rdiffdir' is not an ELF object" 
         not a plugin
QFactoryLoader::QFactoryLoader() looking at "/usr/bin/rdma"
"Failed to extract plugin meta data from '/usr/bin/rdma'" 
         not a plugin
QFactoryLoader::QFactoryLoader() looking at "/usr/bin/readelf"
"Failed to extract plugin meta data from '/usr/bin/aarch64-linux-gnu-readelf'" 
         not a plugin
QFactoryLoader::QFactoryLoader() looking at "/usr/bin/readlink"
"Failed to extract plugin meta data from '/usr/bin/readlink'" 
         not a plugin
QFactoryLoader::QFactoryLoader() looking at "/usr/bin/realpath"
"Failed to extract plugin meta data from '/usr/bin/realpath'" 
         not a plugin
QFactoryLoader::QFactoryLoader() looking at "/usr/bin/red"
QElfParser: '/usr/bin/red' is not an ELF object
"'/usr/bin/red' is not an ELF object" 
         not a plugin
QFactoryLoader::QFactoryLoader() looking at "/usr/bin/remmina"
"Failed to extract plugin meta data from '/usr/bin/remmina'" 
         not a plugin
QFactoryLoader::QFactoryLoader() looking at "/usr/bin/remmina-file-wrapper"
QElfParser: '/usr/bin/remmina-file-wrapper' is not an ELF object
"'/usr/bin/remmina-file-wrapper' is not an ELF object" 
         not a plugin
QFactoryLoader::QFactoryLoader() looking at "/usr/bin/rename.ul"
"Failed to extract plugin meta data from '/usr/bin/rename.ul'" 
         not a plugin
QFactoryLoader::QFactoryLoader() looking at "/usr/bin/rendercheck"
"Failed to extract plugin meta data from '/usr/bin/rendercheck'" 
         not a plugin
QFactoryLoader::QFactoryLoader() looking at "/usr/bin/renice"
"Failed to extract plugin meta data from '/usr/bin/renice'" 
         not a plugin
QFactoryLoader::QFactoryLoader() looking at "/usr/bin/repc"
"Failed to extract plugin meta data from '/usr/bin/qtchooser'" 
         not a plugin
QFactoryLoader::QFactoryLoader() looking at "/usr/bin/reset"
"Failed to extract plugin meta data from '/usr/bin/tset'" 
         not a plugin
QFactoryLoader::QFactoryLoader() looking at "/usr/bin/resize"
"Failed to extract plugin meta data from '/usr/bin/resize'" 
         not a plugin
QFactoryLoader::QFactoryLoader() looking at "/usr/bin/resizepart"
"Failed to extract plugin meta data from '/usr/bin/resizepart'" 
         not a plugin
QFactoryLoader::QFactoryLoader() looking at "/usr/bin/resolvectl"
"Failed to extract plugin meta data from '/usr/bin/resolvectl'" 
         not a plugin
QFactoryLoader::QFactoryLoader() looking at "/usr/bin/rev"
"Failed to extract plugin meta data from '/usr/bin/rev'" 
         not a plugin
QFactoryLoader::QFactoryLoader() looking at "/usr/bin/rfcomm"
"Failed to extract plugin meta data from '/usr/bin/rfcomm'" 
         not a plugin
QFactoryLoader::QFactoryLoader() looking at "/usr/bin/rgrep"
QElfParser: '/usr/bin/rgrep' is not an ELF object (file too small)
"'/usr/bin/rgrep' is not an ELF object (file too small)" 
         not a plugin
QFactoryLoader::QFactoryLoader() looking at "/usr/bin/rhythmbox"
"Failed to extract plugin meta data from '/usr/bin/rhythmbox'" 
         not a plugin
QFactoryLoader::QFactoryLoader() looking at "/usr/bin/rhythmbox-client"
"Failed to extract plugin meta data from '/usr/bin/rhythmbox-client'" 
         not a plugin
QFactoryLoader::QFactoryLoader() looking at "/usr/bin/rlogin"
"Failed to extract plugin meta data from '/usr/bin/ssh'" 
         not a plugin
QFactoryLoader::QFactoryLoader() looking at "/usr/bin/rm"
"Failed to extract plugin meta data from '/usr/bin/rm'" 
         not a plugin
QFactoryLoader::QFactoryLoader() looking at "/usr/bin/rmdir"
"Failed to extract plugin meta data from '/usr/bin/rmdir'" 
         not a plugin
QFactoryLoader::QFactoryLoader() looking at "/usr/bin/rnano"
"Failed to extract plugin meta data from '/usr/bin/nano'" 
         not a plugin
QFactoryLoader::QFactoryLoader() looking at "/usr/bin/routef"
QElfParser: '/usr/bin/routef' is not an ELF object
"'/usr/bin/routef' is not an ELF object" 
         not a plugin
QFactoryLoader::QFactoryLoader() looking at "/usr/bin/routel"
QElfParser: '/usr/bin/routel' is not an ELF object
"'/usr/bin/routel' is not an ELF object" 
         not a plugin
QFactoryLoader::QFactoryLoader() looking at "/usr/bin/rpcgen"
"Failed to extract plugin meta data from '/usr/bin/rpcgen'" 
         not a plugin
QFactoryLoader::QFactoryLoader() looking at "/usr/bin/rpcinfo"
"Failed to extract plugin meta data from '/usr/bin/rpcinfo'" 
         not a plugin
QFactoryLoader::QFactoryLoader() looking at "/usr/bin/rpm"
"Failed to extract plugin meta data from '/usr/bin/rpm'" 
         not a plugin
QFactoryLoader::QFactoryLoader() looking at "/usr/bin/rpm2archive"
"Failed to extract plugin meta data from '/usr/bin/rpm2archive'" 
         not a plugin
QFactoryLoader::QFactoryLoader() looking at "/usr/bin/rpm2cpio"
"Failed to extract plugin meta data from '/usr/bin/rpm2cpio'" 
         not a plugin
QFactoryLoader::QFactoryLoader() looking at "/usr/bin/rpmbuild"
"Failed to extract plugin meta data from '/usr/bin/rpmbuild'" 
         not a plugin
QFactoryLoader::QFactoryLoader() looking at "/usr/bin/rpmdb"
"Failed to extract plugin meta data from '/usr/bin/rpmdb'" 
         not a plugin
QFactoryLoader::QFactoryLoader() looking at "/usr/bin/rpmgraph"
"Failed to extract plugin meta data from '/usr/bin/rpmgraph'" 
         not a plugin
QFactoryLoader::QFactoryLoader() looking at "/usr/bin/rpmkeys"
"Failed to extract plugin meta data from '/usr/bin/rpmkeys'" 
         not a plugin
QFactoryLoader::QFactoryLoader() looking at "/usr/bin/rpmquery"
"Failed to extract plugin meta data from '/usr/bin/rpm'" 
         not a plugin
QFactoryLoader::QFactoryLoader() looking at "/usr/bin/rpmsign"
"Failed to extract plugin meta data from '/usr/bin/rpmsign'" 
         not a plugin
QFactoryLoader::QFactoryLoader() looking at "/usr/bin/rpmspec"
"Failed to extract plugin meta data from '/usr/bin/rpmspec'" 
         not a plugin
QFactoryLoader::QFactoryLoader() looking at "/usr/bin/rpmverify"
"Failed to extract plugin meta data from '/usr/bin/rpm'" 
         not a plugin
QFactoryLoader::QFactoryLoader() looking at "/usr/bin/rrsync"
QElfParser: '/usr/share/rsync/scripts/rrsync' is not an ELF object
"'/usr/share/rsync/scripts/rrsync' is not an ELF object" 
         not a plugin
QFactoryLoader::QFactoryLoader() looking at "/usr/bin/rsh"
"Failed to extract plugin meta data from '/usr/bin/ssh'" 
         not a plugin
QFactoryLoader::QFactoryLoader() looking at "/usr/bin/rstart"
QElfParser: '/usr/bin/rstart' is not an ELF object
"'/usr/bin/rstart' is not an ELF object" 
         not a plugin
QFactoryLoader::QFactoryLoader() looking at "/usr/bin/rstartd"
QElfParser: '/usr/bin/rstartd' is not an ELF object
"'/usr/bin/rstartd' is not an ELF object" 
         not a plugin
QFactoryLoader::QFactoryLoader() looking at "/usr/bin/rsync"
"Failed to extract plugin meta data from '/usr/bin/rsync'" 
         not a plugin
QFactoryLoader::QFactoryLoader() looking at "/usr/bin/rtstat"
"Failed to extract plugin meta data from '/usr/bin/lnstat'" 
         not a plugin
QFactoryLoader::QFactoryLoader() looking at "/usr/bin/run-mailcap"
QElfParser: '/usr/bin/run-mailcap' is not an ELF object
"'/usr/bin/run-mailcap' is not an ELF object" 
         not a plugin
QFactoryLoader::QFactoryLoader() looking at "/usr/bin/run-parts"
"Failed to extract plugin meta data from '/usr/bin/run-parts'" 
         not a plugin
QFactoryLoader::QFactoryLoader() looking at "/usr/bin/run-with-aspell"
QElfParser: '/usr/bin/run-with-aspell' is not an ELF object (file too small)
"'/usr/bin/run-with-aspell' is not an ELF object (file too small)" 
         not a plugin
QFactoryLoader::QFactoryLoader() looking at "/usr/bin/runcon"
"Failed to extract plugin meta data from '/usr/bin/runcon'" 
         not a plugin
QFactoryLoader::QFactoryLoader() looking at "/usr/bin/rview"
"Failed to extract plugin meta data from '/usr/bin/vim.basic'" 
         not a plugin
QFactoryLoader::QFactoryLoader() looking at "/usr/bin/rvim"
"Failed to extract plugin meta data from '/usr/bin/vim.basic'" 
         not a plugin
QFactoryLoader::QFactoryLoader() looking at "/usr/bin/rvlc"
QElfParser: '/usr/bin/rvlc' is not an ELF object (file too small)
"'/usr/bin/rvlc' is not an ELF object (file too small)" 
         not a plugin
QFactoryLoader::QFactoryLoader() looking at "/usr/bin/rygel"
"Failed to extract plugin meta data from '/usr/bin/rygel'" 
         not a plugin
QFactoryLoader::QFactoryLoader() looking at "/usr/bin/sane-find-scanner"
"Failed to extract plugin meta data from '/usr/bin/sane-find-scanner'" 
         not a plugin
QFactoryLoader::QFactoryLoader() looking at "/usr/bin/savelog"
QElfParser: '/usr/bin/savelog' is not an ELF object
"'/usr/bin/savelog' is not an ELF object" 
         not a plugin
QFactoryLoader::QFactoryLoader() looking at "/usr/bin/scanimage"
"Failed to extract plugin meta data from '/usr/bin/scanimage'" 
         not a plugin
QFactoryLoader::QFactoryLoader() looking at "/usr/bin/scp"
"Failed to extract plugin meta data from '/usr/bin/scp'" 
         not a plugin
QFactoryLoader::QFactoryLoader() looking at "/usr/bin/scp-dbus-service"
QElfParser: '/usr/bin/scp-dbus-service' is not an ELF object
"'/usr/bin/scp-dbus-service' is not an ELF object" 
         not a plugin
QFactoryLoader::QFactoryLoader() looking at "/usr/bin/screendump"
"Failed to extract plugin meta data from '/usr/bin/screendump'" 
         not a plugin
QFactoryLoader::QFactoryLoader() looking at "/usr/bin/script"
"Failed to extract plugin meta data from '/usr/bin/script'" 
         not a plugin
QFactoryLoader::QFactoryLoader() looking at "/usr/bin/scriptreplay"
"Failed to extract plugin meta data from '/usr/bin/scriptreplay'" 
         not a plugin
QFactoryLoader::QFactoryLoader() looking at "/usr/bin/sdiff"
"Failed to extract plugin meta data from '/usr/bin/sdiff'" 
         not a plugin
QFactoryLoader::QFactoryLoader() looking at "/usr/bin/sdptool"
"Failed to extract plugin meta data from '/usr/bin/sdptool'" 
         not a plugin
QFactoryLoader::QFactoryLoader() looking at "/usr/bin/seahorse"
"Failed to extract plugin meta data from '/usr/bin/seahorse'" 
         not a plugin
QFactoryLoader::QFactoryLoader() looking at "/usr/bin/sed"
"Failed to extract plugin meta data from '/usr/bin/sed'" 
         not a plugin
QFactoryLoader::QFactoryLoader() looking at "/usr/bin/see"
QElfParser: '/usr/bin/run-mailcap' is not an ELF object
"'/usr/bin/run-mailcap' is not an ELF object" 
         not a plugin
QFactoryLoader::QFactoryLoader() looking at "/usr/bin/select-default-iwrap"
QElfParser: '/usr/bin/select-default-iwrap' is not an ELF object
"'/usr/bin/select-default-iwrap' is not an ELF object" 
         not a plugin
QFactoryLoader::QFactoryLoader() looking at "/usr/bin/select-editor"
QElfParser: '/usr/bin/select-editor' is not an ELF object
"'/usr/bin/select-editor' is not an ELF object" 
         not a plugin
QFactoryLoader::QFactoryLoader() looking at "/usr/bin/sensible-browser"
QElfParser: '/usr/bin/sensible-browser' is not an ELF object
"'/usr/bin/sensible-browser' is not an ELF object" 
         not a plugin
QFactoryLoader::QFactoryLoader() looking at "/usr/bin/sensible-editor"
QElfParser: '/usr/bin/sensible-editor' is not an ELF object
"'/usr/bin/sensible-editor' is not an ELF object" 
         not a plugin
QFactoryLoader::QFactoryLoader() looking at "/usr/bin/sensible-pager"
QElfParser: '/usr/bin/sensible-pager' is not an ELF object
"'/usr/bin/sensible-pager' is not an ELF object" 
         not a plugin
QFactoryLoader::QFactoryLoader() looking at "/usr/bin/sensors"
"Failed to extract plugin meta data from '/usr/bin/sensors'" 
         not a plugin
QFactoryLoader::QFactoryLoader() looking at "/usr/bin/sensors-conf-convert"
QElfParser: '/usr/bin/sensors-conf-convert' is not an ELF object
"'/usr/bin/sensors-conf-convert' is not an ELF object" 
         not a plugin
QFactoryLoader::QFactoryLoader() looking at "/usr/bin/seq"
"Failed to extract plugin meta data from '/usr/bin/seq'" 
         not a plugin
QFactoryLoader::QFactoryLoader() looking at "/usr/bin/session-migration"
"Failed to extract plugin meta data from '/usr/bin/session-migration'" 
         not a plugin
QFactoryLoader::QFactoryLoader() looking at "/usr/bin/sessreg"
"Failed to extract plugin meta data from '/usr/bin/sessreg'" 
         not a plugin
QFactoryLoader::QFactoryLoader() looking at "/usr/bin/setarch"
"Failed to extract plugin meta data from '/usr/bin/setarch'" 
         not a plugin
QFactoryLoader::QFactoryLoader() looking at "/usr/bin/setfacl"
"Failed to extract plugin meta data from '/usr/bin/setfacl'" 
         not a plugin
QFactoryLoader::QFactoryLoader() looking at "/usr/bin/setfont"
"Failed to extract plugin meta data from '/usr/bin/setfont'" 
         not a plugin
QFactoryLoader::QFactoryLoader() looking at "/usr/bin/setkeycodes"
"Failed to extract plugin meta data from '/usr/bin/setkeycodes'" 
         not a plugin
QFactoryLoader::QFactoryLoader() looking at "/usr/bin/setleds"
"Failed to extract plugin meta data from '/usr/bin/setleds'" 
         not a plugin
QFactoryLoader::QFactoryLoader() looking at "/usr/bin/setlogcons"
"Failed to extract plugin meta data from '/usr/bin/setlogcons'" 
         not a plugin
QFactoryLoader::QFactoryLoader() looking at "/usr/bin/setmetamode"
"Failed to extract plugin meta data from '/usr/bin/setmetamode'" 
         not a plugin
QFactoryLoader::QFactoryLoader() looking at "/usr/bin/setpci"
"Failed to extract plugin meta data from '/usr/bin/setpci'" 
         not a plugin
QFactoryLoader::QFactoryLoader() looking at "/usr/bin/setpriv"
"Failed to extract plugin meta data from '/usr/bin/setpriv'" 
         not a plugin
QFactoryLoader::QFactoryLoader() looking at "/usr/bin/setsid"
"Failed to extract plugin meta data from '/usr/bin/setsid'" 
         not a plugin
QFactoryLoader::QFactoryLoader() looking at "/usr/bin/setterm"
"Failed to extract plugin meta data from '/usr/bin/setterm'" 
         not a plugin
QFactoryLoader::QFactoryLoader() looking at "/usr/bin/setupcon"
QElfParser: '/usr/bin/setupcon' is not an ELF object
"'/usr/bin/setupcon' is not an ELF object" 
         not a plugin
QFactoryLoader::QFactoryLoader() looking at "/usr/bin/setxkbmap"
"Failed to extract plugin meta data from '/usr/bin/setxkbmap'" 
         not a plugin
QFactoryLoader::QFactoryLoader() looking at "/usr/bin/sftp"
"Failed to extract plugin meta data from '/usr/bin/sftp'" 
         not a plugin
QFactoryLoader::QFactoryLoader() looking at "/usr/bin/sg"
"Failed to extract plugin meta data from '/usr/bin/newgrp'" 
         not a plugin
QFactoryLoader::QFactoryLoader() looking at "/usr/bin/sh"
"Failed to extract plugin meta data from '/usr/bin/dash'" 
         not a plugin
QFactoryLoader::QFactoryLoader() looking at "/usr/bin/sha1sum"
"Failed to extract plugin meta data from '/usr/bin/sha1sum'" 
         not a plugin
QFactoryLoader::QFactoryLoader() looking at "/usr/bin/sha224sum"
"Failed to extract plugin meta data from '/usr/bin/sha224sum'" 
         not a plugin
QFactoryLoader::QFactoryLoader() looking at "/usr/bin/sha256sum"
"Failed to extract plugin meta data from '/usr/bin/sha256sum'" 
         not a plugin
QFactoryLoader::QFactoryLoader() looking at "/usr/bin/sha384sum"
"Failed to extract plugin meta data from '/usr/bin/sha384sum'" 
         not a plugin
QFactoryLoader::QFactoryLoader() looking at "/usr/bin/sha512sum"
"Failed to extract plugin meta data from '/usr/bin/sha512sum'" 
         not a plugin
QFactoryLoader::QFactoryLoader() looking at "/usr/bin/shasum"
QElfParser: '/usr/bin/shasum' is not an ELF object
"'/usr/bin/shasum' is not an ELF object" 
         not a plugin
QFactoryLoader::QFactoryLoader() looking at "/usr/bin/shotwell"
"Failed to extract plugin meta data from '/usr/bin/shotwell'" 
         not a plugin
QFactoryLoader::QFactoryLoader() looking at "/usr/bin/showconsolefont"
"Failed to extract plugin meta data from '/usr/bin/showconsolefont'" 
         not a plugin
QFactoryLoader::QFactoryLoader() looking at "/usr/bin/showkey"
"Failed to extract plugin meta data from '/usr/bin/showkey'" 
         not a plugin
QFactoryLoader::QFactoryLoader() looking at "/usr/bin/showrgb"
"Failed to extract plugin meta data from '/usr/bin/showrgb'" 
         not a plugin
QFactoryLoader::QFactoryLoader() looking at "/usr/bin/shred"
"Failed to extract plugin meta data from '/usr/bin/shred'" 
         not a plugin
QFactoryLoader::QFactoryLoader() looking at "/usr/bin/shuf"
"Failed to extract plugin meta data from '/usr/bin/shuf'" 
         not a plugin
QFactoryLoader::QFactoryLoader() looking at "/usr/bin/simple-scan"
"Failed to extract plugin meta data from '/usr/bin/simple-scan'" 
         not a plugin
QFactoryLoader::QFactoryLoader() looking at "/usr/bin/simple-weston-client"
"Failed to extract plugin meta data from '/usr/lib/aarch64-linux-gnu/tegra/weston/simple-weston-client'" 
         not a plugin
QFactoryLoader::QFactoryLoader() looking at "/usr/bin/simplescreenrecorder"
"Failed to extract plugin meta data from '/usr/bin/simplescreenrecorder'" 
         not a plugin
QFactoryLoader::QFactoryLoader() looking at "/usr/bin/size"
"Failed to extract plugin meta data from '/usr/bin/aarch64-linux-gnu-size'" 
         not a plugin
QFactoryLoader::QFactoryLoader() looking at "/usr/bin/skill"
"Failed to extract plugin meta data from '/usr/bin/skill'" 
         not a plugin
QFactoryLoader::QFactoryLoader() looking at "/usr/bin/slabtop"
"Failed to extract plugin meta data from '/usr/bin/slabtop'" 
         not a plugin
QFactoryLoader::QFactoryLoader() looking at "/usr/bin/slcan_attach"
"Failed to extract plugin meta data from '/usr/bin/slcan_attach'" 
         not a plugin
QFactoryLoader::QFactoryLoader() looking at "/usr/bin/slcand"
"Failed to extract plugin meta data from '/usr/bin/slcand'" 
         not a plugin
QFactoryLoader::QFactoryLoader() looking at "/usr/bin/slcanpty"
"Failed to extract plugin meta data from '/usr/bin/slcanpty'" 
         not a plugin
QFactoryLoader::QFactoryLoader() looking at "/usr/bin/sleep"
"Failed to extract plugin meta data from '/usr/bin/sleep'" 
         not a plugin
QFactoryLoader::QFactoryLoader() looking at "/usr/bin/slogin"
"Failed to extract plugin meta data from '/usr/bin/ssh'" 
         not a plugin
QFactoryLoader::QFactoryLoader() looking at "/usr/bin/smproxy"
"Failed to extract plugin meta data from '/usr/bin/smproxy'" 
         not a plugin
QFactoryLoader::QFactoryLoader() looking at "/usr/bin/snap"
"Failed to extract plugin meta data from '/usr/bin/snap'" 
         not a plugin
QFactoryLoader::QFactoryLoader() looking at "/usr/bin/snapctl"
"Failed to extract plugin meta data from '/usr/lib/snapd/snapctl'" 
         not a plugin
QFactoryLoader::QFactoryLoader() looking at "/usr/bin/snapfuse"
"Failed to extract plugin meta data from '/usr/bin/snapfuse'" 
         not a plugin
QFactoryLoader::QFactoryLoader() looking at "/usr/bin/snice"
"Failed to extract plugin meta data from '/usr/bin/skill'" 
         not a plugin
QFactoryLoader::QFactoryLoader() looking at "/usr/bin/soelim"
"Failed to extract plugin meta data from '/usr/bin/soelim'" 
         not a plugin
QFactoryLoader::QFactoryLoader() looking at "/usr/bin/soffice"
QElfParser: '/usr/lib/libreoffice/program/soffice' is not an ELF object
"'/usr/lib/libreoffice/program/soffice' is not an ELF object" 
         not a plugin
QFactoryLoader::QFactoryLoader() looking at "/usr/bin/software-properties-gtk"
QElfParser: '/usr/bin/software-properties-gtk' is not an ELF object
"'/usr/bin/software-properties-gtk' is not an ELF object" 
         not a plugin
QFactoryLoader::QFactoryLoader() looking at "/usr/bin/sort"
"Failed to extract plugin meta data from '/usr/bin/sort'" 
         not a plugin
QFactoryLoader::QFactoryLoader() looking at "/usr/bin/sotruss"
QElfParser: '/usr/bin/sotruss' is not an ELF object
"'/usr/bin/sotruss' is not an ELF object" 
         not a plugin
QFactoryLoader::QFactoryLoader() looking at "/usr/bin/spd-conf"
QElfParser: '/usr/bin/spd-conf' is not an ELF object
"'/usr/bin/spd-conf' is not an ELF object" 
         not a plugin
QFactoryLoader::QFactoryLoader() looking at "/usr/bin/spd-say"
"Failed to extract plugin meta data from '/usr/bin/spd-say'" 
         not a plugin
QFactoryLoader::QFactoryLoader() looking at "/usr/bin/speaker-test"
"Failed to extract plugin meta data from '/usr/bin/speaker-test'" 
         not a plugin
QFactoryLoader::QFactoryLoader() looking at "/usr/bin/speech-dispatcher"
"Failed to extract plugin meta data from '/usr/bin/speech-dispatcher'" 
         not a plugin
QFactoryLoader::QFactoryLoader() looking at "/usr/bin/spice-vdagent"
"Failed to extract plugin meta data from '/usr/bin/spice-vdagent'" 
         not a plugin
QFactoryLoader::QFactoryLoader() looking at "/usr/bin/splain"
QElfParser: '/usr/bin/splain' is not an ELF object
"'/usr/bin/splain' is not an ELF object" 
         not a plugin
QFactoryLoader::QFactoryLoader() looking at "/usr/bin/split"
"Failed to extract plugin meta data from '/usr/bin/split'" 
         not a plugin
QFactoryLoader::QFactoryLoader() looking at "/usr/bin/splitfont"
"Failed to extract plugin meta data from '/usr/bin/splitfont'" 
         not a plugin
QFactoryLoader::QFactoryLoader() looking at "/usr/bin/spring-tool"
"Failed to extract plugin meta data from '/usr/lib/aarch64-linux-gnu/tegra/weston/spring-tool'" 
         not a plugin
QFactoryLoader::QFactoryLoader() looking at "/usr/bin/sprof"
"Failed to extract plugin meta data from '/usr/bin/sprof'" 
         not a plugin
QFactoryLoader::QFactoryLoader() looking at "/usr/bin/ss"
"Failed to extract plugin meta data from '/usr/bin/ss'" 
         not a plugin
QFactoryLoader::QFactoryLoader() looking at "/usr/bin/ssh"
"Failed to extract plugin meta data from '/usr/bin/ssh'" 
         not a plugin
QFactoryLoader::QFactoryLoader() looking at "/usr/bin/ssh-add"
"Failed to extract plugin meta data from '/usr/bin/ssh-add'" 
         not a plugin
QFactoryLoader::QFactoryLoader() looking at "/usr/bin/ssh-agent"
"Failed to extract plugin meta data from '/usr/bin/ssh-agent'" 
         not a plugin
QFactoryLoader::QFactoryLoader() looking at "/usr/bin/ssh-argv0"
QElfParser: '/usr/bin/ssh-argv0' is not an ELF object
"'/usr/bin/ssh-argv0' is not an ELF object" 
         not a plugin
QFactoryLoader::QFactoryLoader() looking at "/usr/bin/ssh-copy-id"
QElfParser: '/usr/bin/ssh-copy-id' is not an ELF object
"'/usr/bin/ssh-copy-id' is not an ELF object" 
         not a plugin
QFactoryLoader::QFactoryLoader() looking at "/usr/bin/ssh-keygen"
"Failed to extract plugin meta data from '/usr/bin/ssh-keygen'" 
         not a plugin
QFactoryLoader::QFactoryLoader() looking at "/usr/bin/ssh-keyscan"
"Failed to extract plugin meta data from '/usr/bin/ssh-keyscan'" 
         not a plugin
QFactoryLoader::QFactoryLoader() looking at "/usr/bin/ssr-glinject"
QElfParser: '/usr/bin/ssr-glinject' is not an ELF object
"'/usr/bin/ssr-glinject' is not an ELF object" 
         not a plugin
QFactoryLoader::QFactoryLoader() looking at "/usr/bin/start-pulseaudio-x11"
QElfParser: '/usr/bin/start-pulseaudio-x11' is not an ELF object
"'/usr/bin/start-pulseaudio-x11' is not an ELF object" 
         not a plugin
QFactoryLoader::QFactoryLoader() looking at "/usr/bin/startx"
QElfParser: '/usr/bin/startx' is not an ELF object
"'/usr/bin/startx' is not an ELF object" 
         not a plugin
QFactoryLoader::QFactoryLoader() looking at "/usr/bin/stat"
"Failed to extract plugin meta data from '/usr/bin/stat'" 
         not a plugin
QFactoryLoader::QFactoryLoader() looking at "/usr/bin/static-sh"
"Failed to extract plugin meta data from '/usr/bin/busybox'" 
         not a plugin
QFactoryLoader::QFactoryLoader() looking at "/usr/bin/stdbuf"
"Failed to extract plugin meta data from '/usr/bin/stdbuf'" 
         not a plugin
QFactoryLoader::QFactoryLoader() looking at "/usr/bin/strace"
"Failed to extract plugin meta data from '/usr/bin/strace'" 
         not a plugin
QFactoryLoader::QFactoryLoader() looking at "/usr/bin/strace-log-merge"
QElfParser: '/usr/bin/strace-log-merge' is not an ELF object
"'/usr/bin/strace-log-merge' is not an ELF object" 
         not a plugin
QFactoryLoader::QFactoryLoader() looking at "/usr/bin/strings"
"Failed to extract plugin meta data from '/usr/bin/aarch64-linux-gnu-strings'" 
         not a plugin
QFactoryLoader::QFactoryLoader() looking at "/usr/bin/strip"
"Failed to extract plugin meta data from '/usr/bin/aarch64-linux-gnu-strip'" 
         not a plugin
QFactoryLoader::QFactoryLoader() looking at "/usr/bin/stty"
"Failed to extract plugin meta data from '/usr/bin/stty'" 
         not a plugin
QFactoryLoader::QFactoryLoader() looking at "/usr/bin/su"
"Failed to extract plugin meta data from '/usr/bin/su'" 
         not a plugin
QFactoryLoader::QFactoryLoader() looking at "/usr/bin/sudo"
"Failed to extract plugin meta data from '/usr/bin/sudo'" 
         not a plugin
QFactoryLoader::QFactoryLoader() looking at "/usr/bin/sudoedit"
"Failed to extract plugin meta data from '/usr/bin/sudo'" 
         not a plugin
QFactoryLoader::QFactoryLoader() looking at "/usr/bin/sudoreplay"
"Failed to extract plugin meta data from '/usr/bin/sudoreplay'" 
         not a plugin
QFactoryLoader::QFactoryLoader() looking at "/usr/bin/sum"
"Failed to extract plugin meta data from '/usr/bin/sum'" 
         not a plugin
QFactoryLoader::QFactoryLoader() looking at "/usr/bin/svlc"
QElfParser: '/usr/bin/svlc' is not an ELF object (file too small)
"'/usr/bin/svlc' is not an ELF object (file too small)" 
         not a plugin
QFactoryLoader::QFactoryLoader() looking at "/usr/bin/symcryptrun"
"Failed to extract plugin meta data from '/usr/bin/symcryptrun'" 
         not a plugin
QFactoryLoader::QFactoryLoader() looking at "/usr/bin/sync"
"Failed to extract plugin meta data from '/usr/bin/sync'" 
         not a plugin
QFactoryLoader::QFactoryLoader() looking at "/usr/bin/system-config-printer"
QElfParser: '/usr/bin/system-config-printer' is not an ELF object
"'/usr/bin/system-config-printer' is not an ELF object" 
         not a plugin
QFactoryLoader::QFactoryLoader() looking at "/usr/bin/system-config-printer-applet"
QElfParser: '/usr/bin/system-config-printer-applet' is not an ELF object
"'/usr/bin/system-config-printer-applet' is not an ELF object" 
         not a plugin
QFactoryLoader::QFactoryLoader() looking at "/usr/bin/systemctl"
"Failed to extract plugin meta data from '/usr/bin/systemctl'" 
         not a plugin
QFactoryLoader::QFactoryLoader() looking at "/usr/bin/systemd"
"Failed to extract plugin meta data from '/usr/lib/systemd/systemd'" 
         not a plugin
QFactoryLoader::QFactoryLoader() looking at "/usr/bin/systemd-analyze"
"Failed to extract plugin meta data from '/usr/bin/systemd-analyze'" 
         not a plugin
QFactoryLoader::QFactoryLoader() looking at "/usr/bin/systemd-ask-password"
"Failed to extract plugin meta data from '/usr/bin/systemd-ask-password'" 
         not a plugin
QFactoryLoader::QFactoryLoader() looking at "/usr/bin/systemd-cat"
"Failed to extract plugin meta data from '/usr/bin/systemd-cat'" 
         not a plugin
QFactoryLoader::QFactoryLoader() looking at "/usr/bin/systemd-cgls"
"Failed to extract plugin meta data from '/usr/bin/systemd-cgls'" 
         not a plugin
QFactoryLoader::QFactoryLoader() looking at "/usr/bin/systemd-cgtop"
"Failed to extract plugin meta data from '/usr/bin/systemd-cgtop'" 
         not a plugin
QFactoryLoader::QFactoryLoader() looking at "/usr/bin/systemd-delta"
"Failed to extract plugin meta data from '/usr/bin/systemd-delta'" 
         not a plugin
QFactoryLoader::QFactoryLoader() looking at "/usr/bin/systemd-detect-virt"
"Failed to extract plugin meta data from '/usr/bin/systemd-detect-virt'" 
         not a plugin
QFactoryLoader::QFactoryLoader() looking at "/usr/bin/systemd-escape"
"Failed to extract plugin meta data from '/usr/bin/systemd-escape'" 
         not a plugin
QFactoryLoader::QFactoryLoader() looking at "/usr/bin/systemd-hwdb"
"Failed to extract plugin meta data from '/usr/bin/systemd-hwdb'" 
         not a plugin
QFactoryLoader::QFactoryLoader() looking at "/usr/bin/systemd-id128"
"Failed to extract plugin meta data from '/usr/bin/systemd-id128'" 
         not a plugin
QFactoryLoader::QFactoryLoader() looking at "/usr/bin/systemd-inhibit"
"Failed to extract plugin meta data from '/usr/bin/systemd-inhibit'" 
         not a plugin
QFactoryLoader::QFactoryLoader() looking at "/usr/bin/systemd-machine-id-setup"
"Failed to extract plugin meta data from '/usr/bin/systemd-machine-id-setup'" 
         not a plugin
QFactoryLoader::QFactoryLoader() looking at "/usr/bin/systemd-mount"
"Failed to extract plugin meta data from '/usr/bin/systemd-mount'" 
         not a plugin
QFactoryLoader::QFactoryLoader() looking at "/usr/bin/systemd-notify"
"Failed to extract plugin meta data from '/usr/bin/systemd-notify'" 
         not a plugin
QFactoryLoader::QFactoryLoader() looking at "/usr/bin/systemd-path"
"Failed to extract plugin meta data from '/usr/bin/systemd-path'" 
         not a plugin
QFactoryLoader::QFactoryLoader() looking at "/usr/bin/systemd-resolve"
"Failed to extract plugin meta data from '/usr/bin/resolvectl'" 
         not a plugin
QFactoryLoader::QFactoryLoader() looking at "/usr/bin/systemd-run"
"Failed to extract plugin meta data from '/usr/bin/systemd-run'" 
         not a plugin
QFactoryLoader::QFactoryLoader() looking at "/usr/bin/systemd-socket-activate"
"Failed to extract plugin meta data from '/usr/bin/systemd-socket-activate'" 
         not a plugin
QFactoryLoader::QFactoryLoader() looking at "/usr/bin/systemd-stdio-bridge"
"Failed to extract plugin meta data from '/usr/bin/systemd-stdio-bridge'" 
         not a plugin
QFactoryLoader::QFactoryLoader() looking at "/usr/bin/systemd-sysusers"
"Failed to extract plugin meta data from '/usr/bin/systemd-sysusers'" 
         not a plugin
QFactoryLoader::QFactoryLoader() looking at "/usr/bin/systemd-tmpfiles"
"Failed to extract plugin meta data from '/usr/bin/systemd-tmpfiles'" 
         not a plugin
QFactoryLoader::QFactoryLoader() looking at "/usr/bin/systemd-tty-ask-password-agent"
"Failed to extract plugin meta data from '/usr/bin/systemd-tty-ask-password-agent'" 
         not a plugin
QFactoryLoader::QFactoryLoader() looking at "/usr/bin/systemd-umount"
"Failed to extract plugin meta data from '/usr/bin/systemd-mount'" 
         not a plugin
QFactoryLoader::QFactoryLoader() looking at "/usr/bin/tabs"
"Failed to extract plugin meta data from '/usr/bin/tabs'" 
         not a plugin
QFactoryLoader::QFactoryLoader() looking at "/usr/bin/tac"
"Failed to extract plugin meta data from '/usr/bin/tac'" 
         not a plugin
QFactoryLoader::QFactoryLoader() looking at "/usr/bin/tail"
"Failed to extract plugin meta data from '/usr/bin/tail'" 
         not a plugin
QFactoryLoader::QFactoryLoader() looking at "/usr/bin/tar"
"Failed to extract plugin meta data from '/usr/bin/tar'" 
         not a plugin
QFactoryLoader::QFactoryLoader() looking at "/usr/bin/taskset"
"Failed to extract plugin meta data from '/usr/bin/taskset'" 
         not a plugin
QFactoryLoader::QFactoryLoader() looking at "/usr/bin/tbl"
"Failed to extract plugin meta data from '/usr/bin/tbl'" 
         not a plugin
QFactoryLoader::QFactoryLoader() looking at "/usr/bin/tclsh"
"Failed to extract plugin meta data from '/usr/bin/tclsh8.6'" 
         not a plugin
QFactoryLoader::QFactoryLoader() looking at "/usr/bin/tclsh8.6"
"Failed to extract plugin meta data from '/usr/bin/tclsh8.6'" 
         not a plugin
QFactoryLoader::QFactoryLoader() looking at "/usr/bin/tee"
"Failed to extract plugin meta data from '/usr/bin/tee'" 
         not a plugin
QFactoryLoader::QFactoryLoader() looking at "/usr/bin/tegrastats"
"Failed to extract plugin meta data from '/usr/bin/tegrastats'" 
         not a plugin
QFactoryLoader::QFactoryLoader() looking at "/usr/bin/telnet"
"Failed to extract plugin meta data from '/usr/bin/telnet.netkit'" 
         not a plugin
QFactoryLoader::QFactoryLoader() looking at "/usr/bin/telnet.netkit"
"Failed to extract plugin meta data from '/usr/bin/telnet.netkit'" 
         not a plugin
QFactoryLoader::QFactoryLoader() looking at "/usr/bin/tempfile"
"Failed to extract plugin meta data from '/usr/bin/tempfile'" 
         not a plugin
QFactoryLoader::QFactoryLoader() looking at "/usr/bin/test"
"Failed to extract plugin meta data from '/usr/bin/test'" 
         not a plugin
QFactoryLoader::QFactoryLoader() looking at "/usr/bin/testj1939"
"Failed to extract plugin meta data from '/usr/bin/testj1939'" 
         not a plugin
QFactoryLoader::QFactoryLoader() looking at "/usr/bin/thunderbird"
QElfParser: '/usr/lib/thunderbird/thunderbird.sh' is not an ELF object
"'/usr/lib/thunderbird/thunderbird.sh' is not an ELF object" 
         not a plugin
QFactoryLoader::QFactoryLoader() looking at "/usr/bin/tic"
"Failed to extract plugin meta data from '/usr/bin/tic'" 
         not a plugin
QFactoryLoader::QFactoryLoader() looking at "/usr/bin/tificc"
"Failed to extract plugin meta data from '/usr/bin/tificc'" 
         not a plugin
QFactoryLoader::QFactoryLoader() looking at "/usr/bin/time"
"Failed to extract plugin meta data from '/usr/bin/time'" 
         not a plugin
QFactoryLoader::QFactoryLoader() looking at "/usr/bin/timedatectl"
"Failed to extract plugin meta data from '/usr/bin/timedatectl'" 
         not a plugin
QFactoryLoader::QFactoryLoader() looking at "/usr/bin/timeout"
"Failed to extract plugin meta data from '/usr/bin/timeout'" 
         not a plugin
QFactoryLoader::QFactoryLoader() looking at "/usr/bin/tipc_test"
"Failed to extract plugin meta data from '/usr/bin/tipc_test'" 
         not a plugin
QFactoryLoader::QFactoryLoader() looking at "/usr/bin/tload"
"Failed to extract plugin meta data from '/usr/bin/tload'" 
         not a plugin
QFactoryLoader::QFactoryLoader() looking at "/usr/bin/tmux"
"Failed to extract plugin meta data from '/usr/bin/tmux'" 
         not a plugin
QFactoryLoader::QFactoryLoader() looking at "/usr/bin/toe"
"Failed to extract plugin meta data from '/usr/bin/toe'" 
         not a plugin
QFactoryLoader::QFactoryLoader() looking at "/usr/bin/top"
"Failed to extract plugin meta data from '/usr/bin/top'" 
         not a plugin
QFactoryLoader::QFactoryLoader() looking at "/usr/bin/totem"
"Failed to extract plugin meta data from '/usr/bin/totem'" 
         not a plugin
QFactoryLoader::QFactoryLoader() looking at "/usr/bin/totem-video-thumbnailer"
"Failed to extract plugin meta data from '/usr/bin/totem-video-thumbnailer'" 
         not a plugin
QFactoryLoader::QFactoryLoader() looking at "/usr/bin/touch"
"Failed to extract plugin meta data from '/usr/bin/touch'" 
         not a plugin
QFactoryLoader::QFactoryLoader() looking at "/usr/bin/tput"
"Failed to extract plugin meta data from '/usr/bin/tput'" 
         not a plugin
QFactoryLoader::QFactoryLoader() looking at "/usr/bin/tr"
"Failed to extract plugin meta data from '/usr/bin/tr'" 
         not a plugin
QFactoryLoader::QFactoryLoader() looking at "/usr/bin/tracepath"
"Failed to extract plugin meta data from '/usr/bin/tracepath'" 
         not a plugin
QFactoryLoader::QFactoryLoader() looking at "/usr/bin/traceroute6"
"Failed to extract plugin meta data from '/usr/bin/traceroute6.iputils'" 
         not a plugin
QFactoryLoader::QFactoryLoader() looking at "/usr/bin/traceroute6.iputils"
"Failed to extract plugin meta data from '/usr/bin/traceroute6.iputils'" 
         not a plugin
QFactoryLoader::QFactoryLoader() looking at "/usr/bin/tracker"
"Failed to extract plugin meta data from '/usr/bin/tracker'" 
         not a plugin
QFactoryLoader::QFactoryLoader() looking at "/usr/bin/transicc"
"Failed to extract plugin meta data from '/usr/bin/transicc'" 
         not a plugin
QFactoryLoader::QFactoryLoader() looking at "/usr/bin/transmission-gtk"
"Failed to extract plugin meta data from '/usr/bin/transmission-gtk'" 
         not a plugin
QFactoryLoader::QFactoryLoader() looking at "/usr/bin/transset"
"Failed to extract plugin meta data from '/usr/bin/transset'" 
         not a plugin
QFactoryLoader::QFactoryLoader() looking at "/usr/bin/troff"
"Failed to extract plugin meta data from '/usr/bin/troff'" 
         not a plugin
QFactoryLoader::QFactoryLoader() looking at "/usr/bin/true"
"Failed to extract plugin meta data from '/usr/bin/true'" 
         not a plugin
QFactoryLoader::QFactoryLoader() looking at "/usr/bin/truncate"
"Failed to extract plugin meta data from '/usr/bin/truncate'" 
         not a plugin
QFactoryLoader::QFactoryLoader() looking at "/usr/bin/trust"
"Failed to extract plugin meta data from '/usr/bin/trust'" 
         not a plugin
QFactoryLoader::QFactoryLoader() looking at "/usr/bin/tset"
"Failed to extract plugin meta data from '/usr/bin/tset'" 
         not a plugin
QFactoryLoader::QFactoryLoader() looking at "/usr/bin/tsort"
"Failed to extract plugin meta data from '/usr/bin/tsort'" 
         not a plugin
QFactoryLoader::QFactoryLoader() looking at "/usr/bin/tty"
"Failed to extract plugin meta data from '/usr/bin/tty'" 
         not a plugin
QFactoryLoader::QFactoryLoader() looking at "/usr/bin/tzselect"
QElfParser: '/usr/bin/tzselect' is not an ELF object
"'/usr/bin/tzselect' is not an ELF object" 
         not a plugin
QFactoryLoader::QFactoryLoader() looking at "/usr/bin/ua"
QElfParser: '/usr/bin/ubuntu-advantage' is not an ELF object
"'/usr/bin/ubuntu-advantage' is not an ELF object" 
         not a plugin
QFactoryLoader::QFactoryLoader() looking at "/usr/bin/ubuntu-advantage"
QElfParser: '/usr/bin/ubuntu-advantage' is not an ELF object
"'/usr/bin/ubuntu-advantage' is not an ELF object" 
         not a plugin
QFactoryLoader::QFactoryLoader() looking at "/usr/bin/ubuntu-bug"
QElfParser: '/usr/bin/apport-bug' is not an ELF object
"'/usr/bin/apport-bug' is not an ELF object" 
         not a plugin
QFactoryLoader::QFactoryLoader() looking at "/usr/bin/ubuntu-distro-info"
"Failed to extract plugin meta data from '/usr/bin/ubuntu-distro-info'" 
         not a plugin
QFactoryLoader::QFactoryLoader() looking at "/usr/bin/ubuntu-drivers"
QElfParser: '/usr/bin/ubuntu-drivers' is not an ELF object
"'/usr/bin/ubuntu-drivers' is not an ELF object" 
         not a plugin
QFactoryLoader::QFactoryLoader() looking at "/usr/bin/ubuntu-report"
"Failed to extract plugin meta data from '/usr/bin/ubuntu-report'" 
         not a plugin
QFactoryLoader::QFactoryLoader() looking at "/usr/bin/ubuntu-security-status"
QElfParser: '/usr/bin/ubuntu-security-status' is not an ELF object
"'/usr/bin/ubuntu-security-status' is not an ELF object" 
         not a plugin
QFactoryLoader::QFactoryLoader() looking at "/usr/bin/ucf"
QElfParser: '/usr/bin/ucf' is not an ELF object
"'/usr/bin/ucf' is not an ELF object" 
         not a plugin
QFactoryLoader::QFactoryLoader() looking at "/usr/bin/ucfq"
QElfParser: '/usr/bin/ucfq' is not an ELF object
"'/usr/bin/ucfq' is not an ELF object" 
         not a plugin
QFactoryLoader::QFactoryLoader() looking at "/usr/bin/ucfr"
QElfParser: '/usr/bin/ucfr' is not an ELF object
"'/usr/bin/ucfr' is not an ELF object" 
         not a plugin
QFactoryLoader::QFactoryLoader() looking at "/usr/bin/uconv"
"Failed to extract plugin meta data from '/usr/bin/uconv'" 
         not a plugin
QFactoryLoader::QFactoryLoader() looking at "/usr/bin/ucs2any"
"Failed to extract plugin meta data from '/usr/bin/ucs2any'" 
         not a plugin
QFactoryLoader::QFactoryLoader() looking at "/usr/bin/udevadm"
"Failed to extract plugin meta data from '/usr/bin/udevadm'" 
         not a plugin
QFactoryLoader::QFactoryLoader() looking at "/usr/bin/udisksctl"
"Failed to extract plugin meta data from '/usr/bin/udisksctl'" 
         not a plugin
QFactoryLoader::QFactoryLoader() looking at "/usr/bin/uic"
"Failed to extract plugin meta data from '/usr/bin/qtchooser'" 
         not a plugin
QFactoryLoader::QFactoryLoader() looking at "/usr/bin/uic3"
"Failed to extract plugin meta data from '/usr/bin/qtchooser'" 
         not a plugin
QFactoryLoader::QFactoryLoader() looking at "/usr/bin/ul"
"Failed to extract plugin meta data from '/usr/bin/ul'" 
         not a plugin
QFactoryLoader::QFactoryLoader() looking at "/usr/bin/ulockmgr_server"
"Failed to extract plugin meta data from '/usr/bin/ulockmgr_server'" 
         not a plugin
QFactoryLoader::QFactoryLoader() looking at "/usr/bin/umax_pp"
"Failed to extract plugin meta data from '/usr/bin/umax_pp'" 
         not a plugin
QFactoryLoader::QFactoryLoader() looking at "/usr/bin/umount"
"Failed to extract plugin meta data from '/usr/bin/umount'" 
         not a plugin
QFactoryLoader::QFactoryLoader() looking at "/usr/bin/uname"
"Failed to extract plugin meta data from '/usr/bin/uname'" 
         not a plugin
QFactoryLoader::QFactoryLoader() looking at "/usr/bin/uncompress"
QElfParser: '/usr/bin/uncompress' is not an ELF object
"'/usr/bin/uncompress' is not an ELF object" 
         not a plugin
QFactoryLoader::QFactoryLoader() looking at "/usr/bin/unexpand"
"Failed to extract plugin meta data from '/usr/bin/unexpand'" 
         not a plugin
QFactoryLoader::QFactoryLoader() looking at "/usr/bin/unicode_start"
QElfParser: '/usr/bin/unicode_start' is not an ELF object
"'/usr/bin/unicode_start' is not an ELF object" 
         not a plugin
QFactoryLoader::QFactoryLoader() looking at "/usr/bin/unicode_stop"
QElfParser: '/usr/bin/unicode_stop' is not an ELF object
"'/usr/bin/unicode_stop' is not an ELF object" 
         not a plugin
QFactoryLoader::QFactoryLoader() looking at "/usr/bin/uniq"
"Failed to extract plugin meta data from '/usr/bin/uniq'" 
         not a plugin
QFactoryLoader::QFactoryLoader() looking at "/usr/bin/unity-scope-loader"
"Failed to extract plugin meta data from '/usr/bin/unity-scope-loader'" 
         not a plugin
QFactoryLoader::QFactoryLoader() looking at "/usr/bin/unlink"
"Failed to extract plugin meta data from '/usr/bin/unlink'" 
         not a plugin
QFactoryLoader::QFactoryLoader() looking at "/usr/bin/unlz4"
"Failed to extract plugin meta data from '/usr/bin/lz4'" 
         not a plugin
QFactoryLoader::QFactoryLoader() looking at "/usr/bin/unlzma"
"Failed to extract plugin meta data from '/usr/bin/xz'" 
         not a plugin
QFactoryLoader::QFactoryLoader() looking at "/usr/bin/unmkinitramfs"
QElfParser: '/usr/bin/unmkinitramfs' is not an ELF object
"'/usr/bin/unmkinitramfs' is not an ELF object" 
         not a plugin
QFactoryLoader::QFactoryLoader() looking at "/usr/bin/unopkg"
QElfParser: '/usr/bin/unopkg' is not an ELF object (file too small)
"'/usr/bin/unopkg' is not an ELF object (file too small)" 
         not a plugin
QFactoryLoader::QFactoryLoader() looking at "/usr/bin/unshare"
"Failed to extract plugin meta data from '/usr/bin/unshare'" 
         not a plugin
QFactoryLoader::QFactoryLoader() looking at "/usr/bin/unsquashfs"
"Failed to extract plugin meta data from '/usr/bin/unsquashfs'" 
         not a plugin
QFactoryLoader::QFactoryLoader() looking at "/usr/bin/unxz"
"Failed to extract plugin meta data from '/usr/bin/xz'" 
         not a plugin
QFactoryLoader::QFactoryLoader() looking at "/usr/bin/unzip"
"Failed to extract plugin meta data from '/usr/bin/unzip'" 
         not a plugin
QFactoryLoader::QFactoryLoader() looking at "/usr/bin/unzipsfx"
"Failed to extract plugin meta data from '/usr/bin/unzipsfx'" 
         not a plugin
QFactoryLoader::QFactoryLoader() looking at "/usr/bin/update-alternatives"
"Failed to extract plugin meta data from '/usr/bin/update-alternatives'" 
         not a plugin
QFactoryLoader::QFactoryLoader() looking at "/usr/bin/update-desktop-database"
"Failed to extract plugin meta data from '/usr/bin/update-desktop-database'" 
         not a plugin
QFactoryLoader::QFactoryLoader() looking at "/usr/bin/update-manager"
QElfParser: '/usr/bin/update-manager' is not an ELF object
"'/usr/bin/update-manager' is not an ELF object" 
         not a plugin
QFactoryLoader::QFactoryLoader() looking at "/usr/bin/update-mime-database"
"Failed to extract plugin meta data from '/usr/bin/update-mime-database'" 
         not a plugin
QFactoryLoader::QFactoryLoader() looking at "/usr/bin/update-notifier"
"Failed to extract plugin meta data from '/usr/bin/update-notifier'" 
         not a plugin
QFactoryLoader::QFactoryLoader() looking at "/usr/bin/upower"
"Failed to extract plugin meta data from '/usr/bin/upower'" 
         not a plugin
QFactoryLoader::QFactoryLoader() looking at "/usr/bin/uptime"
"Failed to extract plugin meta data from '/usr/bin/uptime'" 
         not a plugin
QFactoryLoader::QFactoryLoader() looking at "/usr/bin/usb-devices"
QElfParser: '/usr/bin/usb-devices' is not an ELF object
"'/usr/bin/usb-devices' is not an ELF object" 
         not a plugin
QFactoryLoader::QFactoryLoader() looking at "/usr/bin/usbhid-dump"
"Failed to extract plugin meta data from '/usr/bin/usbhid-dump'" 
         not a plugin
QFactoryLoader::QFactoryLoader() looking at "/usr/bin/usbreset"
"Failed to extract plugin meta data from '/usr/bin/usbreset'" 
         not a plugin
QFactoryLoader::QFactoryLoader() looking at "/usr/bin/users"
"Failed to extract plugin meta data from '/usr/bin/users'" 
         not a plugin
QFactoryLoader::QFactoryLoader() looking at "/usr/bin/ussp-push"
"Failed to extract plugin meta data from '/usr/bin/ussp-push'" 
         not a plugin
QFactoryLoader::QFactoryLoader() looking at "/usr/bin/utmpdump"
"Failed to extract plugin meta data from '/usr/bin/utmpdump'" 
         not a plugin
QFactoryLoader::QFactoryLoader() looking at "/usr/bin/uufilter"
"Failed to extract plugin meta data from '/usr/bin/uufilter'" 
         not a plugin
QFactoryLoader::QFactoryLoader() looking at "/usr/bin/uuidgen"
"Failed to extract plugin meta data from '/usr/bin/uuidgen'" 
         not a plugin
QFactoryLoader::QFactoryLoader() looking at "/usr/bin/uuidparse"
"Failed to extract plugin meta data from '/usr/bin/uuidparse'" 
         not a plugin
QFactoryLoader::QFactoryLoader() looking at "/usr/bin/uxterm"
QElfParser: '/usr/bin/uxterm' is not an ELF object
"'/usr/bin/uxterm' is not an ELF object" 
         not a plugin
QFactoryLoader::QFactoryLoader() looking at "/usr/bin/vdir"
"Failed to extract plugin meta data from '/usr/bin/vdir'" 
         not a plugin
QFactoryLoader::QFactoryLoader() looking at "/usr/bin/vi"
"Failed to extract plugin meta data from '/usr/bin/vim.basic'" 
         not a plugin
QFactoryLoader::QFactoryLoader() looking at "/usr/bin/view"
"Failed to extract plugin meta data from '/usr/bin/vim.basic'" 
         not a plugin
QFactoryLoader::QFactoryLoader() looking at "/usr/bin/viewres"
"Failed to extract plugin meta data from '/usr/bin/viewres'" 
         not a plugin
QFactoryLoader::QFactoryLoader() looking at "/usr/bin/vim"
"Failed to extract plugin meta data from '/usr/bin/vim.basic'" 
         not a plugin
QFactoryLoader::QFactoryLoader() looking at "/usr/bin/vim.basic"
"Failed to extract plugin meta data from '/usr/bin/vim.basic'" 
         not a plugin
QFactoryLoader::QFactoryLoader() looking at "/usr/bin/vim.tiny"
"Failed to extract plugin meta data from '/usr/bin/vim.tiny'" 
         not a plugin
QFactoryLoader::QFactoryLoader() looking at "/usr/bin/vimdiff"
"Failed to extract plugin meta data from '/usr/bin/vim.basic'" 
         not a plugin
QFactoryLoader::QFactoryLoader() looking at "/usr/bin/vimtutor"
QElfParser: '/usr/bin/vimtutor' is not an ELF object
"'/usr/bin/vimtutor' is not an ELF object" 
         not a plugin
QFactoryLoader::QFactoryLoader() looking at "/usr/bin/vkcube"
"Failed to extract plugin meta data from '/usr/bin/vkcube'" 
         not a plugin
QFactoryLoader::QFactoryLoader() looking at "/usr/bin/vkcubepp"
"Failed to extract plugin meta data from '/usr/bin/vkcubepp'" 
         not a plugin
QFactoryLoader::QFactoryLoader() looking at "/usr/bin/vlc"
"Failed to extract plugin meta data from '/usr/bin/vlc'" 
         not a plugin
QFactoryLoader::QFactoryLoader() looking at "/usr/bin/vlc-wrapper"
"Failed to extract plugin meta data from '/usr/bin/vlc-wrapper'" 
         not a plugin
QFactoryLoader::QFactoryLoader() looking at "/usr/bin/vmstat"
"Failed to extract plugin meta data from '/usr/bin/vmstat'" 
         not a plugin
QFactoryLoader::QFactoryLoader() looking at "/usr/bin/volname"
"Failed to extract plugin meta data from '/usr/bin/volname'" 
         not a plugin
QFactoryLoader::QFactoryLoader() looking at "/usr/bin/vstp"
"Failed to extract plugin meta data from '/usr/bin/vstp'" 
         not a plugin
QFactoryLoader::QFactoryLoader() looking at "/usr/bin/vulkaninfo"
"Failed to extract plugin meta data from '/usr/bin/vulkaninfo'" 
         not a plugin
QFactoryLoader::QFactoryLoader() looking at "/usr/bin/w"
"Failed to extract plugin meta data from '/usr/bin/w.procps'" 
         not a plugin
QFactoryLoader::QFactoryLoader() looking at "/usr/bin/w.procps"
"Failed to extract plugin meta data from '/usr/bin/w.procps'" 
         not a plugin
QFactoryLoader::QFactoryLoader() looking at "/usr/bin/wall"
"Failed to extract plugin meta data from '/usr/bin/wall'" 
         not a plugin
QFactoryLoader::QFactoryLoader() looking at "/usr/bin/watch"
"Failed to extract plugin meta data from '/usr/bin/watch'" 
         not a plugin
QFactoryLoader::QFactoryLoader() looking at "/usr/bin/watchgnupg"
"Failed to extract plugin meta data from '/usr/bin/watchgnupg'" 
         not a plugin
QFactoryLoader::QFactoryLoader() looking at "/usr/bin/wc"
"Failed to extract plugin meta data from '/usr/bin/wc'" 
         not a plugin
QFactoryLoader::QFactoryLoader() looking at "/usr/bin/wdctl"
"Failed to extract plugin meta data from '/usr/bin/wdctl'" 
         not a plugin
QFactoryLoader::QFactoryLoader() looking at "/usr/bin/weston"
"Failed to extract plugin meta data from '/usr/lib/aarch64-linux-gnu/tegra/weston/weston'" 
         not a plugin
QFactoryLoader::QFactoryLoader() looking at "/usr/bin/weston-calibrator"
"Failed to extract plugin meta data from '/usr/lib/aarch64-linux-gnu/tegra/weston/weston-calibrator'" 
         not a plugin
QFactoryLoader::QFactoryLoader() looking at "/usr/bin/weston-clickdot"
"Failed to extract plugin meta data from '/usr/lib/aarch64-linux-gnu/tegra/weston/weston-clickdot'" 
         not a plugin
QFactoryLoader::QFactoryLoader() looking at "/usr/bin/weston-cliptest"
"Failed to extract plugin meta data from '/usr/lib/aarch64-linux-gnu/tegra/weston/weston-cliptest'" 
         not a plugin
QFactoryLoader::QFactoryLoader() looking at "/usr/bin/weston-content-protection"
"Failed to extract plugin meta data from '/usr/lib/aarch64-linux-gnu/tegra/weston/weston-content-protection'" 
         not a plugin
QFactoryLoader::QFactoryLoader() looking at "/usr/bin/weston-debug"
"Failed to extract plugin meta data from '/usr/lib/aarch64-linux-gnu/tegra/weston/weston-debug'" 
         not a plugin
QFactoryLoader::QFactoryLoader() looking at "/usr/bin/weston-dmabuf-formats"
"Failed to extract plugin meta data from '/usr/src/nvidia/graphics_demos/prebuilts/bin/wayland/weston-dmabuf-formats'" 
         not a plugin
QFactoryLoader::QFactoryLoader() looking at "/usr/bin/weston-dnd"
"Failed to extract plugin meta data from '/usr/lib/aarch64-linux-gnu/tegra/weston/weston-dnd'" 
         not a plugin
QFactoryLoader::QFactoryLoader() looking at "/usr/bin/weston-eventdemo"
"Failed to extract plugin meta data from '/usr/lib/aarch64-linux-gnu/tegra/weston/weston-eventdemo'" 
         not a plugin
QFactoryLoader::QFactoryLoader() looking at "/usr/bin/weston-flower"
"Failed to extract plugin meta data from '/usr/lib/aarch64-linux-gnu/tegra/weston/weston-flower'" 
         not a plugin
QFactoryLoader::QFactoryLoader() looking at "/usr/bin/weston-fullscreen"
"Failed to extract plugin meta data from '/usr/lib/aarch64-linux-gnu/tegra/weston/weston-fullscreen'" 
         not a plugin
QFactoryLoader::QFactoryLoader() looking at "/usr/bin/weston-image"
"Failed to extract plugin meta data from '/usr/lib/aarch64-linux-gnu/tegra/weston/weston-image'" 
         not a plugin
QFactoryLoader::QFactoryLoader() looking at "/usr/bin/weston-info"
"Failed to extract plugin meta data from '/usr/lib/aarch64-linux-gnu/tegra/weston/weston-info'" 
         not a plugin
QFactoryLoader::QFactoryLoader() looking at "/usr/bin/weston-ivi-shell-user-interface"
"Failed to extract plugin meta data from '/usr/lib/aarch64-linux-gnu/tegra/weston/weston-ivi-shell-user-interface'" 
         not a plugin
QFactoryLoader::QFactoryLoader() looking at "/usr/bin/weston-launch"
"Failed to extract plugin meta data from '/usr/lib/aarch64-linux-gnu/tegra/weston/weston-launch'" 
         not a plugin
QFactoryLoader::QFactoryLoader() looking at "/usr/bin/weston-multi-resource"
"Failed to extract plugin meta data from '/usr/lib/aarch64-linux-gnu/tegra/weston/weston-multi-resource'" 
         not a plugin
QFactoryLoader::QFactoryLoader() looking at "/usr/bin/weston-output-mode"
"Failed to extract plugin meta data from '/usr/lib/aarch64-linux-gnu/tegra/weston/weston-output-mode'" 
         not a plugin
QFactoryLoader::QFactoryLoader() looking at "/usr/bin/weston-resizor"
"Failed to extract plugin meta data from '/usr/lib/aarch64-linux-gnu/tegra/weston/weston-resizor'" 
         not a plugin
QFactoryLoader::QFactoryLoader() looking at "/usr/bin/weston-scaler"
"Failed to extract plugin meta data from '/usr/lib/aarch64-linux-gnu/tegra/weston/weston-scaler'" 
         not a plugin
QFactoryLoader::QFactoryLoader() looking at "/usr/bin/weston-simple-dmabuf-egldevice"
"Failed to extract plugin meta data from '/usr/lib/aarch64-linux-gnu/tegra/weston/weston-simple-dmabuf-egldevice'" 
         not a plugin
QFactoryLoader::QFactoryLoader() looking at "/usr/bin/weston-simple-egl"
"Failed to extract plugin meta data from '/usr/lib/aarch64-linux-gnu/tegra/weston/weston-simple-egl'" 
         not a plugin
QFactoryLoader::QFactoryLoader() looking at "/usr/bin/weston-simple-shm"
"Failed to extract plugin meta data from '/usr/lib/aarch64-linux-gnu/tegra/weston/weston-simple-shm'" 
         not a plugin
QFactoryLoader::QFactoryLoader() looking at "/usr/bin/weston-simple-touch"
"Failed to extract plugin meta data from '/usr/lib/aarch64-linux-gnu/tegra/weston/weston-simple-touch'" 
         not a plugin
QFactoryLoader::QFactoryLoader() looking at "/usr/bin/weston-smoke"
"Failed to extract plugin meta data from '/usr/lib/aarch64-linux-gnu/tegra/weston/weston-smoke'" 
         not a plugin
QFactoryLoader::QFactoryLoader() looking at "/usr/bin/weston-stacking"
"Failed to extract plugin meta data from '/usr/lib/aarch64-linux-gnu/tegra/weston/weston-stacking'" 
         not a plugin
QFactoryLoader::QFactoryLoader() looking at "/usr/bin/weston-subsurfaces"
"Failed to extract plugin meta data from '/usr/lib/aarch64-linux-gnu/tegra/weston/weston-subsurfaces'" 
         not a plugin
QFactoryLoader::QFactoryLoader() looking at "/usr/bin/weston-terminal"
"Failed to extract plugin meta data from '/usr/lib/aarch64-linux-gnu/tegra/weston/weston-terminal'" 
         not a plugin
QFactoryLoader::QFactoryLoader() looking at "/usr/bin/weston-transformed"
"Failed to extract plugin meta data from '/usr/lib/aarch64-linux-gnu/tegra/weston/weston-transformed'" 
         not a plugin
QFactoryLoader::QFactoryLoader() looking at "/usr/bin/wget"
"Failed to extract plugin meta data from '/usr/bin/wget'" 
         not a plugin
QFactoryLoader::QFactoryLoader() looking at "/usr/bin/whatis"
"Failed to extract plugin meta data from '/usr/bin/whatis'" 
         not a plugin
QFactoryLoader::QFactoryLoader() looking at "/usr/bin/whereis"
"Failed to extract plugin meta data from '/usr/bin/whereis'" 
         not a plugin
QFactoryLoader::QFactoryLoader() looking at "/usr/bin/which"
QElfParser: '/usr/bin/which' is not an ELF object
"'/usr/bin/which' is not an ELF object" 
         not a plugin
QFactoryLoader::QFactoryLoader() looking at "/usr/bin/whiptail"
"Failed to extract plugin meta data from '/usr/bin/whiptail'" 
         not a plugin
QFactoryLoader::QFactoryLoader() looking at "/usr/bin/who"
"Failed to extract plugin meta data from '/usr/bin/who'" 
         not a plugin
QFactoryLoader::QFactoryLoader() looking at "/usr/bin/whoami"
"Failed to extract plugin meta data from '/usr/bin/whoami'" 
         not a plugin
QFactoryLoader::QFactoryLoader() looking at "/usr/bin/whoopsie"
"Failed to extract plugin meta data from '/usr/bin/whoopsie'" 
         not a plugin
QFactoryLoader::QFactoryLoader() looking at "/usr/bin/whoopsie-preferences"
"Failed to extract plugin meta data from '/usr/bin/whoopsie-preferences'" 
         not a plugin
QFactoryLoader::QFactoryLoader() looking at "/usr/bin/wish"
"Failed to extract plugin meta data from '/usr/bin/wish8.6'" 
         not a plugin
QFactoryLoader::QFactoryLoader() looking at "/usr/bin/wish8.6"
"Failed to extract plugin meta data from '/usr/bin/wish8.6'" 
         not a plugin
QFactoryLoader::QFactoryLoader() looking at "/usr/bin/word-list-compress"
"Failed to extract plugin meta data from '/usr/bin/word-list-compress'" 
         not a plugin
QFactoryLoader::QFactoryLoader() looking at "/usr/bin/wpa_passphrase"
"Failed to extract plugin meta data from '/usr/bin/wpa_passphrase'" 
         not a plugin
QFactoryLoader::QFactoryLoader() looking at "/usr/bin/write"
"Failed to extract plugin meta data from '/usr/bin/bsd-write'" 
         not a plugin
QFactoryLoader::QFactoryLoader() looking at "/usr/bin/X"
QElfParser: '/usr/bin/Xorg' is not an ELF object
"'/usr/bin/Xorg' is not an ELF object" 
         not a plugin
QFactoryLoader::QFactoryLoader() looking at "/usr/bin/x-session-manager"
QElfParser: '/usr/bin/gnome-session' is not an ELF object
"'/usr/bin/gnome-session' is not an ELF object" 
         not a plugin
QFactoryLoader::QFactoryLoader() looking at "/usr/bin/x-terminal-emulator"
QElfParser: '/usr/bin/gnome-terminal.wrapper' is not an ELF object
"'/usr/bin/gnome-terminal.wrapper' is not an ELF object" 
         not a plugin
QFactoryLoader::QFactoryLoader() looking at "/usr/bin/x-window-manager"
"Failed to extract plugin meta data from '/usr/bin/mutter'" 
         not a plugin
QFactoryLoader::QFactoryLoader() looking at "/usr/bin/x-www-browser"
QElfParser: '/usr/lib/firefox/firefox.sh' is not an ELF object
"'/usr/lib/firefox/firefox.sh' is not an ELF object" 
         not a plugin
QFactoryLoader::QFactoryLoader() looking at "/usr/bin/x11perf"
"Failed to extract plugin meta data from '/usr/bin/x11perf'" 
         not a plugin
QFactoryLoader::QFactoryLoader() looking at "/usr/bin/x11perfcomp"
QElfParser: '/usr/bin/x11perfcomp' is not an ELF object
"'/usr/bin/x11perfcomp' is not an ELF object" 
         not a plugin
QFactoryLoader::QFactoryLoader() looking at "/usr/bin/x11vnc"
"Failed to extract plugin meta data from '/usr/bin/x11vnc'" 
         not a plugin
QFactoryLoader::QFactoryLoader() looking at "/usr/bin/xargs"
"Failed to extract plugin meta data from '/usr/bin/xargs'" 
         not a plugin
QFactoryLoader::QFactoryLoader() looking at "/usr/bin/xauth"
"Failed to extract plugin meta data from '/usr/bin/xauth'" 
         not a plugin
QFactoryLoader::QFactoryLoader() looking at "/usr/bin/xbiff"
"Failed to extract plugin meta data from '/usr/bin/xbiff'" 
         not a plugin
QFactoryLoader::QFactoryLoader() looking at "/usr/bin/xbrlapi"
"Failed to extract plugin meta data from '/usr/bin/xbrlapi'" 
         not a plugin
QFactoryLoader::QFactoryLoader() looking at "/usr/bin/xcalc"
"Failed to extract plugin meta data from '/usr/bin/xcalc'" 
         not a plugin
QFactoryLoader::QFactoryLoader() looking at "/usr/bin/xclipboard"
"Failed to extract plugin meta data from '/usr/bin/xclipboard'" 
         not a plugin
QFactoryLoader::QFactoryLoader() looking at "/usr/bin/xclock"
"Failed to extract plugin meta data from '/usr/bin/xclock'" 
         not a plugin
QFactoryLoader::QFactoryLoader() looking at "/usr/bin/xcmsdb"
"Failed to extract plugin meta data from '/usr/bin/xcmsdb'" 
         not a plugin
QFactoryLoader::QFactoryLoader() looking at "/usr/bin/xconsole"
"Failed to extract plugin meta data from '/usr/bin/xconsole'" 
         not a plugin
QFactoryLoader::QFactoryLoader() looking at "/usr/bin/xcursorgen"
"Failed to extract plugin meta data from '/usr/bin/xcursorgen'" 
         not a plugin
QFactoryLoader::QFactoryLoader() looking at "/usr/bin/xcutsel"
"Failed to extract plugin meta data from '/usr/bin/xcutsel'" 
         not a plugin
QFactoryLoader::QFactoryLoader() looking at "/usr/bin/xdg-dbus-proxy"
"Failed to extract plugin meta data from '/usr/bin/xdg-dbus-proxy'" 
         not a plugin
QFactoryLoader::QFactoryLoader() looking at "/usr/bin/xdg-desktop-icon"
QElfParser: '/usr/bin/xdg-desktop-icon' is not an ELF object
"'/usr/bin/xdg-desktop-icon' is not an ELF object" 
         not a plugin
QFactoryLoader::QFactoryLoader() looking at "/usr/bin/xdg-desktop-menu"
QElfParser: '/usr/bin/xdg-desktop-menu' is not an ELF object
"'/usr/bin/xdg-desktop-menu' is not an ELF object" 
         not a plugin
QFactoryLoader::QFactoryLoader() looking at "/usr/bin/xdg-email"
QElfParser: '/usr/bin/xdg-email' is not an ELF object
"'/usr/bin/xdg-email' is not an ELF object" 
         not a plugin
QFactoryLoader::QFactoryLoader() looking at "/usr/bin/xdg-icon-resource"
QElfParser: '/usr/bin/xdg-icon-resource' is not an ELF object
"'/usr/bin/xdg-icon-resource' is not an ELF object" 
         not a plugin
QFactoryLoader::QFactoryLoader() looking at "/usr/bin/xdg-mime"
QElfParser: '/usr/bin/xdg-mime' is not an ELF object
"'/usr/bin/xdg-mime' is not an ELF object" 
         not a plugin
QFactoryLoader::QFactoryLoader() looking at "/usr/bin/xdg-open"
QElfParser: '/usr/bin/xdg-open' is not an ELF object
"'/usr/bin/xdg-open' is not an ELF object" 
         not a plugin
QFactoryLoader::QFactoryLoader() looking at "/usr/bin/xdg-screensaver"
QElfParser: '/usr/bin/xdg-screensaver' is not an ELF object
"'/usr/bin/xdg-screensaver' is not an ELF object" 
         not a plugin
QFactoryLoader::QFactoryLoader() looking at "/usr/bin/xdg-settings"
QElfParser: '/usr/bin/xdg-settings' is not an ELF object
"'/usr/bin/xdg-settings' is not an ELF object" 
         not a plugin
QFactoryLoader::QFactoryLoader() looking at "/usr/bin/xdg-user-dir"
QElfParser: '/usr/bin/xdg-user-dir' is not an ELF object
"'/usr/bin/xdg-user-dir' is not an ELF object" 
         not a plugin
QFactoryLoader::QFactoryLoader() looking at "/usr/bin/xdg-user-dirs-gtk-update"
"Failed to extract plugin meta data from '/usr/bin/xdg-user-dirs-gtk-update'" 
         not a plugin
QFactoryLoader::QFactoryLoader() looking at "/usr/bin/xdg-user-dirs-update"
"Failed to extract plugin meta data from '/usr/bin/xdg-user-dirs-update'" 
         not a plugin
QFactoryLoader::QFactoryLoader() looking at "/usr/bin/xditview"
"Failed to extract plugin meta data from '/usr/bin/xditview'" 
         not a plugin
QFactoryLoader::QFactoryLoader() looking at "/usr/bin/xdpyinfo"
"Failed to extract plugin meta data from '/usr/bin/xdpyinfo'" 
         not a plugin
QFactoryLoader::QFactoryLoader() looking at "/usr/bin/xdriinfo"
"Failed to extract plugin meta data from '/usr/bin/xdriinfo'" 
         not a plugin
QFactoryLoader::QFactoryLoader() looking at "/usr/bin/Xdummy"
QElfParser: '/usr/bin/Xdummy' is not an ELF object
"'/usr/bin/Xdummy' is not an ELF object" 
         not a plugin
QFactoryLoader::QFactoryLoader() looking at "/usr/bin/xedit"
"Failed to extract plugin meta data from '/usr/bin/xedit'" 
         not a plugin
QFactoryLoader::QFactoryLoader() looking at "/usr/bin/Xephyr"
"Failed to extract plugin meta data from '/usr/bin/Xephyr'" 
         not a plugin
QFactoryLoader::QFactoryLoader() looking at "/usr/bin/xev"
"Failed to extract plugin meta data from '/usr/bin/xev'" 
         not a plugin
QFactoryLoader::QFactoryLoader() looking at "/usr/bin/xeyes"
"Failed to extract plugin meta data from '/usr/bin/xeyes'" 
         not a plugin
QFactoryLoader::QFactoryLoader() looking at "/usr/bin/xfd"
"Failed to extract plugin meta data from '/usr/bin/xfd'" 
         not a plugin
QFactoryLoader::QFactoryLoader() looking at "/usr/bin/xfontsel"
"Failed to extract plugin meta data from '/usr/bin/xfontsel'" 
         not a plugin
QFactoryLoader::QFactoryLoader() looking at "/usr/bin/xgamma"
"Failed to extract plugin meta data from '/usr/bin/xgamma'" 
         not a plugin
QFactoryLoader::QFactoryLoader() looking at "/usr/bin/xgc"
"Failed to extract plugin meta data from '/usr/bin/xgc'" 
         not a plugin
QFactoryLoader::QFactoryLoader() looking at "/usr/bin/xhost"
"Failed to extract plugin meta data from '/usr/bin/xhost'" 
         not a plugin
QFactoryLoader::QFactoryLoader() looking at "/usr/bin/xinit"
"Failed to extract plugin meta data from '/usr/bin/xinit'" 
         not a plugin
QFactoryLoader::QFactoryLoader() looking at "/usr/bin/xinput"
"Failed to extract plugin meta data from '/usr/bin/xinput'" 
         not a plugin
QFactoryLoader::QFactoryLoader() looking at "/usr/bin/xkbbell"
"Failed to extract plugin meta data from '/usr/bin/xkbbell'" 
         not a plugin
QFactoryLoader::QFactoryLoader() looking at "/usr/bin/xkbcomp"
"Failed to extract plugin meta data from '/usr/bin/xkbcomp'" 
         not a plugin
QFactoryLoader::QFactoryLoader() looking at "/usr/bin/xkbevd"
"Failed to extract plugin meta data from '/usr/bin/xkbevd'" 
         not a plugin
QFactoryLoader::QFactoryLoader() looking at "/usr/bin/xkbprint"
"Failed to extract plugin meta data from '/usr/bin/xkbprint'" 
         not a plugin
QFactoryLoader::QFactoryLoader() looking at "/usr/bin/xkbvleds"
"Failed to extract plugin meta data from '/usr/bin/xkbvleds'" 
         not a plugin
QFactoryLoader::QFactoryLoader() looking at "/usr/bin/xkbwatch"
"Failed to extract plugin meta data from '/usr/bin/xkbwatch'" 
         not a plugin
QFactoryLoader::QFactoryLoader() looking at "/usr/bin/xkeystone"
QElfParser: '/usr/bin/xkeystone' is not an ELF object
"'/usr/bin/xkeystone' is not an ELF object" 
         not a plugin
QFactoryLoader::QFactoryLoader() looking at "/usr/bin/xkill"
"Failed to extract plugin meta data from '/usr/bin/xkill'" 
         not a plugin
QFactoryLoader::QFactoryLoader() looking at "/usr/bin/xload"
"Failed to extract plugin meta data from '/usr/bin/xload'" 
         not a plugin
QFactoryLoader::QFactoryLoader() looking at "/usr/bin/xloadimage"
"Failed to extract plugin meta data from '/usr/bin/xloadimage'" 
         not a plugin
QFactoryLoader::QFactoryLoader() looking at "/usr/bin/xlogo"
"Failed to extract plugin meta data from '/usr/bin/xlogo'" 
         not a plugin
QFactoryLoader::QFactoryLoader() looking at "/usr/bin/xlsatoms"
"Failed to extract plugin meta data from '/usr/bin/xlsatoms'" 
         not a plugin
QFactoryLoader::QFactoryLoader() looking at "/usr/bin/xlsclients"
"Failed to extract plugin meta data from '/usr/bin/xlsclients'" 
         not a plugin
QFactoryLoader::QFactoryLoader() looking at "/usr/bin/xlsfonts"
"Failed to extract plugin meta data from '/usr/bin/xlsfonts'" 
         not a plugin
QFactoryLoader::QFactoryLoader() looking at "/usr/bin/xmag"
"Failed to extract plugin meta data from '/usr/bin/xmag'" 
         not a plugin
QFactoryLoader::QFactoryLoader() looking at "/usr/bin/xman"
"Failed to extract plugin meta data from '/usr/bin/xman'" 
         not a plugin
QFactoryLoader::QFactoryLoader() looking at "/usr/bin/xmessage"
"Failed to extract plugin meta data from '/usr/bin/xmessage'" 
         not a plugin
QFactoryLoader::QFactoryLoader() looking at "/usr/bin/xml2-config"
QElfParser: '/usr/bin/xml2-config' is not an ELF object
"'/usr/bin/xml2-config' is not an ELF object" 
         not a plugin
QFactoryLoader::QFactoryLoader() looking at "/usr/bin/xmlpatterns"
"Failed to extract plugin meta data from '/usr/bin/qtchooser'" 
         not a plugin
QFactoryLoader::QFactoryLoader() looking at "/usr/bin/xmlpatternsvalidator"
"Failed to extract plugin meta data from '/usr/bin/qtchooser'" 
         not a plugin
QFactoryLoader::QFactoryLoader() looking at "/usr/bin/xmodmap"
"Failed to extract plugin meta data from '/usr/bin/xmodmap'" 
         not a plugin
QFactoryLoader::QFactoryLoader() looking at "/usr/bin/xmore"
"Failed to extract plugin meta data from '/usr/bin/xmore'" 
         not a plugin
QFactoryLoader::QFactoryLoader() looking at "/usr/bin/Xorg"
QElfParser: '/usr/bin/Xorg' is not an ELF object
"'/usr/bin/Xorg' is not an ELF object" 
         not a plugin
QFactoryLoader::QFactoryLoader() looking at "/usr/bin/xprop"
"Failed to extract plugin meta data from '/usr/bin/xprop'" 
         not a plugin
QFactoryLoader::QFactoryLoader() looking at "/usr/bin/xrandr"
"Failed to extract plugin meta data from '/usr/bin/xrandr'" 
         not a plugin
QFactoryLoader::QFactoryLoader() looking at "/usr/bin/xrdb"
"Failed to extract plugin meta data from '/usr/bin/xrdb'" 
         not a plugin
QFactoryLoader::QFactoryLoader() looking at "/usr/bin/xrefresh"
"Failed to extract plugin meta data from '/usr/bin/xrefresh'" 
         not a plugin
QFactoryLoader::QFactoryLoader() looking at "/usr/bin/xset"
"Failed to extract plugin meta data from '/usr/bin/xset'" 
         not a plugin
QFactoryLoader::QFactoryLoader() looking at "/usr/bin/xsetbg"
"Failed to extract plugin meta data from '/usr/bin/xloadimage'" 
         not a plugin
QFactoryLoader::QFactoryLoader() looking at "/usr/bin/xsetmode"
"Failed to extract plugin meta data from '/usr/bin/xsetmode'" 
         not a plugin
QFactoryLoader::QFactoryLoader() looking at "/usr/bin/xsetpointer"
"Failed to extract plugin meta data from '/usr/bin/xsetpointer'" 
         not a plugin
QFactoryLoader::QFactoryLoader() looking at "/usr/bin/xsetroot"
"Failed to extract plugin meta data from '/usr/bin/xsetroot'" 
         not a plugin
QFactoryLoader::QFactoryLoader() looking at "/usr/bin/xsetwacom"
"Failed to extract plugin meta data from '/usr/bin/xsetwacom'" 
         not a plugin
QFactoryLoader::QFactoryLoader() looking at "/usr/bin/xsm"
"Failed to extract plugin meta data from '/usr/bin/xsm'" 
         not a plugin
QFactoryLoader::QFactoryLoader() looking at "/usr/bin/xstdcmap"
"Failed to extract plugin meta data from '/usr/bin/xstdcmap'" 
         not a plugin
QFactoryLoader::QFactoryLoader() looking at "/usr/bin/xsubpp"
QElfParser: '/usr/bin/xsubpp' is not an ELF object
"'/usr/bin/xsubpp' is not an ELF object" 
         not a plugin
QFactoryLoader::QFactoryLoader() looking at "/usr/bin/xterm"
"Failed to extract plugin meta data from '/usr/bin/xterm'" 
         not a plugin
QFactoryLoader::QFactoryLoader() looking at "/usr/bin/xtest"
"Failed to extract plugin meta data from '/usr/bin/xtest'" 
         not a plugin
QFactoryLoader::QFactoryLoader() looking at "/usr/bin/Xvfb"
"Failed to extract plugin meta data from '/usr/bin/Xvfb'" 
         not a plugin
QFactoryLoader::QFactoryLoader() looking at "/usr/bin/xvfb-run"
QElfParser: '/usr/bin/xvfb-run' is not an ELF object
"'/usr/bin/xvfb-run' is not an ELF object" 
         not a plugin
QFactoryLoader::QFactoryLoader() looking at "/usr/bin/xvidtune"
"Failed to extract plugin meta data from '/usr/bin/xvidtune'" 
         not a plugin
QFactoryLoader::QFactoryLoader() looking at "/usr/bin/xview"
"Failed to extract plugin meta data from '/usr/bin/xloadimage'" 
         not a plugin
QFactoryLoader::QFactoryLoader() looking at "/usr/bin/xvinfo"
"Failed to extract plugin meta data from '/usr/bin/xvinfo'" 
         not a plugin
QFactoryLoader::QFactoryLoader() looking at "/usr/bin/Xwayland"
"Failed to extract plugin meta data from '/usr/bin/Xwayland'" 
         not a plugin
QFactoryLoader::QFactoryLoader() looking at "/usr/bin/xwd"
"Failed to extract plugin meta data from '/usr/bin/xwd'" 
         not a plugin
QFactoryLoader::QFactoryLoader() looking at "/usr/bin/xwininfo"
"Failed to extract plugin meta data from '/usr/bin/xwininfo'" 
         not a plugin
QFactoryLoader::QFactoryLoader() looking at "/usr/bin/xwud"
"Failed to extract plugin meta data from '/usr/bin/xwud'" 
         not a plugin
QFactoryLoader::QFactoryLoader() looking at "/usr/bin/xxd"
"Failed to extract plugin meta data from '/usr/bin/xxd'" 
         not a plugin
QFactoryLoader::QFactoryLoader() looking at "/usr/bin/xz"
"Failed to extract plugin meta data from '/usr/bin/xz'" 
         not a plugin
QFactoryLoader::QFactoryLoader() looking at "/usr/bin/xzcat"
"Failed to extract plugin meta data from '/usr/bin/xz'" 
         not a plugin
QFactoryLoader::QFactoryLoader() looking at "/usr/bin/xzcmp"
QElfParser: '/usr/bin/xzdiff' is not an ELF object
"'/usr/bin/xzdiff' is not an ELF object" 
         not a plugin
QFactoryLoader::QFactoryLoader() looking at "/usr/bin/xzdiff"
QElfParser: '/usr/bin/xzdiff' is not an ELF object
"'/usr/bin/xzdiff' is not an ELF object" 
         not a plugin
QFactoryLoader::QFactoryLoader() looking at "/usr/bin/xzegrep"
QElfParser: '/usr/bin/xzgrep' is not an ELF object
"'/usr/bin/xzgrep' is not an ELF object" 
         not a plugin
QFactoryLoader::QFactoryLoader() looking at "/usr/bin/xzfgrep"
QElfParser: '/usr/bin/xzgrep' is not an ELF object
"'/usr/bin/xzgrep' is not an ELF object" 
         not a plugin
QFactoryLoader::QFactoryLoader() looking at "/usr/bin/xzgrep"
QElfParser: '/usr/bin/xzgrep' is not an ELF object
"'/usr/bin/xzgrep' is not an ELF object" 
         not a plugin
QFactoryLoader::QFactoryLoader() looking at "/usr/bin/xzless"
QElfParser: '/usr/bin/xzless' is not an ELF object
"'/usr/bin/xzless' is not an ELF object" 
         not a plugin
QFactoryLoader::QFactoryLoader() looking at "/usr/bin/xzmore"
QElfParser: '/usr/bin/xzmore' is not an ELF object
"'/usr/bin/xzmore' is not an ELF object" 
         not a plugin
QFactoryLoader::QFactoryLoader() looking at "/usr/bin/yacc"
QElfParser: '/usr/bin/bison.yacc' is not an ELF object
"'/usr/bin/bison.yacc' is not an ELF object" 
         not a plugin
QFactoryLoader::QFactoryLoader() looking at "/usr/bin/yelp"
"Failed to extract plugin meta data from '/usr/bin/yelp'" 
         not a plugin
QFactoryLoader::QFactoryLoader() looking at "/usr/bin/yes"
"Failed to extract plugin meta data from '/usr/bin/yes'" 
         not a plugin
QFactoryLoader::QFactoryLoader() looking at "/usr/bin/ypdomainname"
"Failed to extract plugin meta data from '/usr/bin/hostname'" 
         not a plugin
QFactoryLoader::QFactoryLoader() looking at "/usr/bin/zcat"
QElfParser: '/usr/bin/zcat' is not an ELF object
"'/usr/bin/zcat' is not an ELF object" 
         not a plugin
QFactoryLoader::QFactoryLoader() looking at "/usr/bin/zcmp"
QElfParser: '/usr/bin/zcmp' is not an ELF object
"'/usr/bin/zcmp' is not an ELF object" 
         not a plugin
QFactoryLoader::QFactoryLoader() looking at "/usr/bin/zdiff"
QElfParser: '/usr/bin/zdiff' is not an ELF object
"'/usr/bin/zdiff' is not an ELF object" 
         not a plugin
QFactoryLoader::QFactoryLoader() looking at "/usr/bin/zdump"
"Failed to extract plugin meta data from '/usr/bin/zdump'" 
         not a plugin
QFactoryLoader::QFactoryLoader() looking at "/usr/bin/zegrep"
QElfParser: '/usr/bin/zegrep' is not an ELF object (file too small)
"'/usr/bin/zegrep' is not an ELF object (file too small)" 
         not a plugin
QFactoryLoader::QFactoryLoader() looking at "/usr/bin/zenity"
"Failed to extract plugin meta data from '/usr/bin/zenity'" 
         not a plugin
QFactoryLoader::QFactoryLoader() looking at "/usr/bin/zfgrep"
QElfParser: '/usr/bin/zfgrep' is not an ELF object (file too small)
"'/usr/bin/zfgrep' is not an ELF object (file too small)" 
         not a plugin
QFactoryLoader::QFactoryLoader() looking at "/usr/bin/zforce"
QElfParser: '/usr/bin/zforce' is not an ELF object
"'/usr/bin/zforce' is not an ELF object" 
         not a plugin
QFactoryLoader::QFactoryLoader() looking at "/usr/bin/zgrep"
QElfParser: '/usr/bin/zgrep' is not an ELF object
"'/usr/bin/zgrep' is not an ELF object" 
         not a plugin
QFactoryLoader::QFactoryLoader() looking at "/usr/bin/zip"
"Failed to extract plugin meta data from '/usr/bin/zip'" 
         not a plugin
QFactoryLoader::QFactoryLoader() looking at "/usr/bin/zipcloak"
"Failed to extract plugin meta data from '/usr/bin/zipcloak'" 
         not a plugin
QFactoryLoader::QFactoryLoader() looking at "/usr/bin/zipdetails"
QElfParser: '/usr/bin/zipdetails' is not an ELF object
"'/usr/bin/zipdetails' is not an ELF object" 
         not a plugin
QFactoryLoader::QFactoryLoader() looking at "/usr/bin/zipgrep"
QElfParser: '/usr/bin/zipgrep' is not an ELF object
"'/usr/bin/zipgrep' is not an ELF object" 
         not a plugin
QFactoryLoader::QFactoryLoader() looking at "/usr/bin/zipinfo"
"Failed to extract plugin meta data from '/usr/bin/zipinfo'" 
         not a plugin
QFactoryLoader::QFactoryLoader() looking at "/usr/bin/zipnote"
"Failed to extract plugin meta data from '/usr/bin/zipnote'" 
         not a plugin
QFactoryLoader::QFactoryLoader() looking at "/usr/bin/zipsplit"
"Failed to extract plugin meta data from '/usr/bin/zipsplit'" 
         not a plugin
QFactoryLoader::QFactoryLoader() looking at "/usr/bin/zless"
QElfParser: '/usr/bin/zless' is not an ELF object
"'/usr/bin/zless' is not an ELF object" 
         not a plugin
QFactoryLoader::QFactoryLoader() looking at "/usr/bin/zmore"
QElfParser: '/usr/bin/zmore' is not an ELF object
"'/usr/bin/zmore' is not an ELF object" 
         not a plugin
QFactoryLoader::QFactoryLoader() looking at "/usr/bin/znew"
QElfParser: '/usr/bin/znew' is not an ELF object
"'/usr/bin/znew' is not an ELF object" 
         not a plugin
QFactoryLoader::QFactoryLoader() checking directory path "/home/aharonijetson1/Desktop/imaan-dev/STIMViewer/venv/lib/python3.8/site-packages/cv2/qt/plugins/platformthemes" ...
QFactoryLoader::QFactoryLoader() checking directory path "/usr/lib/aarch64-linux-gnu/qt5/plugins/platformthemes" ...
QFactoryLoader::QFactoryLoader() looking at "/usr/lib/aarch64-linux-gnu/qt5/plugins/platformthemes/libqgtk3.so"
Found metadata in lib /usr/lib/aarch64-linux-gnu/qt5/plugins/platformthemes/libqgtk3.so, metadata=
{
    "IID": "org.qt-project.Qt.QPA.QPlatformThemeFactoryInterface.5.1",
    "MetaData": {
        "Keys": [
            "gtk3"
        ]
    },
    "archreq": 0,
    "className": "QGtk3ThemePlugin",
    "debug": false,
    "version": 330752
}


Got keys from plugin meta data ("gtk3")
QFactoryLoader::QFactoryLoader() checking directory path "/usr/bin/platformthemes" ...
loaded library "/usr/lib/aarch64-linux-gnu/qt5/plugins/platformthemes/libqgtk3.so"
QFactoryLoader::QFactoryLoader() checking directory path "/home/aharonijetson1/Desktop/imaan-dev/STIMViewer/venv/lib/python3.8/site-packages/cv2/qt/plugins/platforminputcontexts" ...
QFactoryLoader::QFactoryLoader() checking directory path "/usr/lib/aarch64-linux-gnu/qt5/plugins/platforminputcontexts" ...
QFactoryLoader::QFactoryLoader() looking at "/usr/lib/aarch64-linux-gnu/qt5/plugins/platforminputcontexts/libcomposeplatforminputcontextplugin.so"
Found metadata in lib /usr/lib/aarch64-linux-gnu/qt5/plugins/platforminputcontexts/libcomposeplatforminputcontextplugin.so, metadata=
{
    "IID": "org.qt-project.Qt.QPlatformInputContextFactoryInterface.5.1",
    "MetaData": {
        "Keys": [
            "compose",
            "xim"
        ]
    },
    "archreq": 0,
    "className": "QComposePlatformInputContextPlugin",
    "debug": false,
    "version": 330752
}


Got keys from plugin meta data ("compose", "xim")
QFactoryLoader::QFactoryLoader() looking at "/usr/lib/aarch64-linux-gnu/qt5/plugins/platforminputcontexts/libibusplatforminputcontextplugin.so"
Found metadata in lib /usr/lib/aarch64-linux-gnu/qt5/plugins/platforminputcontexts/libibusplatforminputcontextplugin.so, metadata=
{
    "IID": "org.qt-project.Qt.QPlatformInputContextFactoryInterface.5.1",
    "MetaData": {
        "Keys": [
            "ibus"
        ]
    },
    "archreq": 0,
    "className": "QIbusPlatformInputContextPlugin",
    "debug": false,
    "version": 330752
}


Got keys from plugin meta data ("ibus")
QFactoryLoader::QFactoryLoader() checking directory path "/usr/bin/platforminputcontexts" ...
loaded library "/usr/lib/aarch64-linux-gnu/qt5/plugins/platforminputcontexts/libibusplatforminputcontextplugin.so"
QFactoryLoader::QFactoryLoader() checking directory path "/home/aharonijetson1/Desktop/imaan-dev/STIMViewer/venv/lib/python3.8/site-packages/cv2/qt/plugins/xcbglintegrations" ...
QFactoryLoader::QFactoryLoader() checking directory path "/usr/lib/aarch64-linux-gnu/qt5/plugins/xcbglintegrations" ...
QFactoryLoader::QFactoryLoader() looking at "/usr/lib/aarch64-linux-gnu/qt5/plugins/xcbglintegrations/libqxcb-egl-integration.so"
Found metadata in lib /usr/lib/aarch64-linux-gnu/qt5/plugins/xcbglintegrations/libqxcb-egl-integration.so, metadata=
{
    "IID": "org.qt-project.Qt.QPA.Xcb.QXcbGlIntegrationFactoryInterface.5.5",
    "MetaData": {
        "Keys": [
            "xcb_egl"
        ]
    },
    "archreq": 0,
    "className": "QXcbEglIntegrationPlugin",
    "debug": false,
    "version": 330752
}


Got keys from plugin meta data ("xcb_egl")
QFactoryLoader::QFactoryLoader() looking at "/usr/lib/aarch64-linux-gnu/qt5/plugins/xcbglintegrations/libqxcb-glx-integration.so"
Found metadata in lib /usr/lib/aarch64-linux-gnu/qt5/plugins/xcbglintegrations/libqxcb-glx-integration.so, metadata=
{
    "IID": "org.qt-project.Qt.QPA.Xcb.QXcbGlIntegrationFactoryInterface.5.5",
    "MetaData": {
        "Keys": [
            "xcb_glx"
        ]
    },
    "archreq": 0,
    "className": "QXcbGlxIntegrationPlugin",
    "debug": false,
    "version": 330752
}


Got keys from plugin meta data ("xcb_glx")
QFactoryLoader::QFactoryLoader() checking directory path "/usr/bin/xcbglintegrations" ...
loaded library "/usr/lib/aarch64-linux-gnu/qt5/plugins/xcbglintegrations/libqxcb-glx-integration.so"
QFactoryLoader::QFactoryLoader() checking directory path "/home/aharonijetson1/Desktop/imaan-dev/STIMViewer/venv/lib/python3.8/site-packages/cv2/qt/plugins/styles" ...
QFactoryLoader::QFactoryLoader() checking directory path "/usr/lib/aarch64-linux-gnu/qt5/plugins/styles" ...
QFactoryLoader::QFactoryLoader() checking directory path "/usr/bin/styles" ...
QFactoryLoader::QFactoryLoader() checking directory path "/home/aharonijetson1/Desktop/imaan-dev/STIMViewer/venv/lib/python3.8/site-packages/cv2/qt/plugins/imageformats" ...
QFactoryLoader::QFactoryLoader() checking directory path "/usr/lib/aarch64-linux-gnu/qt5/plugins/imageformats" ...
QFactoryLoader::QFactoryLoader() looking at "/usr/lib/aarch64-linux-gnu/qt5/plugins/imageformats/libqgif.so"
Found metadata in lib /usr/lib/aarch64-linux-gnu/qt5/plugins/imageformats/libqgif.so, metadata=
{
    "IID": "org.qt-project.Qt.QImageIOHandlerFactoryInterface",
    "MetaData": {
        "Keys": [
            "gif"
        ],
        "MimeTypes": [
            "image/gif"
        ]
    },
    "archreq": 0,
    "className": "QGifPlugin",
    "debug": false,
    "version": 330752
}


Got keys from plugin meta data ("gif")
QFactoryLoader::QFactoryLoader() looking at "/usr/lib/aarch64-linux-gnu/qt5/plugins/imageformats/libqico.so"
Found metadata in lib /usr/lib/aarch64-linux-gnu/qt5/plugins/imageformats/libqico.so, metadata=
{
    "IID": "org.qt-project.Qt.QImageIOHandlerFactoryInterface",
    "MetaData": {
        "Keys": [
            "ico",
            "cur"
        ],
        "MimeTypes": [
            "image/vnd.microsoft.icon",
            "image/vnd.microsoft.icon"
        ]
    },
    "archreq": 0,
    "className": "QICOPlugin",
    "debug": false,
    "version": 330752
}


Got keys from plugin meta data ("ico", "cur")
QFactoryLoader::QFactoryLoader() looking at "/usr/lib/aarch64-linux-gnu/qt5/plugins/imageformats/libqjpeg.so"
Found metadata in lib /usr/lib/aarch64-linux-gnu/qt5/plugins/imageformats/libqjpeg.so, metadata=
{
    "IID": "org.qt-project.Qt.QImageIOHandlerFactoryInterface",
    "MetaData": {
        "Keys": [
            "jpg",
            "jpeg"
        ],
        "MimeTypes": [
            "image/jpeg",
            "image/jpeg"
        ]
    },
    "archreq": 0,
    "className": "QJpegPlugin",
    "debug": false,
    "version": 330752
}


Got keys from plugin meta data ("jpg", "jpeg")
QFactoryLoader::QFactoryLoader() looking at "/usr/lib/aarch64-linux-gnu/qt5/plugins/imageformats/libqsvg.so"
Found metadata in lib /usr/lib/aarch64-linux-gnu/qt5/plugins/imageformats/libqsvg.so, metadata=
{
    "IID": "org.qt-project.Qt.QImageIOHandlerFactoryInterface",
    "MetaData": {
        "Keys": [
            "svg",
            "svgz"
        ],
        "MimeTypes": [
            "image/svg+xml",
            "image/svg+xml-compressed"
        ]
    },
    "archreq": 0,
    "className": "QSvgPlugin",
    "debug": false,
    "version": 330752
}


Got keys from plugin meta data ("svg", "svgz")
QFactoryLoader::QFactoryLoader() checking directory path "/usr/bin/imageformats" ...
loaded library "/usr/lib/aarch64-linux-gnu/qt5/plugins/imageformats/libqgif.so"
loaded library "/usr/lib/aarch64-linux-gnu/qt5/plugins/imageformats/libqico.so"
loaded library "/usr/lib/aarch64-linux-gnu/qt5/plugins/imageformats/libqjpeg.so"
loaded library "/usr/lib/aarch64-linux-gnu/qt5/plugins/imageformats/libqsvg.so"
QFactoryLoader::QFactoryLoader() checking directory path "/home/aharonijetson1/Desktop/imaan-dev/STIMViewer/venv/lib/python3.8/site-packages/cv2/qt/plugins/iconengines" ...
QFactoryLoader::QFactoryLoader() checking directory path "/usr/lib/aarch64-linux-gnu/qt5/plugins/iconengines" ...
QFactoryLoader::QFactoryLoader() looking at "/usr/lib/aarch64-linux-gnu/qt5/plugins/iconengines/libqsvgicon.so"
Found metadata in lib /usr/lib/aarch64-linux-gnu/qt5/plugins/iconengines/libqsvgicon.so, metadata=
{
    "IID": "org.qt-project.Qt.QIconEngineFactoryInterface",
    "MetaData": {
        "Keys": [
            "svg",
            "svgz",
            "svg.gz"
        ]
    },
    "archreq": 0,
    "className": "QSvgIconPlugin",
    "debug": false,
    "version": 330752
}


Got keys from plugin meta data ("svg", "svgz", "svg.gz")
QFactoryLoader::QFactoryLoader() checking directory path "/usr/bin/iconengines" ...
QFactoryLoader::QFactoryLoader() checking directory path "/home/aharonijetson1/Desktop/imaan-dev/STIMViewer/venv/lib/python3.8/site-packages/cv2/qt/plugins/accessible" ...
QFactoryLoader::QFactoryLoader() checking directory path "/usr/lib/aarch64-linux-gnu/qt5/plugins/accessible" ...
QFactoryLoader::QFactoryLoader() checking directory path "/usr/bin/accessible" ...
QFactoryLoader::QFactoryLoader() checking directory path "/home/aharonijetson1/Desktop/imaan-dev/STIMViewer/venv/lib/python3.8/site-packages/cv2/qt/plugins/accessiblebridge" ...
QFactoryLoader::QFactoryLoader() checking directory path "/usr/lib/aarch64-linux-gnu/qt5/plugins/accessiblebridge" ...
QFactoryLoader::QFactoryLoader() checking directory path "/usr/bin/accessiblebridge" ...
/home/aharonijetson1/Desktop/imaan-dev/STIMViewer/venv/lib/python3.8/site-packages/pyqtgraph/colors/palette.py:1: RuntimeWarning: PyQtGraph supports Qt version >= 5.15, but 5.12.8 detected.
  from ..Qt import QtGui
WARNING: loaded library "/usr/lib/aarch64-linux-gnu/qt5/plugins/iconengines/libqsvgicon.so"
/home/aharonijetson1/Desktop/imaan-dev/STIMViewer/roi_editor.py:55: FutureWarning: Public access to Window.qt_viewer is deprecated and will be removed in
v0.6.0. It is considered an "implementation detail" of the napari
application, not part of the napari viewer model. If your use case
requires access to qt_viewer, please open an issue to discuss.
  qt_canvas = viewer.window.qt_viewer.canvas
Acquisition frame rate set to 60 FPS
Allocated buffers, finished opening device
>> now in start_interface(), about to exec()
Wrote movie_mmap.npy → shape (1000, 512, 512)
(1000, 512, 512)
Denoise+threshold+split took 37.6 ms (CPU)
test
unique IDs now: [ 0  1  2  3  4  5  6  7  8  9 10 11 12 13 14 15 16 17 18 19]
passed napari current
passed viewer add image
passed viewer add labels
passed viewer add labels
passed viewer add labels
Exception (main): create_custom_registration_image() missing 4 required positional arguments: 'width', 'height', 'line_color', and 'fill_color'
Closed RT Acq
